timestamp,steam_meter,temp_c,filled
2016-01-01 00:00:00,1668.0,-1.0,0
2016-01-01 01:00:00,1576.5,-1.0,0
2016-01-01 02:00:00,1604.8,-1.0,0
2016-01-01 03:00:00,1659.1,-1.0,0
2016-01-01 04:00:00,1564.1,-1.0,0
2016-01-01 05:00:00,1654.5,-1.0,0
2016-01-01 06:00:00,1671.8,-1.0,0
2016-01-01 07:00:00,1798.9,-1.0,0
2016-01-01 08:00:00,1939.3,-1.0,0
2016-01-01 09:00:00,1935.7,-1.0,0
2016-01-01 10:00:00,2013.1,-1.0,0
2016-01-01 11:00:00,1816.2,-1.0,0
2016-01-01 12:00:00,1857.6,-1.0,0
2016-01-01 13:00:00,1853.3,-1.0,0
2016-01-01 14:00:00,1815.1,0.0,0
2016-01-01 15:00:00,1924.1,-1.5,0
2016-01-01 16:00:00,2089.9,-3.0,0
2016-01-01 17:00:00,2028.0,-3.0,0
2016-01-01 18:00:00,2045.4,-3.0,0
2016-01-01 19:00:00,2109.5,-3.0,0
2016-01-01 20:00:00,2096.7,-3.0,0
2016-01-01 21:00:00,2142.3,-4.0,0
2016-01-01 22:00:00,2186.5,-4.0,0
2016-01-01 23:00:00,2096.3,-3.9,0
2016-01-02 00:00:00,1989.2,-3.8,0
2016-01-02 01:00:00,1801.5,-3.7,0
2016-01-02 02:00:00,1816.4,-3.6,0
2016-01-02 03:00:00,1829.0,-3.4,0
2016-01-02 04:00:00,1809.0,-3.3,0
2016-01-02 05:00:00,1912.4,-3.2,0
2016-01-02 06:00:00,1984.1,-3.1,0
2016-01-02 07:00:00,2041.7,-3.0,0
2016-01-02 08:00:00,2087.7,-3.0,0
2016-01-02 09:00:00,2087.9,-3.0,0
2016-01-02 10:00:00,2268.2,-3.0,0
2016-01-02 11:00:00,2262.2,-2.0,0
2016-01-02 12:00:00,2036.8,-2.0,0
2016-01-02 13:00:00,1999.2,-2.0,0
2016-01-02 14:00:00,2037.5,-2.0,0
2016-01-02 15:00:00,1984.7,-2.0,0
2016-01-02 16:00:00,1959.0,-2.0,0
2016-01-02 17:00:00,1979.6,-2.0,0
2016-01-02 18:00:00,1979.5,-2.0,0
2016-01-02 19:00:00,1902.7,-1.0,0
2016-01-02 20:00:00,2007.1,-1.0,0
2016-01-02 21:00:00,1885.0,-2.0,0
2016-01-02 22:00:00,1983.2,-2.0,0
2016-01-02 23:00:00,1998.2,-1.8,0
2016-01-03 00:00:00,1853.8,-1.6,0
2016-01-03 01:00:00,1736.4,-1.3,0
2016-01-03 02:00:00,1801.4,-1.1,0
2016-01-03 03:00:00,1689.1,-0.9,0
2016-01-03 04:00:00,1790.0,-0.7,0
2016-01-03 05:00:00,1653.0,-0.4,0
2016-01-03 06:00:00,1837.6,-0.2,0
2016-01-03 07:00:00,1759.3,0.0,0
2016-01-03 08:00:00,1850.3,1.0,0
2016-01-03 09:00:00,1873.0,1.0,0
2016-01-03 10:00:00,1830.2,-1.0,0
2016-01-03 11:00:00,1901.7,-1.0,0
2016-01-03 12:00:00,1823.3,1.0,0
2016-01-03 13:00:00,1786.8,1.0,0
2016-01-03 14:00:00,1775.9,1.0,0
2016-01-03 15:00:00,1696.1,1.0,0
2016-01-03 16:00:00,1779.3,1.0,0
2016-01-03 17:00:00,1819.7,1.0,0
2016-01-03 18:00:00,1924.9,0.0,0
2016-01-03 19:00:00,2077.4,-2.0,0
2016-01-03 20:00:00,2111.9,-3.0,0
2016-01-03 21:00:00,2112.0,-4.0,0
2016-01-03 22:00:00,2265.7,-4.0,0
2016-01-03 23:00:00,2227.3,-4.9,0
2016-01-04 00:00:00,2094.3,-5.8,0
2016-01-04 01:00:00,2136.4,-6.7,0
2016-01-04 02:00:00,2217.1,-7.6,0
2016-01-04 03:00:00,2265.6,-8.4,0
2016-01-04 04:00:00,2296.4,-9.3,0
2016-01-04 05:00:00,2306.9,-10.2,1
2016-01-04 06:00:00,2317.4,-11.1,1
2016-01-04 07:00:00,2327.9,-12.0,1
2016-01-04 08:00:00,2338.4,-12.0,1
2016-01-04 09:00:00,2348.9,-12.0,1
2016-01-04 10:00:00,2359.4,-12.0,1
2016-01-04 11:00:00,2537.7,-13.0,1
2016-01-04 12:00:00,2472.2,-13.0,1
2016-01-04 13:00:00,2538.1,-12.0,1
2016-01-04 14:00:00,2570.3,-13.0,1
2016-01-04 15:00:00,2386.2,-13.0,1
2016-01-04 16:00:00,2509.9,-14.0,1
2016-01-04 17:00:00,2452.7,-14.0,1
2016-01-04 18:00:00,2523.6,-14.0,1
2016-01-04 19:00:00,2482.0,-14.0,1
2016-01-04 20:00:00,2538.3,-14.0,1
2016-01-04 21:00:00,2456.3,-13.0,1
2016-01-04 22:00:00,2488.3,-14.0,1
2016-01-04 23:00:00,2520.3,-14.0,1
2016-01-05 00:00:00,2373.7,-14.0,1
2016-01-05 01:00:00,2335.7,-14.0,1
2016-01-05 02:00:00,2274.5,-14.0,1
2016-01-05 03:00:00,2252.9,-14.0,1
2016-01-05 04:00:00,2319.6,-14.0,1
2016-01-05 05:00:00,2354.0,-14.0,1
2016-01-05 06:00:00,2374.7,-14.0,1
2016-01-05 07:00:00,2585.3,-14.0,1
2016-01-05 08:00:00,2619.9,-15.0,1
2016-01-05 09:00:00,2549.8,-12.0,1
2016-01-05 10:00:00,2374.3,-9.0,1
2016-01-05 11:00:00,2265.1,-8.0,1
2016-01-05 12:00:00,2632.7,-9.0,0
2016-01-05 13:00:00,2573.4,-5.0,0
2016-01-05 14:00:00,2444.2,-5.0,0
2016-01-05 15:00:00,2376.1,-3.0,0
2016-01-05 16:00:00,2392.0,-4.0,0
2016-01-05 17:00:00,2399.8,-6.0,0
2016-01-05 18:00:00,2440.3,-11.0,1
2016-01-05 19:00:00,2480.8,-12.0,1
2016-01-05 20:00:00,2521.2,-13.0,1
2016-01-05 21:00:00,2561.7,-13.0,1
2016-01-05 22:00:00,2602.2,-13.0,0
2016-01-05 23:00:00,2588.9,-13.0,0
2016-01-06 00:00:00,2414.5,-13.0,0
2016-01-06 01:00:00,2362.6,-13.0,0
2016-01-06 02:00:00,2377.9,-13.0,0
2016-01-06 03:00:00,2425.1,-13.0,0
2016-01-06 04:00:00,2357.2,-13.0,0
2016-01-06 05:00:00,2496.4,-13.0,0
2016-01-06 06:00:00,2509.5,-13.0,0
2016-01-06 07:00:00,2774.9,-13.0,0
2016-01-06 08:00:00,2689.3,-12.0,1
2016-01-06 09:00:00,2603.8,-8.0,0
2016-01-06 10:00:00,2404.2,-4.0,0
2016-01-06 11:00:00,2137.5,-2.0,0
2016-01-06 12:00:00,2035.3,1.0,0
2016-01-06 13:00:00,1846.4,2.0,0
2016-01-06 14:00:00,1759.9,2.0,0
2016-01-06 15:00:00,1654.4,2.0,0
2016-01-06 16:00:00,1606.4,2.0,0
2016-01-06 17:00:00,1887.0,0.0,0
2016-01-06 18:00:00,1932.3,-2.0,0
2016-01-06 19:00:00,2039.2,-5.0,0
2016-01-06 20:00:00,2024.6,-7.0,0
2016-01-06 21:00:00,2071.5,-5.0,0
2016-01-06 22:00:00,2024.9,-4.0,0
2016-01-06 23:00:00,2073.3,-4.6,0
2016-01-07 00:00:00,2015.2,-5.1,0
2016-01-07 01:00:00,2139.0,-5.7,0
2016-01-07 02:00:00,2175.8,-6.2,0
2016-01-07 03:00:00,2089.6,-6.8,0
2016-01-07 04:00:00,2214.8,-7.3,0
2016-01-07 05:00:00,2455.8,-7.9,0
2016-01-07 06:00:00,2539.5,-8.4,0
2016-01-07 07:00:00,2561.2,-9.0,1
2016-01-07 08:00:00,2582.9,-8.0,1
2016-01-07 09:00:00,2604.6,-7.0,0
2016-01-07 10:00:00,2328.5,-4.0,0
2016-01-07 11:00:00,1997.5,-1.0,0
2016-01-07 12:00:00,1830.7,2.0,0
2016-01-07 13:00:00,1585.4,4.0,0
2016-01-07 14:00:00,1476.1,5.0,0
2016-01-07 15:00:00,1399.2,6.0,0
2016-01-07 16:00:00,1446.1,4.0,0
2016-01-07 17:00:00,1665.2,1.0,0
2016-01-07 18:00:00,1909.5,-0.7,0
2016-01-07 19:00:00,2065.7,-2.3,0
2016-01-07 20:00:00,2069.2,-4.0,0
2016-01-07 21:00:00,1972.2,-4.0,0
2016-01-07 22:00:00,2219.0,-4.0,0
2016-01-07 23:00:00,2105.6,-4.3,0
2016-01-08 00:00:00,2056.9,-4.7,0
2016-01-08 01:00:00,2035.4,-5.0,0
2016-01-08 02:00:00,2060.7,-5.3,0
2016-01-08 03:00:00,2143.8,-5.7,0
2016-01-08 04:00:00,2121.4,-6.0,0
2016-01-08 05:00:00,2245.0,-6.3,0
2016-01-08 06:00:00,2326.8,-6.7,0
2016-01-08 07:00:00,2341.4,-7.0,1
2016-01-08 08:00:00,2355.9,-7.0,1
2016-01-08 09:00:00,2370.4,-4.0,0
2016-01-08 10:00:00,2160.3,0.0,0
2016-01-08 11:00:00,1785.5,2.0,0
2016-01-08 12:00:00,1709.1,2.0,0
2016-01-08 13:00:00,1861.6,2.0,0
2016-01-08 14:00:00,1889.1,2.0,0
2016-01-08 15:00:00,1708.0,1.7,0
2016-01-08 16:00:00,1720.3,2.2,0
2016-01-08 17:00:00,1662.7,2.2,0
2016-01-08 18:00:00,1696.1,2.2,0
2016-01-08 19:00:00,1695.2,2.2,0
2016-01-08 20:00:00,1682.7,2.8,0
2016-01-08 21:00:00,1626.6,2.8,0
2016-01-08 22:00:00,1663.7,2.8,0
2016-01-08 23:00:00,1546.0,2.8,0
2016-01-09 00:00:00,1474.9,2.2,0
2016-01-09 01:00:00,1431.4,2.8,0
2016-01-09 02:00:00,1379.7,2.8,0
2016-01-09 03:00:00,1383.4,3.3,0
2016-01-09 04:00:00,1420.3,3.3,0
2016-01-09 05:00:00,1440.2,3.3,0
2016-01-09 06:00:00,1484.5,3.3,0
2016-01-09 07:00:00,1558.6,3.3,0
2016-01-09 08:00:00,1550.3,3.3,0
2016-01-09 09:00:00,1536.1,3.3,0
2016-01-09 10:00:00,1522.0,4.4,0
2016-01-09 11:00:00,1391.5,5.0,0
2016-01-09 12:00:00,1367.3,5.6,0
2016-01-09 13:00:00,1400.7,6.1,0
2016-01-09 14:00:00,1286.7,6.7,0
2016-01-09 15:00:00,1204.8,6.7,0
2016-01-09 16:00:00,1316.6,6.1,0
2016-01-09 17:00:00,1312.3,6.1,0
2016-01-09 18:00:00,1273.9,5.6,0
2016-01-09 19:00:00,1262.4,5.6,0
2016-01-09 20:00:00,1343.8,6.1,0
2016-01-09 21:00:00,1311.7,6.1,0
2016-01-09 22:00:00,1259.7,6.1,0
2016-01-09 23:00:00,1244.8,6.1,0
2016-01-10 00:00:00,1149.1,5.6,0
2016-01-10 01:00:00,1143.1,6.1,0
2016-01-10 02:00:00,1148.0,5.6,0
2016-01-10 03:00:00,1121.5,6.1,0
2016-01-10 04:00:00,1219.8,6.1,0
2016-01-10 05:00:00,1175.9,6.1,0
2016-01-10 06:00:00,1236.4,6.1,0
2016-01-10 07:00:00,1232.7,7.2,0
2016-01-10 08:00:00,1202.5,8.0,0
2016-01-10 09:00:00,1205.6,8.0,0
2016-01-10 10:00:00,1189.2,8.0,0
2016-01-10 11:00:00,1106.9,8.0,0
2016-01-10 12:00:00,1087.7,9.0,0
2016-01-10 13:00:00,956.6,11.0,0
2016-01-10 14:00:00,1176.8,11.0,0
2016-01-10 15:00:00,1289.3,11.0,0
2016-01-10 16:00:00,1200.7,10.0,0
2016-01-10 17:00:00,1348.1,8.0,0
2016-01-10 18:00:00,1608.1,6.0,0
2016-01-10 19:00:00,1733.9,2.0,0
2016-01-10 20:00:00,1877.5,1.0,0
2016-01-10 21:00:00,1819.9,0.0,0
2016-01-10 22:00:00,1969.5,-1.0,0
2016-01-10 23:00:00,2036.0,-2.2,0
2016-01-11 00:00:00,1876.8,-3.3,0
2016-01-11 01:00:00,1932.6,-3.9,0
2016-01-11 02:00:00,1952.3,-4.4,0
2016-01-11 03:00:00,1894.0,-5.0,0
2016-01-11 04:00:00,2171.6,-5.0,0
2016-01-11 05:00:00,2072.8,-6.1,0
2016-01-11 06:00:00,2182.7,-6.1,0
2016-01-11 07:00:00,2502.5,-7.2,0
2016-01-11 08:00:00,2547.3,-6.7,1
2016-01-11 09:00:00,2592.2,-7.2,0
2016-01-11 10:00:00,2611.3,-6.7,0
2016-01-11 11:00:00,2537.7,-5.6,0
2016-01-11 12:00:00,2472.2,-6.7,0
2016-01-11 13:00:00,2538.1,-6.1,0
2016-01-11 14:00:00,2570.3,-5.0,0
2016-01-11 15:00:00,2386.2,-6.1,0
2016-01-11 16:00:00,2509.9,-6.7,0
2016-01-11 17:00:00,2452.7,-8.3,0
2016-01-11 18:00:00,2523.6,-7.8,0
2016-01-11 19:00:00,2482.0,-7.8,0
2016-01-11 20:00:00,2538.3,-7.2,0
2016-01-11 21:00:00,2456.3,-8.3,0
2016-01-11 22:00:00,2488.3,-8.9,1
2016-01-11 23:00:00,2520.3,-8.9,0
2016-01-12 00:00:00,2373.7,-8.9,0
2016-01-12 01:00:00,2335.7,-8.9,0
2016-01-12 02:00:00,2274.5,-8.9,0
2016-01-12 03:00:00,2252.9,-8.3,0
2016-01-12 04:00:00,2319.6,-7.8,0
2016-01-12 05:00:00,2354.0,-8.3,0
2016-01-12 06:00:00,2374.7,-7.8,0
2016-01-12 07:00:00,2585.3,-7.2,0
2016-01-12 08:00:00,2619.9,-6.7,0
2016-01-12 09:00:00,2549.8,-5.6,0
2016-01-12 10:00:00,2374.3,-3.9,0
2016-01-12 11:00:00,2265.1,-2.8,0
2016-01-12 12:00:00,2173.4,-2.2,0
2016-01-12 13:00:00,2194.0,-3.0,0
2016-01-12 14:00:00,2205.0,-2.8,0
2016-01-12 15:00:00,2042.8,-2.8,0
2016-01-12 16:00:00,1947.0,-2.8,0
2016-01-12 17:00:00,2169.1,-3.9,0
2016-01-12 18:00:00,2060.8,-3.3,0
2016-01-12 19:00:00,2303.3,-5.0,0
2016-01-12 20:00:00,2378.0,-6.1,0
2016-01-12 21:00:00,2410.7,-6.7,0
2016-01-12 22:00:00,2544.4,-6.7,0
2016-01-12 23:00:00,2467.3,-7.2,0
2016-01-13 00:00:00,2217.0,-6.7,0
2016-01-13 01:00:00,2195.9,-6.7,0
2016-01-13 02:00:00,2280.4,-7.2,0
2016-01-13 03:00:00,2309.9,-7.8,0
2016-01-13 04:00:00,2411.0,-8.3,0
2016-01-13 05:00:00,2490.6,-8.9,1
2016-01-13 06:00:00,2570.1,-9.4,1
2016-01-13 07:00:00,2649.6,-9.4,1
2016-01-13 08:00:00,2729.1,-9.4,1
2016-01-13 09:00:00,2808.6,-8.9,0
2016-01-13 10:00:00,2722.9,-7.2,0
2016-01-13 11:00:00,2620.2,-7.2,0
2016-01-13 12:00:00,2585.3,-7.2,0
2016-01-13 13:00:00,2636.6,-7.2,0
2016-01-13 14:00:00,2572.6,-6.7,0
2016-01-13 15:00:00,2707.9,-7.2,0
2016-01-13 16:00:00,2612.1,-7.2,0
2016-01-13 17:00:00,2576.0,-7.8,0
2016-01-13 18:00:00,2598.4,-8.3,1
2016-01-13 19:00:00,2620.8,-8.3,0
2016-01-13 20:00:00,2581.8,-8.3,1
2016-01-13 21:00:00,2542.9,-8.9,1
2016-01-13 22:00:00,2504.0,-9.4,1
2016-01-13 23:00:00,2465.0,-9.4,1
2016-01-14 00:00:00,2426.1,-9.4,0
2016-01-14 01:00:00,2416.4,-10.0,0
2016-01-14 02:00:00,2442.1,-10.0,0
2016-01-14 03:00:00,2451.4,-10.0,1
2016-01-14 04:00:00,2460.8,-10.0,1
2016-01-14 05:00:00,2470.1,-10.0,1
2016-01-14 06:00:00,2479.5,-9.4,0
2016-01-14 07:00:00,2679.3,-9.4,0
2016-01-14 08:00:00,2707.2,-8.3,1
2016-01-14 09:00:00,2735.1,-7.2,0
2016-01-14 10:00:00,2571.0,-6.1,0
2016-01-14 11:00:00,2463.4,-5.0,0
2016-01-14 12:00:00,2365.6,-3.9,0
2016-01-14 13:00:00,2337.6,-3.3,0
2016-01-14 14:00:00,2248.0,-3.3,0
2016-01-14 15:00:00,2229.9,-2.8,0
2016-01-14 16:00:00,2221.0,-2.8,0
2016-01-14 17:00:00,2293.3,-2.8,0
2016-01-14 18:00:00,2250.8,-3.9,0
2016-01-14 19:00:00,2202.9,-3.9,0
2016-01-14 20:00:00,2251.0,-3.9,0
2016-01-14 21:00:00,2097.0,-3.9,0
2016-01-14 22:00:00,2047.1,-3.3,0
2016-01-14 23:00:00,1993.2,-3.3,0
2016-01-15 00:00:00,1921.6,-3.9,0
2016-01-15 01:00:00,1935.8,-6.1,0
2016-01-15 02:00:00,1869.6,-6.7,0
2016-01-15 03:00:00,1750.3,-2.8,0
2016-01-15 04:00:00,1743.8,-1.7,0
2016-01-15 05:00:00,1727.2,1.1,0
2016-01-15 06:00:00,1715.9,2.2,0
2016-01-15 07:00:00,1850.7,2.8,0
2016-01-15 08:00:00,2138.9,2.2,0
2016-01-15 09:00:00,2163.0,2.8,1
2016-01-15 10:00:00,2187.0,3.9,0
2016-01-15 11:00:00,2059.1,5.0,0
2016-01-15 12:00:00,2002.0,6.1,0
2016-01-15 13:00:00,1934.2,7.2,0
2016-01-15 14:00:00,1823.6,7.2,0
2016-01-15 15:00:00,1854.5,7.8,0
2016-01-15 16:00:00,1816.5,6.7,0
2016-01-15 17:00:00,1910.3,5.6,0
2016-01-15 18:00:00,1873.7,5.0,0
2016-01-15 19:00:00,1884.4,5.6,0
2016-01-15 20:00:00,1839.2,5.6,0
2016-01-15 21:00:00,1865.4,4.4,0
2016-01-15 22:00:00,1861.1,4.4,0
2016-01-15 23:00:00,1850.7,3.9,0
2016-01-16 00:00:00,1791.2,4.4,0
2016-01-16 01:00:00,1738.2,4.4,0
2016-01-16 02:00:00,1755.1,3.9,0
2016-01-16 03:00:00,1832.9,2.8,0
2016-01-16 04:00:00,1964.0,1.7,0
2016-01-16 05:00:00,1883.7,1.7,0
2016-01-16 06:00:00,1982.5,1.7,0
2016-01-16 07:00:00,2009.1,2.2,0
2016-01-16 08:00:00,2082.2,1.7,0
2016-01-16 09:00:00,1927.4,2.8,0
2016-01-16 10:00:00,1839.3,2.8,0
2016-01-16 11:00:00,1756.8,3.9,0
2016-01-16 12:00:00,1759.7,3.9,0
2016-01-16 13:00:00,1794.3,3.3,0
2016-01-16 14:00:00,1800.6,3.3,0
2016-01-16 15:00:00,1884.5,2.8,0
2016-01-16 16:00:00,2276.2,1.7,0
2016-01-16 17:00:00,2287.2,1.7,0
2016-01-16 18:00:00,2381.8,0.0,0
2016-01-16 19:00:00,2220.1,-0.3,0
2016-01-16 20:00:00,2099.2,-0.6,0
2016-01-16 21:00:00,2136.3,-1.7,0
2016-01-16 22:00:00,2114.4,-1.7,0
2016-01-16 23:00:00,2087.2,-1.7,0
2016-01-17 00:00:00,2208.8,-2.8,0
2016-01-17 01:00:00,2067.3,-2.8,0
2016-01-17 02:00:00,2108.5,-3.3,0
2016-01-17 03:00:00,2070.3,-3.3,0
2016-01-17 04:00:00,2127.1,-3.3,0
2016-01-17 05:00:00,2119.7,-3.3,0
2016-01-17 06:00:00,2153.1,-3.3,0
2016-01-17 07:00:00,2305.2,-3.3,0
2016-01-17 08:00:00,2316.6,-3.3,0
2016-01-17 09:00:00,2204.3,-3.3,0
2016-01-17 10:00:00,2218.0,-2.8,0
2016-01-17 11:00:00,2247.9,-2.2,0
2016-01-17 12:00:00,2237.8,-2.2,0
2016-01-17 13:00:00,2187.7,-1.7,0
2016-01-17 14:00:00,2137.7,-1.1,0
2016-01-17 15:00:00,2162.7,-1.1,0
2016-01-17 16:00:00,2242.6,-1.7,0
2016-01-17 17:00:00,2155.1,-2.2,0
2016-01-17 18:00:00,2351.9,-2.8,0
2016-01-17 19:00:00,2244.1,-3.3,0
2016-01-17 20:00:00,2175.0,-3.9,0
2016-01-17 21:00:00,2168.1,-4.4,0
2016-01-17 22:00:00,2322.5,-4.0,0
2016-01-17 23:00:00,2570.6,-7.2,0
2016-01-18 00:00:00,2556.0,-8.3,0
2016-01-18 01:00:00,2480.9,-8.9,0
2016-01-18 02:00:00,2532.0,-10.0,1
2016-01-18 03:00:00,2583.1,-11.1,1
2016-01-18 04:00:00,2634.2,-11.1,1
2016-01-18 05:00:00,2685.4,-10.6,0
2016-01-18 06:00:00,2696.1,-10.0,1
2016-01-18 07:00:00,2706.8,-11.1,1
2016-01-18 08:00:00,2717.5,-10.6,1
2016-01-18 09:00:00,2728.2,-10.0,1
2016-01-18 10:00:00,2738.9,-8.3,1
2016-01-18 11:00:00,2749.6,-7.8,0
2016-01-18 12:00:00,2755.8,-8.3,1
2016-01-18 13:00:00,2762.0,-8.9,1
2016-01-18 14:00:00,2768.2,-8.9,1
2016-01-18 15:00:00,2774.4,-7.2,1
2016-01-18 16:00:00,2780.6,-8.3,1
2016-01-18 17:00:00,2786.8,-9.4,1
2016-01-18 18:00:00,2312.7,-10.0,1
2016-01-18 19:00:00,2321.1,-10.0,1
2016-01-18 20:00:00,2371.2,-9.4,1
2016-01-18 21:00:00,2233.8,-10.0,1
2016-01-18 22:00:00,2290.5,-10.0,1
2016-01-18 23:00:00,2253.0,-10.0,1
2016-01-19 00:00:00,2182.9,-10.6,1
2016-01-19 01:00:00,2162.7,-11.1,1
2016-01-19 02:00:00,2106.7,-11.1,1
2016-01-19 03:00:00,2080.6,-11.1,1
2016-01-19 04:00:00,2119.6,-11.0,1
2016-01-19 05:00:00,2067.6,-11.1,1
2016-01-19 06:00:00,2143.1,-11.1,1
2016-01-19 07:00:00,2353.7,-10.0,1
2016-01-19 08:00:00,2350.1,-10.6,1
2016-01-19 09:00:00,2250.4,-10.0,1
2016-01-19 10:00:00,2182.3,-10.0,1
2016-01-19 11:00:00,2000.3,-9.4,1
2016-01-19 12:00:00,1878.1,-8.9,1
2016-01-19 13:00:00,1854.1,-8.9,1
2016-01-19 14:00:00,2917.1,-7.8,0
2016-01-19 15:00:00,2907.4,-7.2,0
2016-01-19 16:00:00,3022.7,-6.7,0
2016-01-19 17:00:00,2917.1,-6.1,0
2016-01-19 18:00:00,2862.4,-6.1,0
2016-01-19 19:00:00,2884.5,-6.1,0
2016-01-19 20:00:00,2721.3,-6.1,0
2016-01-19 21:00:00,2688.2,-5.6,0
2016-01-19 22:00:00,2680.6,-5.6,0
2016-01-19 23:00:00,2644.0,-5.6,0
2016-01-20 00:00:00,2674.8,-5.6,0
2016-01-20 01:00:00,2565.6,-5.6,0
2016-01-20 02:00:00,2584.5,-5.6,0
2016-01-20 03:00:00,2527.3,-5.0,0
2016-01-20 04:00:00,2535.8,-5.6,0
2016-01-20 05:00:00,2542.1,-5.0,0
2016-01-20 06:00:00,2652.8,-5.6,0
2016-01-20 07:00:00,2776.3,-6.1,1
2016-01-20 08:00:00,2899.8,-6.1,0
2016-01-20 09:00:00,2841.1,-5.6,1
2016-01-20 10:00:00,2782.4,-5.6,0
2016-01-20 11:00:00,2732.9,-4.4,0
2016-01-20 12:00:00,2691.2,-4.4,0
2016-01-20 13:00:00,2697.7,-4.4,0
2016-01-20 14:00:00,2671.9,-4.4,0
2016-01-20 15:00:00,2703.3,-4.4,0
2016-01-20 16:00:00,2717.9,-5.0,0
2016-01-20 17:00:00,2696.4,-5.0,1
2016-01-20 18:00:00,2674.9,-5.6,1
2016-01-20 19:00:00,2653.4,-6.1,0
2016-01-20 20:00:00,2606.1,-7.2,1
2016-01-20 21:00:00,2558.7,-7.8,1
2016-01-20 22:00:00,2511.3,-7.2,1
2016-01-20 23:00:00,2464.0,-6.1,1
2016-01-21 00:00:00,2416.6,-6.1,1
2016-01-21 01:00:00,2369.2,-6.4,0
2016-01-21 02:00:00,2465.2,-6.7,0
2016-01-21 03:00:00,2369.0,-6.7,0
2016-01-21 04:00:00,2423.3,-6.7,0
2016-01-21 05:00:00,2492.2,-6.1,0
2016-01-21 06:00:00,2556.4,-6.7,0
2016-01-21 07:00:00,2755.4,-6.7,0
2016-01-21 08:00:00,2747.5,-6.7,1
2016-01-21 09:00:00,2739.7,-6.1,1
2016-01-21 10:00:00,2731.8,-5.6,1
2016-01-21 11:00:00,2724.0,-5.6,1
2016-01-21 12:00:00,2716.1,-5.6,1
2016-01-21 13:00:00,2708.2,-5.0,0
2016-01-21 14:00:00,2703.6,-5.0,1
2016-01-21 15:00:00,2698.9,-5.6,1
2016-01-21 16:00:00,2694.3,-6.1,1
2016-01-21 17:00:00,2689.6,-7.2,1
2016-01-21 18:00:00,2684.9,-8.9,1
2016-01-21 19:00:00,2680.3,-10.0,1
2016-01-21 20:00:00,2192.6,-12.2,1
2016-01-21 21:00:00,2048.9,-16.7,1
2016-01-21 22:00:00,2075.3,-16.7,1
2016-01-21 23:00:00,1987.0,-17.8,1
2016-01-22 00:00:00,1904.3,-17.8,1
2016-01-22 01:00:00,1885.6,-17.2,1
2016-01-22 02:00:00,1823.7,-17.8,1
2016-01-22 03:00:00,1776.0,-18.9,1
2016-01-22 04:00:00,1796.8,-19.4,1
2016-01-22 05:00:00,1741.8,-20.6,1
2016-01-22 06:00:00,1782.1,-20.6,1
2016-01-22 07:00:00,1978.8,-18.9,1
2016-01-22 08:00:00,2182.0,-18.3,1
2016-01-22 09:00:00,2321.9,-13.3,1
2016-01-22 10:00:00,2302.3,-9.4,1
2016-01-22 11:00:00,2167.1,-7.2,1
2016-01-22 12:00:00,2182.8,-7.2,1
2016-01-22 13:00:00,2208.8,-6.7,1
2016-01-22 14:00:00,2213.4,-4.4,1
2016-01-22 15:00:00,2221.1,-5.6,1
2016-01-22 16:00:00,2280.5,-6.1,1
2016-01-22 17:00:00,2301.2,-6.7,1
2016-01-22 18:00:00,2256.7,-8.9,1
2016-01-22 19:00:00,2235.8,-12.2,1
2016-01-22 20:00:00,2187.0,-13.9,1
2016-01-22 21:00:00,2173.9,-13.9,1
2016-01-22 22:00:00,2145.5,-16.1,1
2016-01-22 23:00:00,1850.7,-15.6,1
2016-01-23 00:00:00,1791.2,-13.9,1
2016-01-23 01:00:00,1738.2,-12.2,1
2016-01-23 02:00:00,1987.6,-12.2,1
2016-01-23 03:00:00,2054.9,-12.2,1
2016-01-23 04:00:00,2079.3,-12.2,1
2016-01-23 05:00:00,2083.3,-11.1,1
2016-01-23 06:00:00,2178.7,-11.1,1
2016-01-23 07:00:00,2215.2,-9.4,1
2016-01-23 08:00:00,2287.0,-9.4,1
2016-01-23 09:00:00,2172.3,-9.4,1
2016-01-23 10:00:00,2149.2,-8.3,1
2016-01-23 11:00:00,2059.5,-7.8,1
2016-01-23 12:00:00,2080.8,-7.2,1
2016-01-23 13:00:00,1949.6,-5.0,1
2016-01-23 14:00:00,1840.0,-6.1,1
2016-01-23 15:00:00,1766.6,-5.6,1
2016-01-23 16:00:00,2013.5,-6.1,1
2016-01-23 17:00:00,2109.9,-7.2,1
2016-01-23 18:00:00,2194.6,-7.8,1
2016-01-23 19:00:00,2059.7,-8.3,1
2016-01-23 20:00:00,1898.2,-7.8,1
2016-01-23 21:00:00,1991.0,-8.3,1
2016-01-23 22:00:00,1974.9,-8.0,1
2016-01-23 23:00:00,1959.8,-7.8,1
2016-01-24 00:00:00,1944.9,-7.8,1
2016-01-24 01:00:00,1881.6,-7.8,1
2016-01-24 02:00:00,1898.3,-8.3,1
2016-01-24 03:00:00,1862.3,-9.4,1
2016-01-24 04:00:00,1802.9,-9.4,1
2016-01-24 05:00:00,1842.1,-8.9,1
2016-01-24 06:00:00,1847.7,-9.4,1
2016-01-24 07:00:00,1912.6,-9.4,1
2016-01-24 08:00:00,1907.2,-8.3,1
2016-01-24 09:00:00,1839.9,-7.2,1
2016-01-24 10:00:00,1832.2,-6.7,1
2016-01-24 11:00:00,1868.4,-5.6,1
2016-01-24 12:00:00,1785.4,-5.0,1
2016-01-24 13:00:00,1767.6,-5.0,1
2016-01-24 14:00:00,2368.0,-3.3,0
2016-01-24 15:00:00,2413.7,-2.8,0
2016-01-24 16:00:00,2444.9,-2.8,0
2016-01-24 17:00:00,2543.6,-4.4,0
2016-01-24 18:00:00,2555.0,-5.0,0
2016-01-24 19:00:00,2526.6,-5.6,0
2016-01-24 20:00:00,2522.1,-6.1,1
2016-01-24 21:00:00,2517.7,-6.7,1
2016-01-24 22:00:00,2513.2,-6.7,1
2016-01-24 23:00:00,2508.7,-7.8,1
2016-01-25 00:00:00,2504.2,-10.0,1
2016-01-25 01:00:00,2499.7,-12.8,1
2016-01-25 02:00:00,1778.6,-12.2,1
2016-01-25 03:00:00,1846.5,-8.9,1
2016-01-25 04:00:00,1840.1,-8.3,1
2016-01-25 05:00:00,2481.8,-7.8,0
2016-01-25 06:00:00,2480.5,-6.7,0
2016-01-25 07:00:00,2667.4,-6.1,0
2016-01-25 08:00:00,2692.4,-5.6,0
2016-01-25 09:00:00,2569.1,-4.4,0
2016-01-25 10:00:00,2482.7,-2.8,1
2016-01-25 11:00:00,2396.2,-1.7,0
2016-01-25 12:00:00,2403.2,-0.6,0
2016-01-25 13:00:00,2390.4,0.6,0
2016-01-25 14:00:00,2164.6,0.6,0
2016-01-25 15:00:00,2251.7,1.1,0
2016-01-25 16:00:00,2034.8,1.7,0
2016-01-25 17:00:00,1981.4,1.1,0
2016-01-25 18:00:00,2101.9,0.6,0
2016-01-25 19:00:00,2160.2,0.0,0
2016-01-25 20:00:00,2204.1,0.0,0
2016-01-25 21:00:00,2011.2,0.0,0
2016-01-25 22:00:00,2092.8,0.0,0
2016-01-25 23:00:00,1985.6,0.0,0
2016-01-26 00:00:00,1992.1,-0.6,0
2016-01-26 01:00:00,1989.7,-0.6,0
2016-01-26 02:00:00,1938.9,-0.6,0
2016-01-26 03:00:00,1908.4,0.0,0
2016-01-26 04:00:00,1919.6,0.0,0
2016-01-26 05:00:00,1781.2,0.6,0
2016-01-26 06:00:00,1911.6,1.7,0
2016-01-26 07:00:00,2122.1,1.7,0
2016-01-26 08:00:00,2080.3,1.7,0
2016-01-26 09:00:00,1951.0,3.3,0
2016-01-26 10:00:00,1990.3,5.0,0
2016-01-26 11:00:00,1735.5,5.0,0
2016-01-26 12:00:00,1582.9,7.2,0
2016-01-26 13:00:00,1514.1,8.3,0
2016-01-26 14:00:00,1318.3,10.0,0
2016-01-26 15:00:00,1243.2,11.1,0
2016-01-26 16:00:00,1422.6,9.4,0
2016-01-26 17:00:00,1728.9,5.0,0
2016-01-26 18:00:00,1789.1,4.4,0
2016-01-26 19:00:00,1622.8,2.8,0
2016-01-26 20:00:00,1742.0,3.3,0
2016-01-26 21:00:00,1747.4,3.3,0
2016-01-26 22:00:00,1776.9,2.8,0
2016-01-26 23:00:00,1833.3,1.7,0
2016-01-27 00:00:00,1768.4,1.1,0
2016-01-27 01:00:00,1633.1,0.6,0
2016-01-27 02:00:00,1831.4,0.6,0
2016-01-27 03:00:00,1740.0,0.0,0
2016-01-27 04:00:00,1724.7,0.6,0
2016-01-27 05:00:00,1780.4,0.6,0
2016-01-27 06:00:00,1890.7,0.0,0
2016-01-27 07:00:00,2035.2,0.0,0
2016-01-27 08:00:00,2331.8,0.0,0
2016-01-27 09:00:00,2240.7,-0.6,1
2016-01-27 10:00:00,2149.6,0.0,0
2016-01-27 11:00:00,2110.0,0.0,0
2016-01-27 12:00:00,2063.2,0.6,0
2016-01-27 13:00:00,2258.6,-1.7,0
2016-01-27 14:00:00,2232.0,-2.2,0
2016-01-27 15:00:00,2222.8,-2.2,0
2016-01-27 16:00:00,2174.2,-1.7,0
2016-01-27 17:00:00,2124.6,-2.2,0
2016-01-27 18:00:00,2370.2,-2.8,0
2016-01-27 19:00:00,2312.2,-3.3,0
2016-01-27 20:00:00,2213.5,-3.3,0
2016-01-27 21:00:00,1991.6,-3.3,0
2016-01-27 22:00:00,2044.5,-3.3,0
2016-01-27 23:00:00,2042.3,-3.3,0
2016-01-28 00:00:00,2123.5,-3.3,0
2016-01-28 01:00:00,2025.0,-2.8,0
2016-01-28 02:00:00,1985.8,-5.0,0
2016-01-28 03:00:00,2039.7,-5.6,0
2016-01-28 04:00:00,2091.5,-4.4,0
2016-01-28 05:00:00,2143.5,-5.0,0
2016-01-28 06:00:00,2330.2,-5.0,0
2016-01-28 07:00:00,2490.3,-5.0,0
2016-01-28 08:00:00,2477.2,-4.4,1
2016-01-28 09:00:00,2464.1,-2.8,1
2016-01-28 10:00:00,2451.1,-2.4,0
2016-01-28 11:00:00,2433.5,-2.0,0
2016-01-28 12:00:00,2298.6,-1.1,0
2016-01-28 13:00:00,2354.1,-0.6,0
2016-01-28 14:00:00,2194.7,0.0,0
2016-01-28 15:00:00,1933.8,1.1,0
2016-01-28 16:00:00,1889.3,1.1,0
2016-01-28 17:00:00,2022.1,0.6,0
2016-01-28 18:00:00,2125.0,0.0,0
2016-01-28 19:00:00,2327.9,-0.6,0
2016-01-28 20:00:00,2134.2,-0.6,0
2016-01-28 21:00:00,2000.8,-0.6,0
2016-01-28 22:00:00,2103.5,0.0,0
2016-01-28 23:00:00,1980.8,-0.6,0
2016-01-29 00:00:00,1886.9,0.0,0
2016-01-29 01:00:00,1835.5,0.0,0
2016-01-29 02:00:00,1777.9,0.0,0
2016-01-29 03:00:00,1801.8,0.0,0
2016-01-29 04:00:00,1849.9,0.0,0
2016-01-29 05:00:00,1756.4,0.0,0
2016-01-29 06:00:00,1848.3,0.0,0
2016-01-29 07:00:00,2106.8,0.0,0
2016-01-29 08:00:00,2225.0,-0.6,0
2016-01-29 09:00:00,2480.9,-1.1,0
2016-01-29 10:00:00,2417.5,-1.1,0
2016-01-29 11:00:00,2275.2,-1.1,0
2016-01-29 12:00:00,2363.6,-2.8,0
2016-01-29 13:00:00,2483.4,-3.3,1
2016-01-29 14:00:00,2603.1,-3.9,0
2016-01-29 15:00:00,2587.6,-3.9,0
2016-01-29 16:00:00,2744.5,-4.4,0
2016-01-29 17:00:00,2692.1,-5.6,1
2016-01-29 18:00:00,2639.7,-6.1,1
2016-01-29 19:00:00,2587.2,-6.1,1
2016-01-29 20:00:00,2534.8,-6.1,1
2016-01-29 21:00:00,2482.4,-5.6,1
2016-01-29 22:00:00,2429.9,-5.6,1
2016-01-29 23:00:00,1981.5,-5.6,1
2016-01-30 00:00:00,2009.0,-5.6,1
2016-01-30 01:00:00,2066.2,-5.6,1
2016-01-30 02:00:00,2220.2,-5.6,0
2016-01-30 03:00:00,2276.9,-5.6,0
2016-01-30 04:00:00,2194.6,-5.6,0
2016-01-30 05:00:00,2283.0,-5.6,0
2016-01-30 06:00:00,2374.9,-5.6,0
2016-01-30 07:00:00,2421.4,-5.6,0
2016-01-30 08:00:00,2491.9,-5.0,0
2016-01-30 09:00:00,2417.1,-3.9,0
2016-01-30 10:00:00,2459.2,-1.7,0
2016-01-30 11:00:00,2362.3,-0.6,0
2016-01-30 12:00:00,2402.0,0.6,0
2016-01-30 13:00:00,2104.8,2.8,0
2016-01-30 14:00:00,1879.3,4.4,0
2016-01-30 15:00:00,1648.7,5.6,0
2016-01-30 16:00:00,1750.7,6.7,0
2016-01-30 17:00:00,1932.5,5.0,0
2016-01-30 18:00:00,2007.3,3.9,0
2016-01-30 19:00:00,1899.4,3.3,0
2016-01-30 20:00:00,1697.3,3.9,0
2016-01-30 21:00:00,1845.6,3.6,0
2016-01-30 22:00:00,1835.4,3.3,0
2016-01-30 23:00:00,1832.3,3.3,0
2016-01-31 00:00:00,1680.9,3.3,0
2016-01-31 01:00:00,1695.9,2.8,0
2016-01-31 02:00:00,1688.0,2.8,0
2016-01-31 03:00:00,1654.3,3.3,0
2016-01-31 04:00:00,1478.8,4.2,0
2016-01-31 05:00:00,1564.6,5.0,0
2016-01-31 06:00:00,1542.3,5.0,1
2016-01-31 07:00:00,1520.0,6.1,1
2016-01-31 08:00:00,1497.8,6.7,1
2016-01-31 09:00:00,1475.5,7.8,0
2016-01-31 10:00:00,1446.3,8.9,0
2016-01-31 11:00:00,1488.8,10.6,0
2016-01-31 12:00:00,1333.0,10.3,0
2016-01-31 13:00:00,1347.5,10.0,0
2016-01-31 14:00:00,1222.4,10.0,0
2016-01-31 15:00:00,996.6,13.3,0
2016-01-31 16:00:00,898.6,13.9,0
2016-01-31 17:00:00,1062.1,12.2,0
2016-01-31 18:00:00,1134.8,11.1,0
2016-01-31 19:00:00,1112.9,11.7,0
2016-01-31 20:00:00,1215.1,10.6,0
2016-01-31 21:00:00,1093.0,10.6,0
2016-01-31 22:00:00,1154.2,10.0,0
2016-01-31 23:00:00,1162.4,10.0,0
2016-02-01 00:00:00,1174.5,10.0,0
2016-02-01 01:00:00,1154.4,9.4,0
2016-02-01 02:00:00,1025.1,9.4,0
2016-02-01 03:00:00,1109.9,9.4,0
2016-02-01 04:00:00,1046.0,9.4,0
2016-02-01 05:00:00,1103.2,8.9,0
2016-02-01 06:00:00,1234.0,8.3,0
2016-02-01 07:00:00,1234.2,9.4,0
2016-02-01 08:00:00,1582.6,7.2,0
2016-02-01 09:00:00,1671.4,6.7,0
2016-02-01 10:00:00,1588.3,6.1,0
2016-02-01 11:00:00,1523.4,6.1,0
2016-02-01 12:00:00,1458.6,5.0,0
2016-02-01 13:00:00,1615.0,4.4,0
2016-02-01 14:00:00,1527.0,5.0,0
2016-02-01 15:00:00,1501.6,4.4,0
2016-02-01 16:00:00,1399.5,3.6,0
2016-02-01 17:00:00,1534.8,2.8,0
2016-02-01 18:00:00,1786.6,1.7,0
2016-02-01 19:00:00,1921.3,0.6,0
2016-02-01 20:00:00,1776.7,-2.2,0
2016-02-01 21:00:00,1854.7,-3.9,0
2016-02-01 22:00:00,1809.6,-5.6,0
2016-02-01 23:00:00,1946.6,-5.6,0
2016-02-02 00:00:00,1909.1,-6.7,0
2016-02-02 01:00:00,1790.0,-5.0,0
2016-02-02 02:00:00,1648.4,-3.3,0
2016-02-02 03:00:00,1765.8,-5.0,0
2016-02-02 04:00:00,1745.3,-3.9,0
2016-02-02 05:00:00,1833.9,-3.9,0
2016-02-02 06:00:00,1952.1,-3.3,0
2016-02-02 07:00:00,2023.2,-2.8,0
2016-02-02 08:00:00,2265.6,-1.7,0
2016-02-02 09:00:00,2321.6,0.0,0
2016-02-02 10:00:00,1970.4,1.7,0
2016-02-02 11:00:00,1777.0,2.2,0
2016-02-02 12:00:00,1728.5,3.3,0
2016-02-02 13:00:00,1481.0,4.4,0
2016-02-02 14:00:00,1492.6,5.0,0
2016-02-02 15:00:00,1364.2,6.1,0
2016-02-02 16:00:00,1380.2,7.2,0
2016-02-02 17:00:00,1497.0,5.0,0
2016-02-02 18:00:00,1544.6,4.4,0
2016-02-02 19:00:00,1740.6,3.9,0
2016-02-02 20:00:00,1569.4,4.4,0
2016-02-02 21:00:00,1459.8,4.4,0
2016-02-02 22:00:00,1477.0,4.4,0
2016-02-02 23:00:00,1463.0,4.4,0
2016-02-03 00:00:00,1457.8,5.0,0
2016-02-03 01:00:00,1428.2,5.0,0
2016-02-03 02:00:00,1313.1,5.6,0
2016-02-03 03:00:00,1259.0,5.6,0
2016-02-03 04:00:00,1343.7,5.0,0
2016-02-03 05:00:00,1430.7,3.3,0
2016-02-03 06:00:00,1472.3,3.3,0
2016-02-03 07:00:00,1773.0,3.3,0
2016-02-03 08:00:00,1741.0,3.9,0
2016-02-03 09:00:00,1809.9,4.4,0
2016-02-03 10:00:00,1647.2,5.0,0
2016-02-03 11:00:00,1611.5,5.6,0
2016-02-03 12:00:00,1508.5,7.2,0
2016-02-03 13:00:00,1393.7,7.8,0
2016-02-03 14:00:00,1279.8,8.9,0
2016-02-03 15:00:00,1093.7,10.0,0
2016-02-03 16:00:00,1057.5,10.6,0
2016-02-03 17:00:00,1043.4,11.1,0
2016-02-03 18:00:00,1229.7,10.6,0
2016-02-03 19:00:00,1191.0,10.0,0
2016-02-03 20:00:00,1116.4,10.0,0
2016-02-03 21:00:00,1112.6,9.4,0
2016-02-03 22:00:00,1198.1,10.0,0
2016-02-03 23:00:00,1275.0,7.2,0
2016-02-04 00:00:00,1252.7,6.7,0
2016-02-04 01:00:00,1270.6,6.1,0
2016-02-04 02:00:00,1210.5,5.6,0
2016-02-04 03:00:00,1251.4,5.0,0
2016-02-04 04:00:00,1260.6,4.4,0
2016-02-04 05:00:00,1218.8,3.9,0
2016-02-04 06:00:00,1486.6,3.3,0
2016-02-04 07:00:00,1773.8,1.7,0
2016-02-04 08:00:00,1895.7,2.8,0
2016-02-04 09:00:00,1766.6,3.9,0
2016-02-04 10:00:00,1606.5,5.6,0
2016-02-04 11:00:00,1511.3,4.4,0
2016-02-04 12:00:00,1535.2,4.0,0
2016-02-04 13:00:00,1655.1,4.4,0
2016-02-04 14:00:00,1633.1,3.9,0
2016-02-04 15:00:00,1557.0,4.4,0
2016-02-04 16:00:00,1651.0,4.4,0
2016-02-04 17:00:00,1652.2,2.8,0
2016-02-04 18:00:00,1734.4,2.2,0
2016-02-04 19:00:00,1830.3,1.7,0
2016-02-04 20:00:00,1822.5,1.1,0
2016-02-04 21:00:00,1726.0,0.0,0
2016-02-04 22:00:00,1784.3,0.0,0
2016-02-04 23:00:00,1734.5,-0.6,0
2016-02-05 00:00:00,1747.0,-0.6,0
2016-02-05 01:00:00,1733.1,-1.7,0
2016-02-05 02:00:00,1718.0,-1.7,0
2016-02-05 03:00:00,1651.8,-1.1,0
2016-02-05 04:00:00,1662.9,-1.1,0
2016-02-05 05:00:00,1758.0,-1.7,0
2016-02-05 06:00:00,1899.6,-1.7,0
2016-02-05 07:00:00,2116.0,-2.2,0
2016-02-05 08:00:00,2182.9,-2.2,0
2016-02-05 09:00:00,2184.1,-2.2,1
2016-02-05 10:00:00,2185.3,-0.6,0
2016-02-05 11:00:00,2242.6,-1.7,0
2016-02-05 12:00:00,2193.8,-1.7,0
2016-02-05 13:00:00,2200.4,-2.2,0
2016-02-05 14:00:00,2290.8,-2.2,0
2016-02-05 15:00:00,2082.6,-0.6,0
2016-02-05 16:00:00,2130.2,-1.7,0
2016-02-05 17:00:00,2199.3,-1.1,0
2016-02-05 18:00:00,2244.6,-3.9,0
2016-02-05 19:00:00,2246.8,-2.8,0
2016-02-05 20:00:00,2133.0,-2.2,0
2016-02-05 21:00:00,2002.1,-2.2,0
2016-02-05 22:00:00,2122.1,-3.9,0
2016-02-05 23:00:00,1981.5,-4.4,0
2016-02-06 00:00:00,2009.0,-3.9,0
2016-02-06 01:00:00,2066.2,-5.6,0
2016-02-06 02:00:00,1949.0,-7.8,0
2016-02-06 03:00:00,2026.3,-6.1,0
2016-02-06 04:00:00,2060.0,-5.0,0
2016-02-06 05:00:00,2062.3,-5.0,0
2016-02-06 06:00:00,2113.7,-4.4,0
2016-02-06 07:00:00,2135.3,-3.9,0
2016-02-06 08:00:00,2163.7,-2.8,0
2016-02-06 09:00:00,2185.5,-1.7,0
2016-02-06 10:00:00,2077.2,-0.6,0
2016-02-06 11:00:00,2077.6,1.1,0
2016-02-06 12:00:00,2150.8,1.7,0
2016-02-06 13:00:00,1788.9,2.8,0
2016-02-06 14:00:00,1728.6,3.3,0
2016-02-06 15:00:00,1672.1,4.4,0
2016-02-06 16:00:00,1626.0,5.0,0
2016-02-06 17:00:00,1706.5,3.9,0
2016-02-06 18:00:00,1840.3,-0.6,0
2016-02-06 19:00:00,2092.2,-2.8,0
2016-02-06 20:00:00,2078.3,-3.9,0
2016-02-06 21:00:00,2037.2,-5.0,0
2016-02-06 22:00:00,1968.6,-4.4,0
2016-02-06 23:00:00,1954.8,-2.8,0
2016-02-07 00:00:00,1853.8,-2.2,0
2016-02-07 01:00:00,1857.3,-1.1,0
2016-02-07 02:00:00,1824.4,-1.7,0
2016-02-07 03:00:00,1914.4,-5.6,0
2016-02-07 04:00:00,1850.9,-6.1,0
2016-02-07 05:00:00,2051.8,-2.8,0
2016-02-07 06:00:00,2117.6,-5.6,0
2016-02-07 07:00:00,2219.0,-7.8,1
2016-02-07 08:00:00,2320.4,-7.2,0
2016-02-07 09:00:00,2055.3,-1.1,0
2016-02-07 10:00:00,1866.3,1.7,0
2016-02-07 11:00:00,1760.8,3.3,0
2016-02-07 12:00:00,1745.5,4.4,0
2016-02-07 13:00:00,1508.0,5.6,0
2016-02-07 14:00:00,1526.7,6.1,0
2016-02-07 15:00:00,1394.1,6.7,0
2016-02-07 16:00:00,1365.3,6.7,0
2016-02-07 17:00:00,1548.0,5.6,0
2016-02-07 18:00:00,1668.0,0.6,0
2016-02-07 19:00:00,1867.9,-1.7,0
2016-02-07 20:00:00,1838.3,-0.6,0
2016-02-07 21:00:00,1719.3,-0.6,0
2016-02-07 22:00:00,1869.5,-0.6,0
2016-02-07 23:00:00,1741.3,-0.6,0
2016-02-08 00:00:00,1799.8,-0.6,0
2016-02-08 01:00:00,1731.5,1.7,0
2016-02-08 02:00:00,1579.7,1.1,0
2016-02-08 03:00:00,1644.6,0.0,0
2016-02-08 04:00:00,1845.5,-2.2,0
2016-02-08 05:00:00,1807.9,-3.9,0
2016-02-08 06:00:00,1931.4,-1.7,0
2016-02-08 07:00:00,2193.8,-1.7,0
2016-02-08 08:00:00,2254.2,-1.7,0
2016-02-08 09:00:00,2276.8,0.0,0
2016-02-08 10:00:00,1915.6,2.2,0
2016-02-08 11:00:00,1656.9,2.8,0
2016-02-08 12:00:00,1632.4,3.3,0
2016-02-08 13:00:00,1689.9,3.9,0
2016-02-08 14:00:00,1571.6,3.9,0
2016-02-08 15:00:00,1661.2,3.9,0
2016-02-08 16:00:00,1489.6,3.9,0
2016-02-08 17:00:00,1672.3,3.3,0
2016-02-08 18:00:00,1764.3,2.8,0
2016-02-08 19:00:00,1777.7,2.2,0
2016-02-08 20:00:00,1717.9,2.2,0
2016-02-08 21:00:00,1626.9,2.2,0
2016-02-08 22:00:00,1726.8,1.7,0
2016-02-08 23:00:00,1875.2,1.1,0
2016-02-09 00:00:00,1819.4,-1.1,0
2016-02-09 01:00:00,1698.9,-1.1,0
2016-02-09 02:00:00,1758.3,-1.7,0
2016-02-09 03:00:00,1712.6,-1.7,0
2016-02-09 04:00:00,1786.9,-1.7,0
2016-02-09 05:00:00,1729.9,-1.7,0
2016-02-09 06:00:00,2029.6,-1.7,0
2016-02-09 07:00:00,2058.5,-1.7,0
2016-02-09 08:00:00,2283.5,-1.7,0
2016-02-09 09:00:00,2193.3,-1.1,0
2016-02-09 10:00:00,2066.1,0.0,0
2016-02-09 11:00:00,2019.3,1.7,0
2016-02-09 12:00:00,1787.6,2.2,0
2016-02-09 13:00:00,1695.2,2.2,0
2016-02-09 14:00:00,1579.4,3.3,0
2016-02-09 15:00:00,1749.5,2.8,0
2016-02-09 16:00:00,1825.1,0.6,0
2016-02-09 17:00:00,1984.9,0.0,0
2016-02-09 18:00:00,1991.2,0.0,0
2016-02-09 19:00:00,2060.4,-0.6,0
2016-02-09 20:00:00,1918.8,-0.6,0
2016-02-09 21:00:00,1774.3,-0.6,0
2016-02-09 22:00:00,1763.4,-1.1,0
2016-02-09 23:00:00,1819.9,-1.7,0
2016-02-10 00:00:00,1907.1,-2.8,0
2016-02-10 01:00:00,1742.2,-2.2,0
2016-02-10 02:00:00,1736.3,-2.2,0
2016-02-10 03:00:00,1691.2,-1.7,0
2016-02-10 04:00:00,1789.5,-2.2,0
2016-02-10 05:00:00,1805.9,-2.2,0
2016-02-10 06:00:00,1960.2,-2.8,0
2016-02-10 07:00:00,2245.9,-2.8,0
2016-02-10 08:00:00,2403.2,-2.8,0
2016-02-10 09:00:00,2353.2,-2.2,0
2016-02-10 10:00:00,2352.7,-2.2,1
2016-02-10 11:00:00,2352.1,-1.7,1
2016-02-10 12:00:00,2351.6,-2.8,1
2016-02-10 13:00:00,2351.1,-2.2,1
2016-02-10 14:00:00,2350.6,-2.2,1
2016-02-10 15:00:00,2350.1,-2.2,1
2016-02-10 16:00:00,1057.5,-3.3,1
2016-02-10 17:00:00,1043.4,-3.3,1
2016-02-10 18:00:00,1229.7,-4.4,1
2016-02-10 19:00:00,1191.0,-5.0,1
2016-02-10 20:00:00,1116.4,-5.6,1
2016-02-10 21:00:00,1112.6,-6.1,1
2016-02-10 22:00:00,1198.1,-7.2,1
2016-02-10 23:00:00,1275.0,-7.8,1
2016-02-11 00:00:00,1252.7,-8.3,1
2016-02-11 01:00:00,1270.6,-8.9,1
2016-02-11 02:00:00,1210.5,-8.9,1
2016-02-11 03:00:00,1251.4,-10.6,1
2016-02-11 04:00:00,1260.6,-11.1,1
2016-02-11 05:00:00,1218.8,-10.6,1
2016-02-11 06:00:00,1486.6,-11.1,1
2016-02-11 07:00:00,1773.8,-11.1,1
2016-02-11 08:00:00,1895.7,-11.7,1
2016-02-11 09:00:00,1766.6,-11.7,1
2016-02-11 10:00:00,1606.5,-11.7,1
2016-02-11 11:00:00,1511.3,-11.7,1
2016-02-11 12:00:00,1535.2,-11.7,1
2016-02-11 13:00:00,1655.1,-12.2,1
2016-02-11 14:00:00,1633.1,-12.2,1
2016-02-11 15:00:00,1557.0,-11.7,1
2016-02-11 16:00:00,1651.0,-12.2,1
2016-02-11 17:00:00,1652.2,-11.7,1
2016-02-11 18:00:00,1734.4,-12.2,1
2016-02-11 19:00:00,1830.3,-11.7,1
2016-02-11 20:00:00,1822.5,-12.2,1
2016-02-11 21:00:00,1726.0,-12.2,1
2016-02-11 22:00:00,1784.3,-12.2,1
2016-02-11 23:00:00,1734.5,-12.2,1
2016-02-12 00:00:00,1747.0,-13.3,1
2016-02-12 01:00:00,1733.1,-13.3,1
2016-02-12 02:00:00,1718.0,-13.6,1
2016-02-12 03:00:00,1651.8,-13.9,1
2016-02-12 04:00:00,1662.9,-13.3,1
2016-02-12 05:00:00,1758.0,-13.9,1
2016-02-12 06:00:00,1899.6,-14.4,1
2016-02-12 07:00:00,2116.0,-14.4,1
2016-02-12 08:00:00,2182.9,-12.8,1
2016-02-12 09:00:00,2184.1,-11.1,1
2016-02-12 10:00:00,2185.3,-7.8,1
2016-02-12 11:00:00,2242.6,-7.8,1
2016-02-12 12:00:00,2193.8,-6.1,1
2016-02-12 13:00:00,2200.4,-5.6,1
2016-02-12 14:00:00,2290.8,-6.1,1
2016-02-12 15:00:00,2082.6,-6.7,1
2016-02-12 16:00:00,2130.2,-6.7,1
2016-02-12 17:00:00,2199.3,-7.2,1
2016-02-12 18:00:00,2244.6,-7.8,1
2016-02-12 19:00:00,2246.8,-8.3,1
2016-02-12 20:00:00,2133.0,-8.9,1
2016-02-12 21:00:00,2002.1,-8.9,1
2016-02-12 22:00:00,2122.1,-10.6,1
2016-02-12 23:00:00,1981.5,-9.4,1
2016-02-13 00:00:00,2009.0,-10.6,1
2016-02-13 01:00:00,2066.2,-11.7,1
2016-02-13 02:00:00,1949.0,-9.4,1
2016-02-13 03:00:00,2026.3,-10.6,1
2016-02-13 04:00:00,2060.0,-11.1,1
2016-02-13 05:00:00,2062.3,-12.8,1
2016-02-13 06:00:00,2113.7,-14.4,1
2016-02-13 07:00:00,2135.3,-16.1,1
2016-02-13 08:00:00,2163.7,-17.8,1
2016-02-13 09:00:00,2185.5,-18.9,1
2016-02-13 10:00:00,2077.2,-19.4,1
2016-02-13 11:00:00,2077.6,-20.0,1
2016-02-13 12:00:00,2150.8,-20.0,1
2016-02-13 13:00:00,1788.9,-19.4,1
2016-02-13 14:00:00,1728.6,-18.9,1
2016-02-13 15:00:00,1672.1,-19.4,1
2016-02-13 16:00:00,1626.0,-19.4,1
2016-02-13 17:00:00,1706.5,-18.9,1
2016-02-13 18:00:00,1840.3,-18.9,1
2016-02-13 19:00:00,2092.2,-18.3,1
2016-02-13 20:00:00,2078.3,-18.9,1
2016-02-13 21:00:00,2037.2,-17.8,1
2016-02-13 22:00:00,1968.6,-17.8,1
2016-02-13 23:00:00,1954.8,-19.4,1
2016-02-14 00:00:00,1853.8,-21.1,1
2016-02-14 01:00:00,1857.3,-21.6,1
2016-02-14 02:00:00,1824.4,-22.2,1
2016-02-14 03:00:00,1914.4,-22.2,1
2016-02-14 04:00:00,1850.9,-23.3,1
2016-02-14 05:00:00,2051.8,-23.9,1
2016-02-14 06:00:00,2117.6,-23.9,1
2016-02-14 07:00:00,2219.0,-23.9,1
2016-02-14 08:00:00,2320.4,-22.8,1
2016-02-14 09:00:00,2055.3,-21.4,1
2016-02-14 10:00:00,1866.3,-20.0,1
2016-02-14 11:00:00,1760.8,-18.9,1
2016-02-14 12:00:00,1745.5,-17.8,1
2016-02-14 13:00:00,1508.0,-16.1,1
2016-02-14 14:00:00,1526.7,-15.6,1
2016-02-14 15:00:00,1394.1,-14.4,1
2016-02-14 16:00:00,1365.3,-13.3,1
2016-02-14 17:00:00,1548.0,-11.1,1
2016-02-14 18:00:00,1668.0,-17.8,1
2016-02-14 19:00:00,1867.9,-20.6,1
2016-02-14 20:00:00,1838.3,-20.0,1
2016-02-14 21:00:00,1719.3,-20.0,1
2016-02-14 22:00:00,1869.5,-20.6,1
2016-02-14 23:00:00,1741.3,-20.6,1
2016-02-15 00:00:00,1799.8,-19.4,1
2016-02-15 01:00:00,1731.5,-20.0,1
2016-02-15 02:00:00,1579.7,-19.4,1
2016-02-15 03:00:00,1644.6,-16.7,1
2016-02-15 04:00:00,1845.5,-16.7,1
2016-02-15 05:00:00,1807.9,-15.0,1
2016-02-15 06:00:00,1931.4,-14.4,1
2016-02-15 07:00:00,2193.8,-13.3,1
2016-02-15 08:00:00,2254.2,-12.8,1
2016-02-15 09:00:00,2276.8,-11.7,1
2016-02-15 10:00:00,1915.6,-10.6,1
2016-02-15 11:00:00,1656.9,-9.4,1
2016-02-15 12:00:00,1632.4,-8.9,1
2016-02-15 13:00:00,1689.9,-8.3,1
2016-02-15 14:00:00,1571.6,-7.8,1
2016-02-15 15:00:00,1661.2,-7.2,1
2016-02-15 16:00:00,1489.6,-6.7,1
2016-02-15 17:00:00,1672.3,-6.1,1
2016-02-15 18:00:00,1764.3,-6.1,1
2016-02-15 19:00:00,1777.7,-5.0,1
2016-02-15 20:00:00,1717.9,-5.0,1
2016-02-15 21:00:00,1626.9,-4.4,1
2016-02-15 22:00:00,1726.8,-3.9,1
2016-02-15 23:00:00,1875.2,-3.9,1
2016-02-16 00:00:00,1819.4,-3.9,1
2016-02-16 01:00:00,1698.9,-2.8,1
2016-02-16 02:00:00,1758.3,-1.7,1
2016-02-16 03:00:00,1712.6,-0.6,1
2016-02-16 04:00:00,1786.9,0.0,1
2016-02-16 05:00:00,1729.9,0.6,1
2016-02-16 06:00:00,2029.6,1.1,1
2016-02-16 07:00:00,2058.5,2.2,1
2016-02-16 08:00:00,2283.5,2.8,1
2016-02-16 09:00:00,2193.3,0.6,1
2016-02-16 10:00:00,2066.1,0.0,1
2016-02-16 11:00:00,2019.3,0.0,1
2016-02-16 12:00:00,1787.6,0.6,1
2016-02-16 13:00:00,1695.2,0.6,1
2016-02-16 14:00:00,1579.4,0.6,1
2016-02-16 15:00:00,1749.5,0.0,1
2016-02-16 16:00:00,1825.1,-1.7,1
2016-02-16 17:00:00,1984.9,-2.0,1
2016-02-16 18:00:00,1991.2,-2.2,1
2016-02-16 19:00:00,2060.4,-1.7,1
2016-02-16 20:00:00,1918.8,-1.7,1
2016-02-16 21:00:00,1774.3,-1.7,1
2016-02-16 22:00:00,1763.4,-1.7,1
2016-02-16 23:00:00,1819.9,-1.7,1
2016-02-17 00:00:00,1907.1,-1.7,1
2016-02-17 01:00:00,1742.2,-1.7,1
2016-02-17 02:00:00,1736.3,-2.2,1
2016-02-17 03:00:00,1691.2,-2.2,1
2016-02-17 04:00:00,1789.5,-2.8,1
2016-02-17 05:00:00,1805.9,-2.8,1
2016-02-17 06:00:00,1960.2,-2.8,1
2016-02-17 07:00:00,2245.9,-2.8,1
2016-02-17 08:00:00,2403.2,-2.8,1
2016-02-17 09:00:00,2353.2,-2.2,1
2016-02-17 10:00:00,2352.7,-2.2,1
2016-02-17 11:00:00,2352.1,-1.1,1
2016-02-17 12:00:00,2351.6,0.0,1
2016-02-17 13:00:00,2351.1,-1.1,1
2016-02-17 14:00:00,2350.6,-0.6,1
2016-02-17 15:00:00,2350.1,-0.6,1
2016-02-17 16:00:00,2349.4,-0.6,1
2016-02-17 17:00:00,2348.7,-1.1,1
2016-02-17 18:00:00,2347.9,-1.7,1
2016-02-17 19:00:00,2347.2,-2.8,1
2016-02-17 20:00:00,2346.5,-3.9,1
2016-02-17 21:00:00,2345.8,-3.9,1
2016-02-17 22:00:00,2345.1,-5.0,1
2016-02-17 23:00:00,2344.4,-5.6,1
2016-02-18 00:00:00,2343.6,-7.0,1
2016-02-18 01:00:00,2342.9,-7.2,1
2016-02-18 02:00:00,2342.2,-7.8,1
2016-02-18 03:00:00,2341.5,-8.3,1
2016-02-18 04:00:00,2340.8,-8.9,1
2016-02-18 05:00:00,2340.0,-10.0,1
2016-02-18 06:00:00,2339.3,-10.6,1
2016-02-18 07:00:00,2338.6,-11.7,1
2016-02-18 08:00:00,2337.9,-12.2,1
2016-02-18 09:00:00,2337.2,-11.1,1
2016-02-18 10:00:00,2336.4,-10.0,1
2016-02-18 11:00:00,2335.7,-9.4,1
2016-02-18 12:00:00,2335.0,-8.3,1
2016-02-18 13:00:00,2334.3,-8.3,1
2016-02-18 14:00:00,2333.6,-7.2,1
2016-02-18 15:00:00,2332.9,-6.1,1
2016-02-18 16:00:00,2332.1,-7.2,1
2016-02-18 17:00:00,2331.4,-7.8,1
2016-02-18 18:00:00,2330.7,-11.1,1
2016-02-18 19:00:00,2330.0,-13.9,1
2016-02-18 20:00:00,2329.3,-15.6,1
2016-02-18 21:00:00,2328.5,-15.6,1
2016-02-18 22:00:00,2327.8,-16.7,1
2016-02-18 23:00:00,2327.1,-17.2,1
2016-02-19 00:00:00,2326.4,-16.1,1
2016-02-19 01:00:00,2325.7,-16.1,1
2016-02-19 02:00:00,2324.9,-15.0,1
2016-02-19 03:00:00,2324.2,-15.6,1
2016-02-19 04:00:00,2323.5,-16.1,1
2016-02-19 05:00:00,2322.8,-15.0,1
2016-02-19 06:00:00,2322.1,-14.4,1
2016-02-19 07:00:00,2321.4,-11.1,1
2016-02-19 08:00:00,2320.6,-7.8,1
2016-02-19 09:00:00,2319.9,-6.1,1
2016-02-19 10:00:00,2319.2,-3.9,1
2016-02-19 11:00:00,2318.5,-3.3,1
2016-02-19 12:00:00,2317.8,-2.2,1
2016-02-19 13:00:00,2317.0,-1.7,1
2016-02-19 14:00:00,2316.3,-1.1,1
2016-02-19 15:00:00,2315.6,0.0,1
2016-02-19 16:00:00,2314.9,0.6,1
2016-02-19 17:00:00,2314.2,1.1,1
2016-02-19 18:00:00,2313.4,1.1,1
2016-02-19 19:00:00,2312.7,1.1,1
2016-02-19 20:00:00,2312.0,0.6,1
2016-02-19 21:00:00,2311.3,0.6,1
2016-02-19 22:00:00,2310.6,0.0,1
2016-02-19 23:00:00,2309.9,0.6,1
2016-02-20 00:00:00,2309.1,0.6,1
2016-02-20 01:00:00,2308.4,1.1,1
2016-02-20 02:00:00,2307.7,1.4,1
2016-02-20 03:00:00,2307.0,1.7,1
2016-02-20 04:00:00,2306.3,2.2,1
2016-02-20 05:00:00,2305.5,2.2,1
2016-02-20 06:00:00,2304.8,2.2,1
2016-02-20 07:00:00,2304.1,2.2,1
2016-02-20 08:00:00,2303.4,3.9,1
2016-02-20 09:00:00,2302.7,6.7,1
2016-02-20 10:00:00,2301.9,8.9,1
2016-02-20 11:00:00,2301.2,10.6,1
2016-02-20 12:00:00,2300.5,11.7,1
2016-02-20 13:00:00,2299.8,12.2,1
2016-02-20 14:00:00,2299.1,13.3,1
2016-02-20 15:00:00,2298.3,12.8,1
2016-02-20 16:00:00,2297.6,12.8,1
2016-02-20 17:00:00,2296.9,13.3,1
2016-02-20 18:00:00,2296.2,10.6,1
2016-02-20 19:00:00,2295.5,8.9,1
2016-02-20 20:00:00,2294.8,10.0,1
2016-02-20 21:00:00,2294.0,6.1,1
2016-02-20 22:00:00,2293.3,5.0,1
2016-02-20 23:00:00,2292.6,3.9,1
2016-02-21 00:00:00,2291.9,5.0,1
2016-02-21 01:00:00,2291.2,4.4,1
2016-02-21 02:00:00,2290.4,4.4,1
2016-02-21 03:00:00,2289.7,4.4,1
2016-02-21 04:00:00,2289.0,2.8,1
2016-02-21 05:00:00,2288.3,1.7,1
2016-02-21 06:00:00,2287.6,0.0,1
2016-02-21 07:00:00,2286.8,-2.2,1
2016-02-21 08:00:00,2286.1,-1.1,1
2016-02-21 09:00:00,2285.4,2.8,1
2016-02-21 10:00:00,2284.7,2.8,1
2016-02-21 11:00:00,2284.0,3.3,1
2016-02-21 12:00:00,2283.3,3.9,1
2016-02-21 13:00:00,2282.5,3.9,1
2016-02-21 14:00:00,2281.8,3.9,1
2016-02-21 15:00:00,2281.1,3.9,1
2016-02-21 16:00:00,2280.4,3.9,1
2016-02-21 17:00:00,2279.7,3.3,1
2016-02-21 18:00:00,2278.9,2.8,1
2016-02-21 19:00:00,2278.2,2.2,1
2016-02-21 20:00:00,2277.5,1.1,1
2016-02-21 21:00:00,2276.8,-1.1,1
2016-02-21 22:00:00,2276.1,-3.3,1
2016-02-21 23:00:00,2275.3,-0.6,1
2016-02-22 00:00:00,2274.6,-1.1,1
2016-02-22 01:00:00,2273.9,-0.6,1
2016-02-22 02:00:00,2273.2,-1.1,1
2016-02-22 03:00:00,2272.5,-2.2,1
2016-02-22 04:00:00,2271.8,-3.9,1
2016-02-22 05:00:00,2271.0,-5.6,1
2016-02-22 06:00:00,2270.3,-6.1,1
2016-02-22 07:00:00,2269.6,-7.2,1
2016-02-22 08:00:00,2268.9,-5.0,1
2016-02-22 09:00:00,2268.2,-3.3,1
2016-02-22 10:00:00,2267.4,-1.7,1
2016-02-22 11:00:00,2266.7,-1.1,1
2016-02-22 12:00:00,2266.0,-1.7,1
2016-02-22 13:00:00,2265.3,-0.6,1
2016-02-22 14:00:00,2264.6,0.6,1
2016-02-22 15:00:00,2263.8,0.0,1
2016-02-22 16:00:00,2263.1,0.0,1
2016-02-22 17:00:00,2262.4,-1.6,1
2016-02-22 18:00:00,2261.7,-3.3,1
2016-02-22 19:00:00,2261.0,-5.0,1
2016-02-22 20:00:00,2260.2,-6.1,1
2016-02-22 21:00:00,2259.5,-7.2,1
2016-02-22 22:00:00,2258.8,-7.2,1
2016-02-22 23:00:00,2258.1,-8.3,1
2016-02-23 00:00:00,2257.4,-7.8,1
2016-02-23 01:00:00,2256.7,-8.3,1
2016-02-23 02:00:00,2255.9,-8.9,1
2016-02-23 03:00:00,2255.2,-9.4,1
2016-02-23 04:00:00,2254.5,-9.4,1
2016-02-23 05:00:00,2253.8,-9.4,1
2016-02-23 06:00:00,2253.1,-8.3,1
2016-02-23 07:00:00,2252.3,-8.3,1
2016-02-23 08:00:00,2251.6,-7.8,1
2016-02-23 09:00:00,2250.9,-2.2,1
2016-02-23 10:00:00,2250.2,1.7,1
2016-02-23 11:00:00,2249.5,3.9,1
2016-02-23 12:00:00,2248.7,5.0,1
2016-02-23 13:00:00,2248.0,5.6,1
2016-02-23 14:00:00,2247.3,4.4,1
2016-02-23 15:00:00,2246.6,4.4,1
2016-02-23 16:00:00,2245.9,3.3,1
2016-02-23 17:00:00,2245.2,2.8,1
2016-02-23 18:00:00,2244.4,2.2,1
2016-02-23 19:00:00,2243.7,1.7,1
2016-02-23 20:00:00,2243.0,0.6,1
2016-02-23 21:00:00,2242.3,0.6,1
2016-02-23 22:00:00,2241.6,0.6,1
2016-02-23 23:00:00,2240.8,0.6,1
2016-02-24 00:00:00,2240.1,1.1,1
2016-02-24 01:00:00,2239.4,1.1,1
2016-02-24 02:00:00,2238.7,1.1,1
2016-02-24 03:00:00,2238.0,1.1,1
2016-02-24 04:00:00,2237.2,1.1,1
2016-02-24 05:00:00,2236.5,1.1,1
2016-02-24 06:00:00,2235.8,1.1,1
2016-02-24 07:00:00,2235.1,1.7,1
2016-02-24 08:00:00,2234.4,1.7,1
2016-02-24 09:00:00,2233.7,2.8,1
2016-02-24 10:00:00,2232.9,3.3,1
2016-02-24 11:00:00,2232.2,3.9,1
2016-02-24 12:00:00,2231.5,4.4,1
2016-02-24 13:00:00,2230.8,5.6,1
2016-02-24 14:00:00,2230.1,6.7,1
2016-02-24 15:00:00,2229.3,7.8,1
2016-02-24 16:00:00,2228.6,8.9,1
2016-02-24 17:00:00,2227.9,8.9,1
2016-02-24 18:00:00,2227.2,10.0,1
2016-02-24 19:00:00,2226.5,10.6,1
2016-02-24 20:00:00,2225.7,10.0,1
2016-02-24 21:00:00,2225.0,10.6,1
2016-02-24 22:00:00,2224.3,11.1,1
2016-02-24 23:00:00,2223.6,10.0,1
2016-02-25 00:00:00,2222.9,8.9,1
2016-02-25 01:00:00,2222.2,10.6,1
2016-02-25 02:00:00,2221.4,10.0,1
2016-02-25 03:00:00,2220.7,10.0,1
2016-02-25 04:00:00,2220.0,8.9,1
2016-02-25 05:00:00,2219.3,7.8,1
2016-02-25 06:00:00,2218.6,7.2,1
2016-02-25 07:00:00,2217.8,6.7,1
2016-02-25 08:00:00,2217.1,5.6,1
2016-02-25 09:00:00,2216.4,5.0,1
2016-02-25 10:00:00,2215.7,3.9,1
2016-02-25 11:00:00,2215.0,3.3,1
2016-02-25 12:00:00,2214.2,3.9,1
2016-02-25 13:00:00,2213.5,4.4,1
2016-02-25 14:00:00,2212.8,1.1,1
2016-02-25 15:00:00,2212.1,2.2,1
2016-02-25 16:00:00,2211.4,1.7,1
2016-02-25 17:00:00,2210.6,0.0,1
2016-02-25 18:00:00,2209.9,-0.6,1
2016-02-25 19:00:00,2209.2,-1.7,1
2016-02-25 20:00:00,2208.5,-2.8,1
2016-02-25 21:00:00,2207.8,-3.3,1
2016-02-25 22:00:00,2207.1,-3.3,1
2016-02-25 23:00:00,2206.3,-3.3,1
2016-02-26 00:00:00,2205.6,-3.9,1
2016-02-26 01:00:00,2204.9,-5.0,1
2016-02-26 02:00:00,2204.2,-5.0,1
2016-02-26 03:00:00,2203.5,-5.6,1
2016-02-26 04:00:00,2202.7,-6.1,1
2016-02-26 05:00:00,2202.0,-6.7,1
2016-02-26 06:00:00,2201.3,-7.8,1
2016-02-26 07:00:00,2200.6,-8.3,1
2016-02-26 08:00:00,2199.9,-8.3,1
2016-02-26 09:00:00,2199.1,-8.9,1
2016-02-26 10:00:00,2198.4,-8.9,1
2016-02-26 11:00:00,2197.7,-8.3,1
2016-02-26 12:00:00,2197.0,-7.2,1
2016-02-26 13:00:00,2196.3,-6.7,1
2016-02-26 14:00:00,2195.6,-6.1,1
2016-02-26 15:00:00,2194.8,-5.2,1
2016-02-26 16:00:00,2194.1,-4.4,1
2016-02-26 17:00:00,2193.4,-5.0,1
2016-02-26 18:00:00,2192.7,-6.1,1
2016-02-26 19:00:00,2192.0,-6.1,1
2016-02-26 20:00:00,2191.2,-6.1,1
2016-02-26 21:00:00,2190.5,-6.1,1
2016-02-26 22:00:00,2189.8,-5.6,1
2016-02-26 23:00:00,2189.1,-5.6,1
2016-02-27 00:00:00,2188.4,-5.6,1
2016-02-27 01:00:00,2187.6,-5.6,1
2016-02-27 02:00:00,2186.9,-5.6,1
2016-02-27 03:00:00,2186.2,-5.6,1
2016-02-27 04:00:00,2185.5,-6.1,1
2016-02-27 05:00:00,2184.8,-6.1,1
2016-02-27 06:00:00,2184.1,-8.9,1
2016-02-27 07:00:00,2183.3,-10.6,1
2016-02-27 08:00:00,2182.6,-6.7,1
2016-02-27 09:00:00,2181.9,-2.8,1
2016-02-27 10:00:00,2181.2,-1.7,1
2016-02-27 11:00:00,2180.5,-0.6,1
2016-02-27 12:00:00,2179.7,1.7,1
2016-02-27 13:00:00,2179.0,1.7,1
2016-02-27 14:00:00,2178.3,2.8,1
2016-02-27 15:00:00,2177.6,2.2,1
2016-02-27 16:00:00,2176.9,2.2,1
2016-02-27 17:00:00,2176.1,1.7,1
2016-02-27 18:00:00,2175.4,1.7,1
2016-02-27 19:00:00,2174.7,1.1,1
2016-02-27 20:00:00,2174.0,1.1,1
2016-02-27 21:00:00,2173.3,1.1,1
2016-02-27 22:00:00,2172.6,1.1,1
2016-02-27 23:00:00,2171.8,0.6,1
2016-02-28 00:00:00,2171.1,1.7,1
2016-02-28 01:00:00,2170.4,1.7,1
2016-02-28 02:00:00,2169.7,1.7,1
2016-02-28 03:00:00,2169.0,0.6,1
2016-02-28 04:00:00,2168.2,1.1,1
2016-02-28 05:00:00,2167.5,0.6,1
2016-02-28 06:00:00,2166.8,0.6,1
2016-02-28 07:00:00,2166.1,2.2,1
2016-02-28 08:00:00,2165.4,4.4,1
2016-02-28 09:00:00,2164.6,6.7,1
2016-02-28 10:00:00,2163.9,7.8,1
2016-02-28 11:00:00,2163.2,10.6,1
2016-02-28 12:00:00,2162.5,12.8,1
2016-02-28 13:00:00,2161.8,14.4,1
2016-02-28 14:00:00,2161.0,15.0,1
2016-02-28 15:00:00,2160.3,16.7,1
2016-02-28 16:00:00,2159.6,16.7,1
2016-02-28 17:00:00,2158.9,16.7,1
2016-02-28 18:00:00,2158.2,11.7,1
2016-02-28 19:00:00,2157.5,11.1,1
2016-02-28 20:00:00,2156.7,11.7,1
2016-02-28 21:00:00,2156.0,11.1,1
2016-02-28 22:00:00,2155.3,10.0,1
2016-02-28 23:00:00,2154.6,11.1,1
2016-02-29 00:00:00,2153.9,10.6,1
2016-02-29 01:00:00,2153.1,10.6,1
2016-02-29 02:00:00,2152.4,9.4,1
2016-02-29 03:00:00,2151.7,10.0,1
2016-02-29 04:00:00,2151.0,10.6,1
2016-02-29 05:00:00,2150.3,10.0,1
2016-02-29 06:00:00,2149.5,9.4,1
2016-02-29 07:00:00,2148.8,8.9,1
2016-02-29 08:00:00,2148.1,9.4,1
2016-02-29 09:00:00,2147.4,8.3,1
2016-02-29 10:00:00,2146.7,3.3,1
2016-02-29 11:00:00,2146.0,3.3,1
2016-02-29 12:00:00,2145.2,5.6,1
2016-02-29 13:00:00,2144.5,5.0,1
2016-02-29 14:00:00,2143.8,6.7,1
2016-02-29 15:00:00,2143.1,7.8,1
2016-02-29 16:00:00,2142.4,7.2,1
2016-02-29 17:00:00,2141.6,6.1,1
2016-02-29 18:00:00,2140.9,6.1,1
2016-02-29 19:00:00,2140.2,6.1,1
2016-02-29 20:00:00,2139.5,6.1,1
2016-02-29 21:00:00,2138.8,6.7,1
2016-02-29 22:00:00,2138.0,2.8,1
2016-02-29 23:00:00,2137.3,-1.1,1
2016-03-01 00:00:00,2136.6,-2.8,1
2016-03-01 01:00:00,2135.9,-5.0,1
2016-03-01 02:00:00,2135.2,-6.1,1
2016-03-01 03:00:00,2134.5,-6.1,1
2016-03-01 04:00:00,2133.7,-6.7,1
2016-03-01 05:00:00,2133.0,-7.2,1
2016-03-01 06:00:00,2132.3,-7.8,1
2016-03-01 07:00:00,2131.6,-6.7,1
2016-03-01 08:00:00,2130.9,-6.1,1
2016-03-01 09:00:00,2130.1,-5.6,1
2016-03-01 10:00:00,2129.4,-4.4,1
2016-03-01 11:00:00,2128.7,-3.3,1
2016-03-01 12:00:00,2128.0,-2.2,1
2016-03-01 13:00:00,2127.3,0.6,1
2016-03-01 14:00:00,2126.5,2.8,1
2016-03-01 15:00:00,2125.8,5.0,1
2016-03-01 16:00:00,2125.1,6.7,1
2016-03-01 17:00:00,2124.4,6.7,1
2016-03-01 18:00:00,2123.7,4.4,1
2016-03-01 19:00:00,2122.9,8.9,1
2016-03-01 20:00:00,2122.2,9.4,1
2016-03-01 21:00:00,2121.5,8.9,1
2016-03-01 22:00:00,2120.8,7.8,1
2016-03-01 23:00:00,2120.1,7.8,1
2016-03-02 00:00:00,2119.4,8.3,1
2016-03-02 01:00:00,2118.6,8.9,1
2016-03-02 02:00:00,2117.9,8.3,1
2016-03-02 03:00:00,2117.2,7.8,1
2016-03-02 04:00:00,2116.5,3.9,1
2016-03-02 05:00:00,2115.8,0.6,1
2016-03-02 06:00:00,2115.0,-1.1,1
2016-03-02 07:00:00,2114.3,-4.4,1
2016-03-02 08:00:00,2113.6,-5.6,1
2016-03-02 09:00:00,2112.9,-6.1,1
2016-03-02 10:00:00,2112.2,-6.1,1
2016-03-02 11:00:00,2111.4,-4.4,1
2016-03-02 12:00:00,2110.7,-3.9,1
2016-03-02 13:00:00,2110.0,-3.3,1
2016-03-02 14:00:00,2109.3,-3.9,1
2016-03-02 15:00:00,2108.6,-3.9,1
2016-03-02 16:00:00,2107.9,-4.4,1
2016-03-02 17:00:00,2107.1,-5.0,1
2016-03-02 18:00:00,2106.4,-5.6,1
2016-03-02 19:00:00,2105.7,-6.1,1
2016-03-02 20:00:00,2105.0,-6.1,1
2016-03-02 21:00:00,2104.3,-6.7,1
2016-03-02 22:00:00,2103.5,-7.2,1
2016-03-02 23:00:00,2102.8,-7.2,1
2016-03-03 00:00:00,2102.1,-7.8,1
2016-03-03 01:00:00,2101.4,-7.8,1
2016-03-03 02:00:00,2100.7,-8.3,1
2016-03-03 03:00:00,2099.9,-8.3,1
2016-03-03 04:00:00,2099.2,-8.9,1
2016-03-03 05:00:00,2098.5,-9.4,1
2016-03-03 06:00:00,2097.8,-10.0,1
2016-03-03 07:00:00,2097.1,-10.6,1
2016-03-03 08:00:00,2096.4,-9.4,1
2016-03-03 09:00:00,2095.6,-8.3,1
2016-03-03 10:00:00,2094.9,-7.2,1
2016-03-03 11:00:00,2094.2,-5.6,1
2016-03-03 12:00:00,2093.5,-5.0,1
2016-03-03 13:00:00,2092.8,-5.0,1
2016-03-03 14:00:00,2092.0,-4.0,1
2016-03-03 15:00:00,2091.3,-3.9,1
2016-03-03 16:00:00,2090.6,-3.9,1
2016-03-03 17:00:00,2089.9,-3.9,1
2016-03-03 18:00:00,2089.2,-4.4,1
2016-03-03 19:00:00,2088.4,-5.0,1
2016-03-03 20:00:00,2087.7,-5.0,1
2016-03-03 21:00:00,2087.0,-5.0,1
2016-03-03 22:00:00,2086.3,-5.6,1
2016-03-03 23:00:00,2085.6,-6.1,1
2016-03-04 00:00:00,2084.9,-6.1,1
2016-03-04 01:00:00,2084.1,-6.1,1
2016-03-04 02:00:00,2083.4,-5.6,1
2016-03-04 03:00:00,2082.7,-6.1,1
2016-03-04 04:00:00,2082.0,-6.7,1
2016-03-04 05:00:00,2081.3,-6.7,1
2016-03-04 06:00:00,2080.5,-7.2,1
2016-03-04 07:00:00,2079.8,-6.7,1
2016-03-04 08:00:00,2079.1,-6.1,1
2016-03-04 09:00:00,2078.4,-5.0,1
2016-03-04 10:00:00,2077.7,-3.9,1
2016-03-04 11:00:00,2076.9,-2.8,1
2016-03-04 12:00:00,2076.2,-1.1,1
2016-03-04 13:00:00,2075.5,-2.2,1
2016-03-04 14:00:00,2074.8,-2.2,1
2016-03-04 15:00:00,2074.1,-1.7,1
2016-03-04 16:00:00,2073.3,-2.2,1
2016-03-04 17:00:00,2072.6,-2.8,1
2016-03-04 18:00:00,2071.9,-3.3,1
2016-03-04 19:00:00,2071.2,-3.3,1
2016-03-04 20:00:00,2070.5,-3.9,1
2016-03-04 21:00:00,2069.8,-5.0,1
2016-03-04 22:00:00,2069.0,-7.2,1
2016-03-04 23:00:00,2068.3,-7.8,1
2016-03-05 00:00:00,2067.6,-8.4,1
2016-03-05 01:00:00,2066.9,-8.9,1
2016-03-05 02:00:00,2066.2,-11.7,1
2016-03-05 03:00:00,2065.4,-12.2,1
2016-03-05 04:00:00,2064.7,-12.8,1
2016-03-05 05:00:00,2064.0,-12.8,1
2016-03-05 06:00:00,2063.3,-13.3,1
2016-03-05 07:00:00,2062.6,-12.8,1
2016-03-05 08:00:00,2061.8,-7.8,1
2016-03-05 09:00:00,2061.1,-5.0,1
2016-03-05 10:00:00,2060.4,-3.3,1
2016-03-05 11:00:00,2059.7,-1.1,1
2016-03-05 12:00:00,2059.0,-1.1,1
2016-03-05 13:00:00,2058.3,0.0,1
2016-03-05 14:00:00,2057.5,-1.1,1
2016-03-05 15:00:00,2056.8,-0.6,1
2016-03-05 16:00:00,2056.1,-1.7,1
2016-03-05 17:00:00,2055.4,-1.7,1
2016-03-05 18:00:00,2054.7,-2.2,1
2016-03-05 19:00:00,2053.9,-2.8,1
2016-03-05 20:00:00,2053.2,-2.8,1
2016-03-05 21:00:00,2052.5,-2.8,1
2016-03-05 22:00:00,2051.8,-3.3,1
2016-03-05 23:00:00,2051.1,-3.3,1
2016-03-06 00:00:00,2050.3,-3.8,1
2016-03-06 01:00:00,2049.6,-4.4,1
2016-03-06 02:00:00,2048.9,-4.4,1
2016-03-06 03:00:00,2048.2,-5.0,1
2016-03-06 04:00:00,2047.5,-5.0,1
2016-03-06 05:00:00,2046.8,-5.0,1
2016-03-06 06:00:00,2046.0,-5.0,1
2016-03-06 07:00:00,2045.3,-4.7,1
2016-03-06 08:00:00,2044.6,-4.4,1
2016-03-06 09:00:00,2043.9,-2.8,1
2016-03-06 10:00:00,2043.2,1.1,1
2016-03-06 11:00:00,2042.4,0.0,1
2016-03-06 12:00:00,2041.7,-0.6,1
2016-03-06 13:00:00,2041.0,2.2,1
2016-03-06 14:00:00,2040.3,2.8,1
2016-03-06 15:00:00,2039.6,3.3,1
2016-03-06 16:00:00,2038.8,3.9,1
2016-03-06 17:00:00,2038.1,3.3,1
2016-03-06 18:00:00,2037.4,2.2,1
2016-03-06 19:00:00,2036.7,-2.2,1
2016-03-06 20:00:00,2036.0,-2.2,1
2016-03-06 21:00:00,2035.3,-0.6,1
2016-03-06 22:00:00,2034.5,-0.6,1
2016-03-06 23:00:00,2033.8,0.0,1
2016-03-07 00:00:00,2033.1,0.6,1
2016-03-07 01:00:00,2032.4,0.6,1
2016-03-07 02:00:00,2031.7,1.1,1
2016-03-07 03:00:00,2030.9,1.1,1
2016-03-07 04:00:00,2030.2,1.7,1
2016-03-07 05:00:00,2029.5,1.7,1
2016-03-07 06:00:00,2028.8,1.7,1
2016-03-07 07:00:00,2028.1,1.1,1
2016-03-07 08:00:00,2027.3,2.2,1
2016-03-07 09:00:00,2026.6,5.0,1
2016-03-07 10:00:00,2025.9,8.3,1
2016-03-07 11:00:00,2025.2,11.7,1
2016-03-07 12:00:00,2024.5,12.8,1
2016-03-07 13:00:00,2023.7,13.3,1
2016-03-07 14:00:00,2023.0,13.8,1
2016-03-07 15:00:00,2022.3,14.4,1
2016-03-07 16:00:00,2021.6,13.3,1
2016-03-07 17:00:00,2020.9,12.2,1
2016-03-07 18:00:00,2020.2,10.6,1
2016-03-07 19:00:00,2019.4,8.3,1
2016-03-07 20:00:00,2018.7,6.7,1
2016-03-07 21:00:00,2018.0,6.1,1
2016-03-07 22:00:00,2017.3,6.1,1
2016-03-07 23:00:00,2016.6,2.2,1
2016-03-08 00:00:00,2015.8,1.1,1
2016-03-08 01:00:00,2015.1,3.9,1
2016-03-08 02:00:00,2014.4,4.4,1
2016-03-08 03:00:00,2013.7,4.4,1
2016-03-08 04:00:00,2013.0,3.9,1
2016-03-08 05:00:00,2012.2,2.8,1
2016-03-08 06:00:00,2011.5,1.7,1
2016-03-08 07:00:00,2010.8,1.7,1
2016-03-08 08:00:00,2010.1,4.4,1
2016-03-08 09:00:00,2009.4,5.6,1
2016-03-08 10:00:00,2008.7,8.3,1
2016-03-08 11:00:00,2007.9,12.8,1
2016-03-08 12:00:00,2007.2,15.0,1
2016-03-08 13:00:00,2006.5,16.1,1
2016-03-08 14:00:00,2005.8,17.8,1
2016-03-08 15:00:00,2005.1,18.3,1
2016-03-08 16:00:00,2004.3,20.0,1
2016-03-08 17:00:00,2003.6,18.9,1
2016-03-08 18:00:00,2002.9,16.1,1
2016-03-08 19:00:00,2002.2,13.9,1
2016-03-08 20:00:00,2001.5,13.3,1
2016-03-08 21:00:00,2000.7,9.4,1
2016-03-08 22:00:00,2000.0,6.7,1
2016-03-08 23:00:00,1999.3,11.7,1
2016-03-09 00:00:00,1998.6,15.0,1
2016-03-09 01:00:00,1997.9,13.3,1
2016-03-09 02:00:00,1997.2,6.7,1
2016-03-09 03:00:00,1996.4,11.1,1
2016-03-09 04:00:00,1995.7,13.9,1
2016-03-09 05:00:00,1995.0,13.3,1
2016-03-09 06:00:00,1994.3,13.9,1
2016-03-09 07:00:00,1993.6,12.8,1
2016-03-09 08:00:00,1992.8,15.0,1
2016-03-09 09:00:00,1992.1,17.8,1
2016-03-09 10:00:00,1991.4,20.0,1
2016-03-09 11:00:00,1990.7,21.7,1
2016-03-09 12:00:00,1990.0,21.7,1
2016-03-09 13:00:00,1989.2,22.8,1
2016-03-09 14:00:00,1988.5,23.3,1
2016-03-09 15:00:00,1987.8,24.4,1
2016-03-09 16:00:00,1987.1,22.8,1
2016-03-09 17:00:00,1986.4,22.2,1
2016-03-09 18:00:00,1985.6,21.7,1
2016-03-09 19:00:00,1984.9,20.6,1
2016-03-09 20:00:00,1984.2,18.9,1
2016-03-09 21:00:00,1983.5,20.0,1
2016-03-09 22:00:00,1982.8,18.9,1
2016-03-09 23:00:00,1982.1,17.8,1
2016-03-10 00:00:00,1981.3,16.1,1
2016-03-10 01:00:00,1980.6,15.0,1
2016-03-10 02:00:00,1979.9,13.9,1
2016-03-10 03:00:00,1979.2,12.8,1
2016-03-10 04:00:00,1978.5,11.7,1
2016-03-10 05:00:00,1977.7,11.7,1
2016-03-10 06:00:00,1977.0,12.2,1
2016-03-10 07:00:00,1976.3,11.7,1
2016-03-10 08:00:00,1975.6,12.2,1
2016-03-10 09:00:00,1974.9,13.9,1
2016-03-10 10:00:00,1974.1,14.4,1
2016-03-10 11:00:00,1973.4,15.0,1
2016-03-10 12:00:00,1972.7,14.4,1
2016-03-10 13:00:00,1972.0,14.4,1
2016-03-10 14:00:00,1971.3,14.4,1
2016-03-10 15:00:00,1970.6,14.4,1
2016-03-10 16:00:00,1969.8,14.4,1
2016-03-10 17:00:00,1969.1,14.4,1
2016-03-10 18:00:00,1968.4,12.8,1
2016-03-10 19:00:00,1967.7,12.2,1
2016-03-10 20:00:00,1967.0,12.2,1
2016-03-10 21:00:00,1966.2,12.2,1
2016-03-10 22:00:00,1965.5,10.6,1
2016-03-10 23:00:00,1964.8,8.3,1
2016-03-11 00:00:00,1964.1,8.3,1
2016-03-11 01:00:00,1963.4,7.8,1
2016-03-11 02:00:00,1962.6,7.2,1
2016-03-11 03:00:00,1961.9,6.7,1
2016-03-11 04:00:00,1961.2,5.6,1
2016-03-11 05:00:00,1960.5,5.0,1
2016-03-11 06:00:00,1959.8,3.9,1
2016-03-11 07:00:00,1959.1,3.3,1
2016-03-11 08:00:00,1958.3,2.8,1
2016-03-11 09:00:00,1957.6,3.3,1
2016-03-11 10:00:00,1956.9,3.0,1
2016-03-11 11:00:00,1956.2,3.3,1
2016-03-11 12:00:00,1955.5,3.3,1
2016-03-11 13:00:00,1954.7,3.3,1
2016-03-11 14:00:00,1954.0,3.3,1
2016-03-11 15:00:00,1953.3,3.9,1
2016-03-11 16:00:00,1952.6,3.3,1
2016-03-11 17:00:00,1951.9,3.9,1
2016-03-11 18:00:00,1951.1,2.2,1
2016-03-11 19:00:00,1950.4,-1.1,1
2016-03-11 20:00:00,1949.7,-1.7,1
2016-03-11 21:00:00,1949.0,-2.2,1
2016-03-11 22:00:00,1948.3,-3.3,1
2016-03-11 23:00:00,1947.6,-3.9,1
2016-03-12 00:00:00,1946.8,-3.3,1
2016-03-12 01:00:00,1946.1,-2.8,1
2016-03-12 02:00:00,1945.4,-3.3,1
2016-03-12 03:00:00,1944.7,-3.9,1
2016-03-12 04:00:00,1944.0,-3.9,1
2016-03-12 05:00:00,1943.2,-2.2,1
2016-03-12 06:00:00,1942.5,-3.3,1
2016-03-12 07:00:00,1941.8,-1.7,1
2016-03-12 08:00:00,1941.1,0.0,1
2016-03-12 09:00:00,1940.4,3.3,1
2016-03-12 10:00:00,1939.6,7.2,1
2016-03-12 11:00:00,1938.9,10.0,1
2016-03-12 12:00:00,1938.2,12.8,1
2016-03-12 13:00:00,1937.5,15.0,1
2016-03-12 14:00:00,1936.8,16.7,1
2016-03-12 15:00:00,1936.0,17.2,1
2016-03-12 16:00:00,1935.3,16.7,1
2016-03-12 17:00:00,1934.6,15.0,1
2016-03-12 18:00:00,1933.9,11.7,1
2016-03-12 19:00:00,1933.2,7.2,1
2016-03-12 20:00:00,1932.5,6.1,1
2016-03-12 21:00:00,1931.7,4.4,1
2016-03-12 22:00:00,1931.0,2.8,1
2016-03-12 23:00:00,1930.3,4.4,1
2016-03-13 00:00:00,1929.6,8.3,1
2016-03-13 01:00:00,1928.9,9.4,1
2016-03-13 02:00:00,1928.1,7.8,1
2016-03-13 03:00:00,1927.4,7.8,1
2016-03-13 04:00:00,1926.7,3.3,1
2016-03-13 05:00:00,1926.0,2.2,1
2016-03-13 06:00:00,1925.3,2.2,1
2016-03-13 07:00:00,1924.5,2.2,1
2016-03-13 08:00:00,1923.8,6.1,1
2016-03-13 09:00:00,1923.1,7.2,1
2016-03-13 10:00:00,1922.4,7.8,1
2016-03-13 11:00:00,1921.7,8.3,1
2016-03-13 12:00:00,1921.0,10.0,1
2016-03-13 13:00:00,1920.2,10.0,1
2016-03-13 14:00:00,1919.5,10.0,1
2016-03-13 15:00:00,1918.8,10.6,1
2016-03-13 16:00:00,1918.1,11.1,1
2016-03-13 17:00:00,1917.4,10.6,1
2016-03-13 18:00:00,1916.6,8.3,1
2016-03-13 19:00:00,1915.9,7.8,1
2016-03-13 20:00:00,1915.2,7.2,1
2016-03-13 21:00:00,1914.5,7.2,1
2016-03-13 22:00:00,1913.8,9.4,1
2016-03-13 23:00:00,1913.0,9.4,1
2016-03-14 00:00:00,1912.3,8.9,1
2016-03-14 01:00:00,1911.6,7.2,1
2016-03-14 02:00:00,1910.9,5.6,1
2016-03-14 03:00:00,1910.2,5.6,1
2016-03-14 04:00:00,1909.5,5.0,1
2016-03-14 05:00:00,1908.7,5.0,1
2016-03-14 06:00:00,1908.0,4.4,1
2016-03-14 07:00:00,1907.3,3.9,1
2016-03-14 08:00:00,1906.6,3.9,1
2016-03-14 09:00:00,1905.9,4.4,1
2016-03-14 10:00:00,1905.1,5.6,1
2016-03-14 11:00:00,1904.4,6.1,1
2016-03-14 12:00:00,1903.7,6.7,1
2016-03-14 13:00:00,1903.0,7.2,1
2016-03-14 14:00:00,1902.3,6.1,1
2016-03-14 15:00:00,1901.5,5.6,1
2016-03-14 16:00:00,1900.8,6.1,1
2016-03-14 17:00:00,1900.1,6.7,1
2016-03-14 18:00:00,1899.4,6.7,1
2016-03-14 19:00:00,1898.7,6.1,1
2016-03-14 20:00:00,1898.0,6.1,1
2016-03-14 21:00:00,1897.2,5.8,1
2016-03-14 22:00:00,1896.5,5.6,1
2016-03-14 23:00:00,1895.8,5.6,1
2016-03-15 00:00:00,1895.1,5.6,1
2016-03-15 01:00:00,1894.4,5.6,1
2016-03-15 02:00:00,1893.6,5.6,1
2016-03-15 03:00:00,1892.9,5.6,1
2016-03-15 04:00:00,1892.2,5.6,1
2016-03-15 05:00:00,1891.5,5.6,1
2016-03-15 06:00:00,1890.8,5.6,1
2016-03-15 07:00:00,1890.0,6.1,1
2016-03-15 08:00:00,1889.3,6.7,1
2016-03-15 09:00:00,1888.6,7.8,1
2016-03-15 10:00:00,1887.9,9.4,1
2016-03-15 11:00:00,1887.2,10.0,1
2016-03-15 12:00:00,1886.4,10.0,1
2016-03-15 13:00:00,1885.7,10.6,1
2016-03-15 14:00:00,1885.0,10.0,1
2016-03-15 15:00:00,1884.3,10.6,1
2016-03-15 16:00:00,1883.6,10.0,1
2016-03-15 17:00:00,1882.9,9.4,1
2016-03-15 18:00:00,1882.1,9.2,1
2016-03-15 19:00:00,1881.4,8.9,1
2016-03-15 20:00:00,1880.7,8.9,1
2016-03-15 21:00:00,1880.0,8.3,1
2016-03-15 22:00:00,1879.3,8.3,1
2016-03-15 23:00:00,1878.5,7.2,1
2016-03-16 00:00:00,1877.8,7.2,1
2016-03-16 01:00:00,1877.1,6.7,1
2016-03-16 02:00:00,1876.4,6.7,1
2016-03-16 03:00:00,1875.7,6.7,1
2016-03-16 04:00:00,1874.9,5.6,1
2016-03-16 05:00:00,1874.2,5.6,1
2016-03-16 06:00:00,1873.5,5.6,1
2016-03-16 07:00:00,1872.8,6.1,1
2016-03-16 08:00:00,1872.1,7.2,1
2016-03-16 09:00:00,1871.4,7.8,1
2016-03-16 10:00:00,1870.6,10.0,1
2016-03-16 11:00:00,1869.9,12.5,1
2016-03-16 12:00:00,1869.2,15.0,1
2016-03-16 13:00:00,1868.5,16.7,1
2016-03-16 14:00:00,1867.8,16.7,1
2016-03-16 15:00:00,1867.0,15.6,1
2016-03-16 16:00:00,1866.3,15.6,1
2016-03-16 17:00:00,1865.6,15.6,1
2016-03-16 18:00:00,1864.9,11.7,1
2016-03-16 19:00:00,1864.2,9.4,1
2016-03-16 20:00:00,1863.4,7.8,1
2016-03-16 21:00:00,1862.7,7.2,1
2016-03-16 22:00:00,1862.0,6.1,1
2016-03-16 23:00:00,1861.3,4.0,1
2016-03-17 00:00:00,1860.6,2.8,1
2016-03-17 01:00:00,1859.9,2.8,1
2016-03-17 02:00:00,1859.1,2.8,1
2016-03-17 03:00:00,1858.4,1.1,1
2016-03-17 04:00:00,1857.7,2.8,1
2016-03-17 05:00:00,1857.0,3.3,1
2016-03-17 06:00:00,1856.3,3.3,1
2016-03-17 07:00:00,1855.5,3.9,1
2016-03-17 08:00:00,1854.8,6.1,1
2016-03-17 09:00:00,1854.1,9.4,1
2016-03-17 10:00:00,1853.4,11.7,1
2016-03-17 11:00:00,1852.7,11.7,1
2016-03-17 12:00:00,1851.9,13.9,1
2016-03-17 13:00:00,1851.2,14.4,1
2016-03-17 14:00:00,1850.5,13.3,1
2016-03-17 15:00:00,1849.8,12.2,1
2016-03-17 16:00:00,1849.1,11.7,1
2016-03-17 17:00:00,1848.3,11.7,1
2016-03-17 18:00:00,1847.6,8.9,1
2016-03-17 19:00:00,1846.9,8.9,1
2016-03-17 20:00:00,1846.2,9.4,1
2016-03-17 21:00:00,1845.5,8.9,1
2016-03-17 22:00:00,1844.8,6.7,1
2016-03-17 23:00:00,1844.0,6.1,1
2016-03-18 00:00:00,1843.3,5.6,1
2016-03-18 01:00:00,1842.6,5.0,1
2016-03-18 02:00:00,1841.9,3.9,1
2016-03-18 03:00:00,1841.2,3.9,1
2016-03-18 04:00:00,1840.4,2.8,1
2016-03-18 05:00:00,1839.7,2.2,1
2016-03-18 06:00:00,1839.0,1.7,1
2016-03-18 07:00:00,1838.3,2.8,1
2016-03-18 08:00:00,1837.6,3.3,1
2016-03-18 09:00:00,1836.8,2.8,1
2016-03-18 10:00:00,1836.1,2.8,1
2016-03-18 11:00:00,1835.4,2.2,1
2016-03-18 12:00:00,1834.7,3.3,1
2016-03-18 13:00:00,1834.0,3.9,1
2016-03-18 14:00:00,1833.3,2.8,1
2016-03-18 15:00:00,1832.5,1.7,1
2016-03-18 16:00:00,1831.8,1.1,1
2016-03-18 17:00:00,1831.1,1.1,1
2016-03-18 18:00:00,1830.4,0.6,1
2016-03-18 19:00:00,1829.7,0.0,1
2016-03-18 20:00:00,1828.9,0.0,1
2016-03-18 21:00:00,1828.2,-1.1,1
2016-03-18 22:00:00,1827.5,-1.1,1
2016-03-18 23:00:00,1826.8,-2.2,1
2016-03-19 00:00:00,1826.1,-3.9,1
2016-03-19 01:00:00,1825.3,-4.8,1
2016-03-19 02:00:00,1824.6,-5.6,1
2016-03-19 03:00:00,1823.9,-6.1,1
2016-03-19 04:00:00,1823.2,-8.9,1
2016-03-19 05:00:00,1822.5,-7.8,1
2016-03-19 06:00:00,1821.8,-7.8,1
2016-03-19 07:00:00,1821.0,-6.1,1
2016-03-19 08:00:00,1820.3,-3.9,1
2016-03-19 09:00:00,1819.6,-2.8,1
2016-03-19 10:00:00,1818.9,-1.1,1
2016-03-19 11:00:00,1818.2,0.0,1
2016-03-19 12:00:00,1817.4,0.6,1
2016-03-19 13:00:00,1816.7,0.6,1
2016-03-19 14:00:00,1816.0,1.1,1
2016-03-19 15:00:00,1815.3,1.7,1
2016-03-19 16:00:00,1814.6,1.1,1
2016-03-19 17:00:00,1813.8,0.6,1
2016-03-19 18:00:00,1813.1,-1.1,1
2016-03-19 19:00:00,1812.4,-3.9,1
2016-03-19 20:00:00,1811.7,-4.4,1
2016-03-19 21:00:00,1811.0,-5.0,1
2016-03-19 22:00:00,1810.3,-5.6,1
2016-03-19 23:00:00,1809.5,-6.7,1
2016-03-20 00:00:00,1808.8,-8.3,1
2016-03-20 01:00:00,1808.1,-8.9,1
2016-03-20 02:00:00,1807.4,-10.6,1
2016-03-20 03:00:00,1806.7,-11.1,1
2016-03-20 04:00:00,1805.9,-11.1,1
2016-03-20 05:00:00,1805.2,-11.1,1
2016-03-20 06:00:00,1804.5,-11.7,1
2016-03-20 07:00:00,1803.8,-8.9,1
2016-03-20 08:00:00,1803.1,-6.1,1
2016-03-20 09:00:00,1802.3,-3.3,1
2016-03-20 10:00:00,1801.6,0.0,1
2016-03-20 11:00:00,1800.9,1.1,1
2016-03-20 12:00:00,1800.2,1.1,1
2016-03-20 13:00:00,1799.5,2.8,1
2016-03-20 14:00:00,1798.7,3.9,1
2016-03-20 15:00:00,1798.0,5.0,1
2016-03-20 16:00:00,1797.3,4.4,1
2016-03-20 17:00:00,1796.6,3.9,1
2016-03-20 18:00:00,1795.9,3.3,1
2016-03-20 19:00:00,1795.2,2.2,1
2016-03-20 20:00:00,1794.4,0.6,1
2016-03-20 21:00:00,1793.7,-0.6,1
2016-03-20 22:00:00,1793.0,-1.1,1
2016-03-20 23:00:00,1792.3,-1.7,1
2016-03-21 00:00:00,1791.6,-2.2,1
2016-03-21 01:00:00,1790.8,-2.2,1
2016-03-21 02:00:00,1790.1,-2.8,1
2016-03-21 03:00:00,1789.4,-3.9,1
2016-03-21 04:00:00,1788.7,-3.3,1
2016-03-21 05:00:00,1788.0,-5.0,1
2016-03-21 06:00:00,1787.2,-6.1,1
2016-03-21 07:00:00,1786.5,-3.9,1
2016-03-21 08:00:00,1785.8,-2.2,1
2016-03-21 09:00:00,1785.1,0.0,1
2016-03-21 10:00:00,1784.4,1.1,1
2016-03-21 11:00:00,1783.7,2.2,1
2016-03-21 12:00:00,1782.9,1.7,1
2016-03-21 13:00:00,1782.2,2.2,1
2016-03-21 14:00:00,1781.5,2.2,1
2016-03-21 15:00:00,1780.8,1.7,1
2016-03-21 16:00:00,1780.1,-1.1,1
2016-03-21 17:00:00,1779.3,-0.6,1
2016-03-21 18:00:00,1778.6,0.6,1
2016-03-21 19:00:00,1777.9,-0.6,1
2016-03-21 20:00:00,1777.2,-1.7,1
2016-03-21 21:00:00,1776.5,-1.7,1
2016-03-21 22:00:00,1775.7,-1.1,1
2016-03-21 23:00:00,1775.0,-1.1,1
2016-03-22 00:00:00,1774.3,-3.9,1
2016-03-22 01:00:00,1773.6,-3.9,1
2016-03-22 02:00:00,1772.9,-5.0,1
2016-03-22 03:00:00,1772.2,-2.8,1
2016-03-22 04:00:00,1771.4,-2.8,1
2016-03-22 05:00:00,1770.7,-3.3,1
2016-03-22 06:00:00,1770.0,-6.1,1
2016-03-22 07:00:00,1769.3,-4.4,1
2016-03-22 08:00:00,1768.6,-0.6,1
2016-03-22 09:00:00,1767.8,1.7,1
2016-03-22 10:00:00,1767.1,3.9,1
2016-03-22 11:00:00,1766.4,6.1,1
2016-03-22 12:00:00,1765.7,7.2,1
2016-03-22 13:00:00,1765.0,8.3,1
2016-03-22 14:00:00,1764.2,9.4,1
2016-03-22 15:00:00,1763.5,9.4,1
2016-03-22 16:00:00,1762.8,9.4,1
2016-03-22 17:00:00,1762.1,9.4,1
2016-03-22 18:00:00,1761.4,8.9,1
2016-03-22 19:00:00,1760.7,9.6,1
2016-03-22 20:00:00,1759.9,10.4,1
2016-03-22 21:00:00,1759.2,11.1,1
2016-03-22 22:00:00,1758.5,9.4,1
2016-03-22 23:00:00,1773.3,8.9,1
2016-03-23 00:00:00,1788.6,9.4,1
2016-03-23 01:00:00,1770.7,9.4,1
2016-03-23 02:00:00,1795.2,9.4,1
2016-03-23 03:00:00,1888.3,9.4,1
2016-03-23 04:00:00,1874.4,10.0,1
2016-03-23 05:00:00,1977.9,8.3,1
2016-03-23 06:00:00,2081.9,7.8,1
2016-03-23 07:00:00,2042.3,9.4,1
2016-03-23 08:00:00,2030.8,10.0,1
2016-03-23 09:00:00,1648.6,10.0,1
2016-03-23 10:00:00,1431.2,6.7,1
2016-03-23 11:00:00,1173.0,5.0,1
2016-03-23 12:00:00,1050.4,5.0,1
2016-03-23 13:00:00,998.5,4.4,1
2016-03-23 14:00:00,822.0,3.3,1
2016-03-23 15:00:00,674.6,2.8,1
2016-03-23 16:00:00,656.9,2.8,1
2016-03-23 17:00:00,637.8,3.3,1
2016-03-23 18:00:00,773.5,1.7,1
2016-03-23 19:00:00,953.1,1.7,1
2016-03-23 20:00:00,963.5,1.1,1
2016-03-23 21:00:00,970.4,1.7,1
2016-03-23 22:00:00,934.4,1.1,1
2016-03-23 23:00:00,1070.7,1.1,1
2016-03-24 00:00:00,942.0,1.1,1
2016-03-24 01:00:00,909.5,1.1,1
2016-03-24 02:00:00,954.4,1.1,1
2016-03-24 03:00:00,841.3,1.1,1
2016-03-24 04:00:00,953.5,1.1,1
2016-03-24 05:00:00,942.3,1.1,1
2016-03-24 06:00:00,1048.0,1.7,1
2016-03-24 07:00:00,1059.4,1.7,1
2016-03-24 08:00:00,1073.6,2.8,1
2016-03-24 09:00:00,995.4,5.6,1
2016-03-24 10:00:00,913.3,11.1,1
2016-03-24 11:00:00,889.3,15.0,1
2016-03-24 12:00:00,650.6,17.8,1
2016-03-24 13:00:00,493.1,18.9,1
2016-03-24 14:00:00,398.7,21.1,1
2016-03-24 15:00:00,412.7,22.2,1
2016-03-24 16:00:00,346.6,20.6,1
2016-03-24 17:00:00,359.6,20.6,1
2016-03-24 18:00:00,349.6,18.9,1
2016-03-24 19:00:00,459.9,16.7,1
2016-03-24 20:00:00,451.4,14.4,1
2016-03-24 21:00:00,416.7,13.9,1
2016-03-24 22:00:00,460.3,13.9,1
2016-03-24 23:00:00,463.5,13.9,1
2016-03-25 00:00:00,369.8,13.9,1
2016-03-25 01:00:00,395.6,14.4,1
2016-03-25 02:00:00,380.5,12.8,1
2016-03-25 03:00:00,387.0,11.7,1
2016-03-25 04:00:00,443.3,11.1,1
2016-03-25 05:00:00,481.3,10.6,1
2016-03-25 06:00:00,486.6,11.1,1
2016-03-25 07:00:00,541.4,11.1,1
2016-03-25 08:00:00,868.6,12.8,1
2016-03-25 09:00:00,890.4,8.3,1
2016-03-25 10:00:00,751.2,6.7,1
2016-03-25 11:00:00,767.3,7.8,1
2016-03-25 12:00:00,602.2,6.7,1
2016-03-25 13:00:00,436.3,5.0,1
2016-03-25 14:00:00,493.6,5.0,1
2016-03-25 15:00:00,434.5,3.9,1
2016-03-25 16:00:00,861.3,1.7,1
2016-03-25 17:00:00,850.9,1.1,1
2016-03-25 18:00:00,860.9,0.0,1
2016-03-25 19:00:00,861.0,-0.6,1
2016-03-25 20:00:00,960.2,-0.6,1
2016-03-25 21:00:00,1001.7,-0.6,1
2016-03-25 22:00:00,1047.8,-1.1,1
2016-03-25 23:00:00,1064.8,-1.7,1
2016-03-26 00:00:00,1010.7,-1.7,1
2016-03-26 01:00:00,1038.3,-1.7,1
2016-03-26 02:00:00,1043.5,-1.7,1
2016-03-26 03:00:00,983.7,-1.7,1
2016-03-26 04:00:00,996.0,-1.7,1
2016-03-26 05:00:00,1121.3,-1.7,1
2016-03-26 06:00:00,1161.3,-1.7,1
2016-03-26 07:00:00,1183.7,-1.7,1
2016-03-26 08:00:00,1214.2,-0.6,1
2016-03-26 09:00:00,1156.6,0.6,1
2016-03-26 10:00:00,981.3,2.2,1
2016-03-26 11:00:00,1075.1,3.9,1
2016-03-26 12:00:00,1305.4,5.6,1
2016-03-26 13:00:00,1110.6,7.2,1
2016-03-26 14:00:00,1150.4,8.3,1
2016-03-26 15:00:00,1289.5,9.4,1
2016-03-26 16:00:00,1336.7,11.1,1
2016-03-26 17:00:00,1279.0,11.1,1
2016-03-26 18:00:00,1297.1,6.1,1
2016-03-26 19:00:00,1452.3,4.4,1
2016-03-26 20:00:00,1676.5,0.6,1
2016-03-26 21:00:00,1587.0,0.6,1
2016-03-26 22:00:00,1637.0,0.0,1
2016-03-26 23:00:00,1650.5,0.0,1
2016-03-27 00:00:00,1567.9,0.0,1
2016-03-27 01:00:00,1567.0,1.7,1
2016-03-27 02:00:00,1672.7,4.4,1
2016-03-27 03:00:00,1671.6,4.4,1
2016-03-27 04:00:00,1857.4,3.9,1
2016-03-27 05:00:00,1969.0,3.9,1
2016-03-27 06:00:00,2110.6,2.2,1
2016-03-27 07:00:00,2255.0,3.9,1
2016-03-27 08:00:00,2416.8,6.1,1
2016-03-27 09:00:00,2431.8,7.8,1
2016-03-27 10:00:00,2438.1,8.3,1
2016-03-27 11:00:00,2297.0,10.0,1
2016-03-27 12:00:00,2505.6,11.1,1
2016-03-27 13:00:00,2388.6,12.2,1
2016-03-27 14:00:00,2375.3,14.4,1
2016-03-27 15:00:00,2277.7,15.0,1
2016-03-27 16:00:00,2274.2,15.6,1
2016-03-27 17:00:00,2225.9,15.0,1
2016-03-27 18:00:00,2451.1,12.8,1
2016-03-27 19:00:00,2445.8,11.1,1
2016-03-27 20:00:00,2340.3,11.1,1
2016-03-27 21:00:00,2234.9,11.1,1
2016-03-27 22:00:00,2212.7,10.6,1
2016-03-27 23:00:00,2181.5,10.0,1
2016-03-28 00:00:00,2191.4,10.0,1
2016-03-28 01:00:00,2026.4,10.0,1
2016-03-28 02:00:00,2048.3,9.4,1
2016-03-28 03:00:00,2061.4,9.4,1
2016-03-28 04:00:00,1909.2,8.9,1
2016-03-28 05:00:00,2116.0,7.8,1
2016-03-28 06:00:00,2149.6,7.8,1
2016-03-28 07:00:00,2124.9,7.2,1
2016-03-28 08:00:00,2363.2,7.8,1
2016-03-28 09:00:00,2328.1,8.0,1
2016-03-28 10:00:00,2293.0,8.3,1
2016-03-28 11:00:00,2340.8,10.0,1
2016-03-28 12:00:00,2458.2,11.7,1
2016-03-28 13:00:00,2521.0,12.8,1
2016-03-28 14:00:00,2455.1,11.7,1
2016-03-28 15:00:00,2458.4,8.3,1
2016-03-28 16:00:00,2454.1,5.6,1
2016-03-28 17:00:00,2384.5,4.4,1
2016-03-28 18:00:00,2422.0,3.9,1
2016-03-28 19:00:00,2537.4,3.3,1
2016-03-28 20:00:00,2530.4,2.8,1
2016-03-28 21:00:00,2523.5,2.8,1
2016-03-28 22:00:00,2516.6,2.2,1
2016-03-28 23:00:00,2509.7,1.7,1
2016-03-29 00:00:00,2502.8,1.7,1
2016-03-29 01:00:00,2495.9,1.7,1
2016-03-29 02:00:00,2489.0,1.7,1
2016-03-29 03:00:00,2482.1,1.1,1
2016-03-29 04:00:00,2475.2,0.6,1
2016-03-29 05:00:00,2468.3,0.0,1
2016-03-29 06:00:00,2461.4,-0.3,1
2016-03-29 07:00:00,2454.5,-0.6,1
2016-03-29 08:00:00,2447.6,-0.6,1
2016-03-29 09:00:00,2440.7,0.0,1
2016-03-29 10:00:00,2433.8,1.1,1
2016-03-29 11:00:00,2426.9,1.7,1
2016-03-29 12:00:00,2393.4,3.3,1
2016-03-29 13:00:00,2298.6,3.3,1
2016-03-29 14:00:00,2191.7,3.9,1
2016-03-29 15:00:00,2062.6,4.2,1
2016-03-29 16:00:00,2044.2,4.4,1
2016-03-29 17:00:00,1971.0,3.9,1
2016-03-29 18:00:00,2139.7,2.2,1
2016-03-29 19:00:00,2090.3,0.6,1
2016-03-29 20:00:00,2265.9,-0.6,1
2016-03-29 21:00:00,2288.1,-3.3,1
2016-03-29 22:00:00,1758.5,-4.4,0
2016-03-29 23:00:00,1773.3,-5.0,0
2016-03-30 00:00:00,1788.6,-5.6,0
2016-03-30 01:00:00,1770.7,-7.2,0
2016-03-30 02:00:00,1795.2,-7.2,0
2016-03-30 03:00:00,1888.3,-7.2,0
2016-03-30 04:00:00,1874.4,-7.2,0
2016-03-30 05:00:00,1977.9,-7.2,0
2016-03-30 06:00:00,2081.9,-6.1,0
2016-03-30 07:00:00,2042.3,-4.4,0
2016-03-30 08:00:00,2030.8,1.1,0
2016-03-30 09:00:00,1648.6,4.4,0
2016-03-30 10:00:00,1431.2,7.8,0
2016-03-30 11:00:00,1173.0,10.0,0
2016-03-30 12:00:00,1050.4,12.8,0
2016-03-30 13:00:00,998.5,14.8,0
2016-03-30 14:00:00,822.0,16.7,0
2016-03-30 15:00:00,674.6,16.1,0
2016-03-30 16:00:00,656.9,15.0,0
2016-03-30 17:00:00,637.8,13.9,0
2016-03-30 18:00:00,773.5,12.8,0
2016-03-30 19:00:00,953.1,11.7,0
2016-03-30 20:00:00,963.5,11.1,0
2016-03-30 21:00:00,970.4,11.7,0
2016-03-30 22:00:00,934.4,10.6,0
2016-03-30 23:00:00,1070.7,10.0,0
2016-03-31 00:00:00,942.0,10.6,0
2016-03-31 01:00:00,909.5,11.1,0
2016-03-31 02:00:00,954.4,10.8,0
2016-03-31 03:00:00,841.3,10.6,0
2016-03-31 04:00:00,953.5,10.0,0
2016-03-31 05:00:00,942.3,9.4,0
2016-03-31 06:00:00,1048.0,9.4,0
2016-03-31 07:00:00,1059.4,10.0,0
2016-03-31 08:00:00,1073.6,10.6,0
2016-03-31 09:00:00,995.4,11.7,0
2016-03-31 10:00:00,913.3,12.2,0
2016-03-31 11:00:00,889.3,16.1,0
2016-03-31 12:00:00,650.6,17.8,0
2016-03-31 13:00:00,493.1,18.3,0
2016-03-31 14:00:00,398.7,19.4,0
2016-03-31 15:00:00,412.7,20.0,0
2016-03-31 16:00:00,346.6,20.0,0
2016-03-31 17:00:00,359.6,18.9,0
2016-03-31 18:00:00,349.6,18.3,0
2016-03-31 19:00:00,459.9,17.8,0
2016-03-31 20:00:00,451.4,17.8,0
2016-03-31 21:00:00,416.7,17.8,0
2016-03-31 22:00:00,460.3,17.2,0
2016-03-31 23:00:00,463.5,17.2,0
2016-04-01 00:00:00,369.8,17.2,0
2016-04-01 01:00:00,395.6,17.2,0
2016-04-01 02:00:00,380.5,17.2,0
2016-04-01 03:00:00,387.0,16.7,0
2016-04-01 04:00:00,443.3,15.6,0
2016-04-01 05:00:00,481.3,15.0,0
2016-04-01 06:00:00,486.6,16.1,0
2016-04-01 07:00:00,541.4,13.9,0
2016-04-01 08:00:00,868.6,13.3,0
2016-04-01 09:00:00,890.4,13.9,0
2016-04-01 10:00:00,751.2,13.9,0
2016-04-01 11:00:00,767.3,16.1,0
2016-04-01 12:00:00,602.2,14.4,0
2016-04-01 13:00:00,436.3,16.7,0
2016-04-01 14:00:00,493.6,16.7,0
2016-04-01 15:00:00,434.5,13.3,0
2016-04-01 16:00:00,861.3,13.3,0
2016-04-01 17:00:00,850.9,12.8,0
2016-04-01 18:00:00,860.9,11.1,0
2016-04-01 19:00:00,861.0,8.9,0
2016-04-01 20:00:00,960.2,8.3,0
2016-04-01 21:00:00,1001.7,7.8,0
2016-04-01 22:00:00,1047.8,7.2,0
2016-04-01 23:00:00,1064.8,6.7,0
2016-04-02 00:00:00,1010.7,4.4,0
2016-04-02 01:00:00,1038.3,4.4,0
2016-04-02 02:00:00,1043.5,5.0,0
2016-04-02 03:00:00,983.7,5.0,0
2016-04-02 04:00:00,996.0,4.4,0
2016-04-02 05:00:00,1121.3,4.4,0
2016-04-02 06:00:00,1161.3,4.4,0
2016-04-02 07:00:00,1183.7,5.0,0
2016-04-02 08:00:00,1214.2,5.6,0
2016-04-02 09:00:00,1156.6,8.3,0
2016-04-02 10:00:00,981.3,9.4,0
2016-04-02 11:00:00,1075.1,3.9,0
2016-04-02 12:00:00,1305.4,7.2,0
2016-04-02 13:00:00,1110.6,8.9,0
2016-04-02 14:00:00,1150.4,3.3,0
2016-04-02 15:00:00,1289.5,3.9,0
2016-04-02 16:00:00,1336.7,3.3,0
2016-04-02 17:00:00,1279.0,3.3,0
2016-04-02 18:00:00,1297.1,2.8,0
2016-04-02 19:00:00,1452.3,0.6,0
2016-04-02 20:00:00,1676.5,-0.6,0
2016-04-02 21:00:00,1587.0,-0.6,0
2016-04-02 22:00:00,1637.0,-0.6,0
2016-04-02 23:00:00,1650.5,-0.6,0
2016-04-03 00:00:00,1567.9,-0.6,0
2016-04-03 01:00:00,1567.0,-1.1,0
2016-04-03 02:00:00,1672.7,-1.7,0
2016-04-03 03:00:00,1671.6,-2.8,0
2016-04-03 04:00:00,1857.4,-3.9,0
2016-04-03 05:00:00,1969.0,-4.4,0
2016-04-03 06:00:00,2110.6,-5.0,0
2016-04-03 07:00:00,2255.0,-5.6,0
2016-04-03 08:00:00,2416.8,-5.6,0
2016-04-03 09:00:00,2431.8,-5.6,0
2016-04-03 10:00:00,2438.1,-5.0,0
2016-04-03 11:00:00,2297.0,-5.0,0
2016-04-03 12:00:00,2505.6,-4.4,0
2016-04-03 13:00:00,2388.6,-3.9,0
2016-04-03 14:00:00,2375.3,-3.9,0
2016-04-03 15:00:00,2277.7,-3.3,0
2016-04-03 16:00:00,2274.2,-3.3,0
2016-04-03 17:00:00,2225.9,-3.3,0
2016-04-03 18:00:00,2451.1,-4.4,0
2016-04-03 19:00:00,2445.8,-5.0,0
2016-04-03 20:00:00,2340.3,-5.0,1
2016-04-03 21:00:00,2234.9,-5.0,0
2016-04-03 22:00:00,2212.7,-4.4,0
2016-04-03 23:00:00,2181.5,-5.0,0
2016-04-04 00:00:00,2191.4,-4.4,0
2016-04-04 01:00:00,2026.4,-4.4,0
2016-04-04 02:00:00,2048.3,-4.4,0
2016-04-04 03:00:00,2061.4,-4.4,0
2016-04-04 04:00:00,1909.2,-3.0,0
2016-04-04 05:00:00,2116.0,-3.3,0
2016-04-04 06:00:00,2149.6,-2.8,0
2016-04-04 07:00:00,2124.9,-2.8,0
2016-04-04 08:00:00,2363.2,-1.7,0
2016-04-04 09:00:00,2328.1,-1.7,1
2016-04-04 10:00:00,2293.0,-2.8,0
2016-04-04 11:00:00,2340.8,-3.3,0
2016-04-04 12:00:00,2458.2,-3.9,0
2016-04-04 13:00:00,2521.0,-4.4,0
2016-04-04 14:00:00,2455.1,-4.4,0
2016-04-04 15:00:00,2458.4,-4.4,0
2016-04-04 16:00:00,2454.1,-4.4,0
2016-04-04 17:00:00,2384.5,-4.4,0
2016-04-04 18:00:00,2422.0,-4.4,0
2016-04-04 19:00:00,2537.4,-5.6,0
2016-04-04 20:00:00,2530.4,-5.6,1
2016-04-04 21:00:00,2523.5,-7.8,1
2016-04-04 22:00:00,2516.6,-8.3,1
2016-04-04 23:00:00,2509.7,-8.9,1
2016-04-05 00:00:00,2502.8,-10.0,1
2016-04-05 01:00:00,2495.9,-11.1,1
2016-04-05 02:00:00,1160.4,-12.2,1
2016-04-05 03:00:00,1404.7,-15.0,1
2016-04-05 04:00:00,1479.0,-16.1,1
2016-04-05 05:00:00,1639.4,-16.7,1
2016-04-05 06:00:00,1530.1,-17.2,1
2016-04-05 07:00:00,1735.9,-13.3,1
2016-04-05 08:00:00,1911.3,-7.2,1
2016-04-05 09:00:00,1823.1,-6.1,1
2016-04-05 10:00:00,1745.2,-3.9,1
2016-04-05 11:00:00,2426.9,-4.4,0
2016-04-05 12:00:00,2393.4,-3.9,0
2016-04-05 13:00:00,2298.6,-2.2,0
2016-04-05 14:00:00,2191.7,-2.8,0
2016-04-05 15:00:00,2062.6,-2.8,0
2016-04-05 16:00:00,2044.2,-1.7,0
2016-04-05 17:00:00,1971.0,-2.2,0
2016-04-05 18:00:00,2139.7,-2.8,0
2016-04-05 19:00:00,2090.3,-5.6,0
2016-04-05 20:00:00,2265.9,-7.2,0
2016-04-05 21:00:00,2288.1,-10.6,1
2016-04-05 22:00:00,2310.2,-10.6,1
2016-04-05 23:00:00,2332.4,-11.7,1
2016-04-06 00:00:00,2354.5,-12.2,1
2016-04-06 01:00:00,2376.6,-11.7,1
2016-04-06 02:00:00,2398.8,-11.7,1
2016-04-06 03:00:00,1772.3,-10.6,1
2016-04-06 04:00:00,1770.9,-11.1,1
2016-04-06 05:00:00,1828.4,-10.6,1
2016-04-06 06:00:00,2487.4,-7.8,0
2016-04-06 07:00:00,2604.6,-5.0,0
2016-04-06 08:00:00,2484.0,-3.3,1
2016-04-06 09:00:00,2363.4,-1.7,1
2016-04-06 10:00:00,2242.8,0.0,0
2016-04-06 11:00:00,2089.7,0.6,0
2016-04-06 12:00:00,2064.2,1.7,0
2016-04-06 13:00:00,1984.6,2.2,0
2016-04-06 14:00:00,1884.5,3.9,0
2016-04-06 15:00:00,1700.5,5.0,0
2016-04-06 16:00:00,1553.4,5.0,0
2016-04-06 17:00:00,1500.9,5.0,0
2016-04-06 18:00:00,1599.6,5.6,0
2016-04-06 19:00:00,1570.4,5.6,0
2016-04-06 20:00:00,1490.1,5.6,0
2016-04-06 21:00:00,1410.3,5.6,0
2016-04-06 22:00:00,1482.7,5.6,0
2016-04-06 23:00:00,1442.2,5.6,0
2016-04-07 00:00:00,1379.6,5.6,0
2016-04-07 01:00:00,1374.0,5.6,0
2016-04-07 02:00:00,1390.1,5.6,0
2016-04-07 03:00:00,1261.0,6.1,0
2016-04-07 04:00:00,1205.1,6.1,0
2016-04-07 05:00:00,1296.8,6.7,0
2016-04-07 06:00:00,1314.3,6.7,0
2016-04-07 07:00:00,1487.9,7.2,0
2016-04-07 08:00:00,1622.7,8.9,0
2016-04-07 09:00:00,1512.6,8.3,0
2016-04-07 10:00:00,1475.8,7.8,0
2016-04-07 11:00:00,1291.3,8.3,0
2016-04-07 12:00:00,1266.3,8.9,0
2016-04-07 13:00:00,1246.5,8.9,0
2016-04-07 14:00:00,1208.8,9.4,0
2016-04-07 15:00:00,1093.9,9.4,0
2016-04-07 16:00:00,1154.7,8.3,0
2016-04-07 17:00:00,1359.6,7.2,0
2016-04-07 18:00:00,1369.4,6.7,0
2016-04-07 19:00:00,1300.1,3.9,0
2016-04-07 20:00:00,1420.6,3.9,0
2016-04-07 21:00:00,1397.5,3.0,0
2016-04-07 22:00:00,1478.6,2.2,0
2016-04-07 23:00:00,1480.9,1.7,0
2016-04-08 00:00:00,1519.3,1.7,0
2016-04-08 01:00:00,1432.3,1.1,0
2016-04-08 02:00:00,1459.2,1.1,0
2016-04-08 03:00:00,1485.7,0.6,0
2016-04-08 04:00:00,1485.6,0.0,0
2016-04-08 05:00:00,1574.9,0.0,0
2016-04-08 06:00:00,1721.6,-0.6,0
2016-04-08 07:00:00,1982.8,-0.6,0
2016-04-08 08:00:00,1999.6,-0.6,0
2016-04-08 09:00:00,2025.7,-1.7,1
2016-04-08 10:00:00,2051.9,-1.7,1
2016-04-08 11:00:00,2078.0,-2.2,1
2016-04-08 12:00:00,2104.1,-1.1,0
2016-04-08 13:00:00,2101.3,-1.1,0
2016-04-08 14:00:00,1993.5,0.0,0
2016-04-08 15:00:00,1984.8,1.1,0
2016-04-08 16:00:00,1900.8,1.1,0
2016-04-08 17:00:00,1850.9,1.1,0
2016-04-08 18:00:00,2065.7,0.6,0
2016-04-08 19:00:00,1870.3,0.0,0
2016-04-08 20:00:00,1938.1,-1.7,0
2016-04-08 21:00:00,1945.0,-2.8,0
2016-04-08 22:00:00,1835.8,-3.9,0
2016-04-08 23:00:00,1813.6,-4.4,0
2016-04-09 00:00:00,1791.9,-5.6,0
2016-04-09 01:00:00,1875.1,-5.6,0
2016-04-09 02:00:00,1847.3,-5.6,0
2016-04-09 03:00:00,1915.2,-6.7,0
2016-04-09 04:00:00,1913.1,-6.1,0
2016-04-09 05:00:00,1955.6,-5.0,0
2016-04-09 06:00:00,2026.0,-4.4,0
2016-04-09 07:00:00,2114.9,-3.3,0
2016-04-09 08:00:00,2084.6,-2.8,0
2016-04-09 09:00:00,2285.4,-1.1,0
2016-04-09 10:00:00,2258.9,-1.1,0
2016-04-09 11:00:00,2193.5,0.0,1
2016-04-09 12:00:00,2128.0,0.6,1
2016-04-09 13:00:00,2062.6,0.6,0
2016-04-09 14:00:00,2000.3,-0.6,0
2016-04-09 15:00:00,2057.2,0.0,0
2016-04-09 16:00:00,1977.9,0.0,0
2016-04-09 17:00:00,2013.6,-1.1,0
2016-04-09 18:00:00,2102.7,-2.2,0
2016-04-09 19:00:00,2057.8,-3.3,0
2016-04-09 20:00:00,2217.7,-3.9,0
2016-04-09 21:00:00,2159.9,-5.0,0
2016-04-09 22:00:00,2096.6,-3.9,0
2016-04-09 23:00:00,2055.8,-4.4,0
2016-04-10 00:00:00,2085.6,-4.4,0
2016-04-10 01:00:00,2056.6,-5.0,0
2016-04-10 02:00:00,2055.2,-5.6,0
2016-04-10 03:00:00,2107.1,-5.0,0
2016-04-10 04:00:00,2052.2,-6.1,0
2016-04-10 05:00:00,2129.6,-5.6,0
2016-04-10 06:00:00,2227.3,-5.6,0
2016-04-10 07:00:00,2216.5,-5.0,0
2016-04-10 08:00:00,2273.9,-3.9,0
2016-04-10 09:00:00,2258.6,-2.2,0
2016-04-10 10:00:00,2160.6,-1.4,1
2016-04-10 11:00:00,2062.7,-0.6,0
2016-04-10 12:00:00,2027.0,0.6,0
2016-04-10 13:00:00,1897.2,1.7,0
2016-04-10 14:00:00,1660.5,2.8,0
2016-04-10 15:00:00,1672.2,3.3,0
2016-04-10 16:00:00,1704.5,3.9,0
2016-04-10 17:00:00,1721.4,3.9,0
2016-04-10 18:00:00,1706.6,3.9,0
2016-04-10 19:00:00,1667.1,2.2,0
2016-04-10 20:00:00,1799.3,2.2,0
2016-04-10 21:00:00,1742.8,1.7,0
2016-04-10 22:00:00,1665.9,2.2,0
2016-04-10 23:00:00,1664.0,2.8,0
2016-04-11 00:00:00,1593.1,3.3,0
2016-04-11 01:00:00,1423.7,3.9,0
2016-04-11 02:00:00,1451.5,3.9,0
2016-04-11 03:00:00,1354.3,5.0,0
2016-04-11 04:00:00,1269.2,5.6,0
2016-04-11 05:00:00,1287.9,5.6,0
2016-04-11 06:00:00,1440.5,6.1,0
2016-04-11 07:00:00,1513.7,6.1,0
2016-04-11 08:00:00,1695.6,6.7,0
2016-04-11 09:00:00,1627.4,7.2,0
2016-04-11 10:00:00,1586.7,7.2,0
2016-04-11 11:00:00,1396.9,6.7,0
2016-04-11 12:00:00,1139.1,7.8,1
2016-04-11 13:00:00,881.4,8.3,0
2016-04-11 14:00:00,1060.6,8.9,0
2016-04-11 15:00:00,945.7,11.1,0
2016-04-11 16:00:00,1055.0,11.1,0
2016-04-11 17:00:00,1008.9,11.1,0
2016-04-11 18:00:00,993.0,9.4,0
2016-04-11 19:00:00,1162.7,8.9,0
2016-04-11 20:00:00,1303.6,8.3,0
2016-04-11 21:00:00,1203.5,7.8,0
2016-04-11 22:00:00,1278.0,8.3,0
2016-04-11 23:00:00,1252.2,8.3,0
2016-04-12 00:00:00,1185.1,8.3,0
2016-04-12 01:00:00,1079.1,8.9,0
2016-04-12 02:00:00,1160.4,4.4,0
2016-04-12 03:00:00,1404.7,1.7,0
2016-04-12 04:00:00,1479.0,0.6,0
2016-04-12 05:00:00,1639.4,0.6,0
2016-04-12 06:00:00,1530.1,0.6,0
2016-04-12 07:00:00,1735.9,1.1,0
2016-04-12 08:00:00,1911.3,2.8,0
2016-04-12 09:00:00,1823.1,3.9,0
2016-04-12 10:00:00,1745.2,3.9,0
2016-04-12 11:00:00,1397.9,5.0,0
2016-04-12 12:00:00,1507.1,5.0,0
2016-04-12 13:00:00,1461.9,6.7,0
2016-04-12 14:00:00,1343.5,5.6,0
2016-04-12 15:00:00,1364.6,5.6,0
2016-04-12 16:00:00,1463.0,5.6,0
2016-04-12 17:00:00,1443.7,5.6,0
2016-04-12 18:00:00,1509.1,4.4,0
2016-04-12 19:00:00,1594.0,2.8,0
2016-04-12 20:00:00,1612.6,2.8,0
2016-04-12 21:00:00,1557.3,2.2,0
2016-04-12 22:00:00,1480.2,2.2,0
2016-04-12 23:00:00,1561.4,0.0,0
2016-04-13 00:00:00,1615.0,-1.7,0
2016-04-13 01:00:00,1720.3,-1.7,0
2016-04-13 02:00:00,1661.3,-2.2,0
2016-04-13 03:00:00,1656.3,-5.0,0
2016-04-13 04:00:00,1667.4,-6.1,0
2016-04-13 05:00:00,1679.0,-4.4,0
2016-04-13 06:00:00,1862.5,-3.9,0
2016-04-13 07:00:00,2023.7,-1.1,0
2016-04-13 08:00:00,2069.6,0.8,0
2016-04-13 09:00:00,1876.6,2.8,0
2016-04-13 10:00:00,1861.2,4.4,0
2016-04-13 11:00:00,1609.5,6.1,0
2016-04-13 12:00:00,1505.2,6.1,0
2016-04-13 13:00:00,1426.6,7.2,0
2016-04-13 14:00:00,1421.3,7.2,0
2016-04-13 15:00:00,1129.6,6.1,0
2016-04-13 16:00:00,1248.9,5.6,0
2016-04-13 17:00:00,1320.4,5.0,0
2016-04-13 18:00:00,1469.8,5.0,0
2016-04-13 19:00:00,1423.4,2.8,0
2016-04-13 20:00:00,1513.6,1.7,0
2016-04-13 21:00:00,1620.0,0.6,0
2016-04-13 22:00:00,1492.6,0.6,0
2016-04-13 23:00:00,1587.9,0.6,0
2016-04-14 00:00:00,1535.8,-0.6,0
2016-04-14 01:00:00,1474.3,-1.7,0
2016-04-14 02:00:00,1494.4,-1.1,0
2016-04-14 03:00:00,1483.4,-1.7,0
2016-04-14 04:00:00,1551.3,-3.3,0
2016-04-14 05:00:00,1684.3,-5.6,0
2016-04-14 06:00:00,1820.7,-4.4,0
2016-04-14 07:00:00,2005.9,-0.6,0
2016-04-14 08:00:00,1983.7,1.7,0
2016-04-14 09:00:00,1819.0,4.4,0
2016-04-14 10:00:00,1644.5,6.7,0
2016-04-14 11:00:00,1342.2,8.3,0
2016-04-14 12:00:00,1171.0,9.4,0
2016-04-14 13:00:00,1167.3,10.6,0
2016-04-14 14:00:00,1101.0,11.1,0
2016-04-14 15:00:00,1000.6,11.7,0
2016-04-14 16:00:00,998.5,11.7,0
2016-04-14 17:00:00,941.6,11.1,0
2016-04-14 18:00:00,900.9,9.4,0
2016-04-14 19:00:00,1051.7,5.0,0
2016-04-14 20:00:00,1179.2,4.4,0
2016-04-14 21:00:00,1256.8,0.6,0
2016-04-14 22:00:00,1258.7,-0.6,0
2016-04-14 23:00:00,1352.9,-1.1,0
2016-04-15 00:00:00,1463.8,-2.2,0
2016-04-15 01:00:00,1427.6,-2.8,0
2016-04-15 02:00:00,1440.9,-1.7,0
2016-04-15 03:00:00,1448.2,-3.3,0
2016-04-15 04:00:00,1459.9,-2.8,0
2016-04-15 05:00:00,1517.9,-3.3,0
2016-04-15 06:00:00,1719.7,-0.6,0
2016-04-15 07:00:00,1775.7,4.4,0
2016-04-15 08:00:00,1627.6,7.8,0
2016-04-15 09:00:00,1430.9,11.1,0
2016-04-15 10:00:00,1135.9,12.8,0
2016-04-15 11:00:00,968.3,14.4,0
2016-04-15 12:00:00,887.5,15.6,0
2016-04-15 13:00:00,715.0,16.2,0
2016-04-15 14:00:00,656.4,16.7,0
2016-04-15 15:00:00,608.6,18.3,0
2016-04-15 16:00:00,586.4,17.2,0
2016-04-15 17:00:00,490.1,17.2,0
2016-04-15 18:00:00,511.9,15.6,0
2016-04-15 19:00:00,592.1,13.3,0
2016-04-15 20:00:00,1045.5,9.4,0
2016-04-15 21:00:00,1007.6,5.6,0
2016-04-15 22:00:00,1028.1,4.4,0
2016-04-15 23:00:00,1034.2,3.3,0
2016-04-16 00:00:00,1153.1,2.8,0
2016-04-16 01:00:00,1071.9,1.1,0
2016-04-16 02:00:00,1121.5,1.7,0
2016-04-16 03:00:00,1154.0,3.3,0
2016-04-16 04:00:00,1186.2,2.8,0
2016-04-16 05:00:00,1288.3,3.3,0
2016-04-16 06:00:00,1374.4,4.4,0
2016-04-16 07:00:00,1406.4,6.7,0
2016-04-16 08:00:00,1236.6,10.0,0
2016-04-16 09:00:00,1071.5,13.3,0
2016-04-16 10:00:00,960.6,15.6,0
2016-04-16 11:00:00,818.1,17.2,0
2016-04-16 12:00:00,699.5,17.8,0
2016-04-16 13:00:00,803.2,18.3,0
2016-04-16 14:00:00,607.3,18.3,0
2016-04-16 15:00:00,501.6,18.9,0
2016-04-16 16:00:00,435.5,19.4,0
2016-04-16 17:00:00,432.3,18.3,0
2016-04-16 18:00:00,478.4,18.3,0
2016-04-16 19:00:00,485.6,13.9,0
2016-04-16 20:00:00,760.6,11.1,0
2016-04-16 21:00:00,957.6,7.2,0
2016-04-16 22:00:00,972.5,7.2,0
2016-04-16 23:00:00,950.5,5.0,0
2016-04-17 00:00:00,1000.9,3.9,0
2016-04-17 01:00:00,975.3,3.9,0
2016-04-17 02:00:00,1011.2,2.8,0
2016-04-17 03:00:00,1014.1,1.7,0
2016-04-17 04:00:00,1038.2,3.3,0
2016-04-17 05:00:00,1133.8,3.3,0
2016-04-17 06:00:00,1311.2,3.3,0
2016-04-17 07:00:00,1215.6,7.2,0
2016-04-17 08:00:00,1099.1,10.6,0
2016-04-17 09:00:00,990.9,13.9,0
2016-04-17 10:00:00,963.6,16.1,0
2016-04-17 11:00:00,823.4,17.8,0
2016-04-17 12:00:00,672.7,18.3,0
2016-04-17 13:00:00,551.1,19.4,0
2016-04-17 14:00:00,448.0,20.6,0
2016-04-17 15:00:00,482.8,21.7,0
2016-04-17 16:00:00,385.0,21.7,0
2016-04-17 17:00:00,445.7,21.1,0
2016-04-17 18:00:00,454.2,18.9,0
2016-04-17 19:00:00,406.6,15.0,0
2016-04-17 20:00:00,561.9,12.8,0
2016-04-17 21:00:00,649.6,9.4,0
2016-04-17 22:00:00,1017.0,6.1,0
2016-04-17 23:00:00,970.5,4.4,0
2016-04-18 00:00:00,1012.1,5.6,0
2016-04-18 01:00:00,1010.4,0.6,0
2016-04-18 02:00:00,931.7,3.3,0
2016-04-18 03:00:00,1028.3,2.2,0
2016-04-18 04:00:00,1026.7,2.2,0
2016-04-18 05:00:00,1124.3,2.8,0
2016-04-18 06:00:00,1225.7,2.8,0
2016-04-18 07:00:00,1330.0,8.9,0
2016-04-18 08:00:00,1319.8,13.9,0
2016-04-18 09:00:00,956.2,17.2,0
2016-04-18 10:00:00,638.6,18.9,0
2016-04-18 11:00:00,541.6,20.0,0
2016-04-18 12:00:00,434.9,21.1,0
2016-04-18 13:00:00,491.2,21.7,0
2016-04-18 14:00:00,406.0,22.2,0
2016-04-18 15:00:00,365.8,22.2,0
2016-04-18 16:00:00,329.0,21.7,0
2016-04-18 17:00:00,356.9,21.7,0
2016-04-18 18:00:00,394.6,20.0,0
2016-04-18 19:00:00,325.1,17.8,0
2016-04-18 20:00:00,484.7,10.6,0
2016-04-18 21:00:00,609.0,8.9,0
2016-04-18 22:00:00,741.1,8.3,0
2016-04-18 23:00:00,888.2,12.2,0
2016-04-19 00:00:00,721.9,14.4,0
2016-04-19 01:00:00,577.5,14.4,0
2016-04-19 02:00:00,527.9,15.0,0
2016-04-19 03:00:00,540.6,8.3,0
2016-04-19 04:00:00,942.5,7.2,0
2016-04-19 05:00:00,968.3,6.7,0
2016-04-19 06:00:00,1078.9,6.1,0
2016-04-19 07:00:00,1155.4,6.1,0
2016-04-19 08:00:00,1203.7,5.6,0
2016-04-19 09:00:00,1435.4,5.6,0
2016-04-19 10:00:00,1295.0,7.2,0
2016-04-19 11:00:00,1139.9,10.0,0
2016-04-19 12:00:00,926.9,12.2,0
2016-04-19 13:00:00,928.0,12.8,0
2016-04-19 14:00:00,911.5,12.8,0
2016-04-19 15:00:00,791.7,12.8,0
2016-04-19 16:00:00,877.6,12.8,0
2016-04-19 17:00:00,707.3,11.7,0
2016-04-19 18:00:00,814.3,10.0,0
2016-04-19 19:00:00,886.6,8.3,0
2016-04-19 20:00:00,960.4,3.9,0
2016-04-19 21:00:00,1066.1,4.4,0
2016-04-19 22:00:00,1144.8,2.8,0
2016-04-19 23:00:00,1131.0,0.6,0
2016-04-20 00:00:00,1213.2,-0.6,0
2016-04-20 01:00:00,1211.3,1.7,0
2016-04-20 02:00:00,1245.6,2.8,0
2016-04-20 03:00:00,1286.6,2.2,0
2016-04-20 04:00:00,1283.4,-2.2,0
2016-04-20 05:00:00,1327.2,0.6,0
2016-04-20 06:00:00,1478.2,-0.6,0
2016-04-20 07:00:00,1502.9,4.4,0
2016-04-20 08:00:00,1455.0,6.1,0
2016-04-20 09:00:00,1360.2,7.8,0
2016-04-20 10:00:00,1114.0,9.4,0
2016-04-20 11:00:00,999.9,11.1,0
2016-04-20 12:00:00,872.0,12.8,0
2016-04-20 13:00:00,805.5,14.4,0
2016-04-20 14:00:00,695.7,15.0,0
2016-04-20 15:00:00,637.5,16.1,0
2016-04-20 16:00:00,471.7,16.1,0
2016-04-20 17:00:00,472.9,16.1,0
2016-04-20 18:00:00,453.6,14.4,0
2016-04-20 19:00:00,444.3,10.6,0
2016-04-20 20:00:00,966.7,6.7,0
2016-04-20 21:00:00,994.8,8.3,0
2016-04-20 22:00:00,1017.8,9.4,0
2016-04-20 23:00:00,1080.7,5.0,0
2016-04-21 00:00:00,1135.2,5.0,0
2016-04-21 01:00:00,1081.8,3.9,0
2016-04-21 02:00:00,1063.8,5.0,0
2016-04-21 03:00:00,985.4,2.2,0
2016-04-21 04:00:00,1001.0,2.2,0
2016-04-21 05:00:00,1030.0,2.8,0
2016-04-21 06:00:00,1054.6,2.2,0
2016-04-21 07:00:00,1095.3,11.7,0
2016-04-21 08:00:00,1203.9,13.9,0
2016-04-21 09:00:00,965.5,15.6,0
2016-04-21 10:00:00,828.4,17.8,0
2016-04-21 11:00:00,555.4,20.6,0
2016-04-21 12:00:00,430.2,22.8,0
2016-04-21 13:00:00,388.8,22.2,0
2016-04-21 14:00:00,347.4,25.0,0
2016-04-21 15:00:00,359.3,23.9,0
2016-04-21 16:00:00,381.7,22.8,0
2016-04-21 17:00:00,383.9,21.1,0
2016-04-21 18:00:00,361.8,18.9,0
2016-04-21 19:00:00,423.6,17.8,0
2016-04-21 20:00:00,486.0,16.1,0
2016-04-21 21:00:00,562.9,15.6,0
2016-04-21 22:00:00,507.8,14.4,0
2016-04-21 23:00:00,498.9,14.4,0
2016-04-22 00:00:00,510.5,14.4,0
2016-04-22 01:00:00,568.5,14.4,0
2016-04-22 02:00:00,392.2,12.8,0
2016-04-22 03:00:00,745.9,11.1,0
2016-04-22 04:00:00,641.4,11.7,0
2016-04-22 05:00:00,738.5,12.2,0
2016-04-22 06:00:00,720.9,12.8,0
2016-04-22 07:00:00,774.4,13.3,0
2016-04-22 08:00:00,850.9,15.0,0
2016-04-22 09:00:00,764.5,15.6,0
2016-04-22 10:00:00,655.3,15.6,0
2016-04-22 11:00:00,525.6,14.4,0
2016-04-22 12:00:00,764.0,15.0,0
2016-04-22 13:00:00,697.1,15.6,0
2016-04-22 14:00:00,591.8,16.1,0
2016-04-22 15:00:00,566.3,16.1,0
2016-04-22 16:00:00,516.0,16.7,0
2016-04-22 17:00:00,433.1,17.8,0
2016-04-22 18:00:00,471.2,14.4,0
2016-04-22 19:00:00,886.8,13.3,0
2016-04-22 20:00:00,781.5,13.3,0
2016-04-22 21:00:00,803.5,13.3,0
2016-04-22 22:00:00,786.0,12.8,0
2016-04-22 23:00:00,743.9,11.7,0
2016-04-23 00:00:00,869.0,10.0,0
2016-04-23 01:00:00,856.4,8.3,0
2016-04-23 02:00:00,878.1,7.2,0
2016-04-23 03:00:00,995.3,6.7,0
2016-04-23 04:00:00,974.8,6.1,0
2016-04-23 05:00:00,1028.7,5.0,0
2016-04-23 06:00:00,1097.3,4.4,0
2016-04-23 07:00:00,1181.4,3.9,0
2016-04-23 08:00:00,1276.9,3.9,0
2016-04-23 09:00:00,1400.2,4.4,0
2016-04-23 10:00:00,1461.6,4.4,0
2016-04-23 11:00:00,1483.8,5.0,0
2016-04-23 12:00:00,1400.9,6.7,0
2016-04-23 13:00:00,1233.3,8.9,0
2016-04-23 14:00:00,1117.8,10.0,0
2016-04-23 15:00:00,1048.1,10.0,0
2016-04-23 16:00:00,1115.3,10.6,0
2016-04-23 17:00:00,1113.4,9.4,0
2016-04-23 18:00:00,1049.2,7.8,0
2016-04-23 19:00:00,1183.8,6.1,0
2016-04-23 20:00:00,1158.8,3.9,0
2016-04-23 21:00:00,1189.9,3.9,0
2016-04-23 22:00:00,1259.5,3.9,0
2016-04-23 23:00:00,1308.9,-0.6,0
2016-04-24 00:00:00,1371.3,-0.6,0
2016-04-24 01:00:00,1387.3,-2.2,0
2016-04-24 02:00:00,1377.9,-2.8,0
2016-04-24 03:00:00,1384.7,-2.2,0
2016-04-24 04:00:00,1402.7,-3.3,0
2016-04-24 05:00:00,1396.2,-3.9,0
2016-04-24 06:00:00,1529.2,-1.7,0
2016-04-24 07:00:00,1532.9,2.2,0
2016-04-24 08:00:00,1370.7,3.9,0
2016-04-24 09:00:00,1354.1,6.7,0
2016-04-24 10:00:00,1298.3,8.3,0
2016-04-24 11:00:00,1192.9,10.0,0
2016-04-24 12:00:00,1131.6,10.0,0
2016-04-24 13:00:00,922.3,11.7,0
2016-04-24 14:00:00,958.1,12.2,0
2016-04-24 15:00:00,843.6,12.8,0
2016-04-24 16:00:00,871.0,13.9,0
2016-04-24 17:00:00,749.0,12.8,0
2016-04-24 18:00:00,710.7,10.6,0
2016-04-24 19:00:00,924.8,9.4,0
2016-04-24 20:00:00,1063.6,8.9,0
2016-04-24 21:00:00,1082.9,7.2,0
2016-04-24 22:00:00,1104.6,6.1,0
2016-04-24 23:00:00,1162.9,6.1,0
2016-04-25 00:00:00,1140.4,5.6,0
2016-04-25 01:00:00,977.9,5.6,0
2016-04-25 02:00:00,1022.3,5.6,0
2016-04-25 03:00:00,979.8,5.6,0
2016-04-25 04:00:00,976.6,5.6,0
2016-04-25 05:00:00,986.7,5.6,0
2016-04-25 06:00:00,1056.9,5.6,0
2016-04-25 07:00:00,1174.1,7.8,0
2016-04-25 08:00:00,1291.9,8.9,0
2016-04-25 09:00:00,1226.5,10.6,0
2016-04-25 10:00:00,1084.5,12.2,0
2016-04-25 11:00:00,907.6,11.1,0
2016-04-25 12:00:00,922.2,10.6,0
2016-04-25 13:00:00,957.2,12.2,0
2016-04-25 14:00:00,800.5,13.9,0
2016-04-25 15:00:00,668.6,13.9,0
2016-04-25 16:00:00,648.4,14.4,0
2016-04-25 17:00:00,697.1,11.7,0
2016-04-25 18:00:00,677.4,11.1,0
2016-04-25 19:00:00,842.4,9.4,0
2016-04-25 20:00:00,962.5,7.2,0
2016-04-25 21:00:00,1022.5,9.4,0
2016-04-25 22:00:00,956.2,7.8,0
2016-04-25 23:00:00,970.5,7.2,1
2016-04-26 00:00:00,984.9,6.7,1
2016-04-26 01:00:00,999.2,6.1,1
2016-04-26 02:00:00,1013.5,7.2,1
2016-04-26 03:00:00,1027.9,7.8,1
2016-04-26 04:00:00,1042.2,7.2,1
2016-04-26 05:00:00,1046.9,7.2,1
2016-04-26 06:00:00,1119.5,6.1,1
2016-04-26 07:00:00,1183.8,6.7,1
2016-04-26 08:00:00,1272.5,7.2,1
2016-04-26 09:00:00,1411.2,7.2,1
2016-04-26 10:00:00,1271.9,5.6,1
2016-04-26 11:00:00,1086.3,4.4,1
2016-04-26 12:00:00,987.7,5.0,1
2016-04-26 13:00:00,914.8,5.6,1
2016-04-26 14:00:00,887.8,4.4,1
2016-04-26 15:00:00,1199.9,3.9,0
2016-04-26 16:00:00,1654.4,2.8,0
2016-04-26 17:00:00,1711.8,2.2,0
2016-04-26 18:00:00,1705.4,2.2,0
2016-04-26 19:00:00,1683.1,1.7,0
2016-04-26 20:00:00,1682.5,1.7,0
2016-04-26 21:00:00,1560.2,1.4,0
2016-04-26 22:00:00,1539.6,1.1,0
2016-04-26 23:00:00,1568.7,-1.1,0
2016-04-27 00:00:00,1676.3,-2.2,0
2016-04-27 01:00:00,1541.1,-2.8,0
2016-04-27 02:00:00,1582.2,-3.3,0
2016-04-27 03:00:00,1522.1,-3.3,0
2016-04-27 04:00:00,1559.5,-3.3,0
2016-04-27 05:00:00,1662.9,-4.4,0
2016-04-27 06:00:00,1746.1,-2.8,0
2016-04-27 07:00:00,1930.7,0.6,0
2016-04-27 08:00:00,1777.1,2.2,0
2016-04-27 09:00:00,1696.6,3.3,0
2016-04-27 10:00:00,1557.6,4.4,0
2016-04-27 11:00:00,1271.0,6.1,0
2016-04-27 12:00:00,1177.6,7.8,0
2016-04-27 13:00:00,1161.6,10.0,0
2016-04-27 14:00:00,998.1,10.6,0
2016-04-27 15:00:00,954.1,11.1,0
2016-04-27 16:00:00,892.6,11.7,0
2016-04-27 17:00:00,756.1,11.7,0
2016-04-27 18:00:00,830.9,10.6,0
2016-04-27 19:00:00,907.9,8.3,0
2016-04-27 20:00:00,1038.2,6.7,0
2016-04-27 21:00:00,1218.3,5.0,0
2016-04-27 22:00:00,1206.9,0.6,0
2016-04-27 23:00:00,1300.7,-0.6,0
2016-04-28 00:00:00,1295.4,0.0,0
2016-04-28 01:00:00,1280.0,-1.1,0
2016-04-28 02:00:00,1301.5,1.7,0
2016-04-28 03:00:00,1202.2,1.7,0
2016-04-28 04:00:00,1287.0,0.6,0
2016-04-28 05:00:00,1320.8,-1.1,0
2016-04-28 06:00:00,1529.7,0.0,0
2016-04-28 07:00:00,1528.4,2.8,0
2016-04-28 08:00:00,1576.7,5.0,0
2016-04-28 09:00:00,1469.6,6.7,0
2016-04-28 10:00:00,1261.9,8.9,0
2016-04-28 11:00:00,1009.2,10.0,0
2016-04-28 12:00:00,911.0,10.6,0
2016-04-28 13:00:00,998.4,11.7,0
2016-04-28 14:00:00,861.0,12.8,0
2016-04-28 15:00:00,832.5,11.7,0
2016-04-28 16:00:00,906.2,11.1,0
2016-04-28 17:00:00,938.3,10.6,0
2016-04-28 18:00:00,1014.8,7.8,0
2016-04-28 19:00:00,1077.8,6.1,0
2016-04-28 20:00:00,1219.4,6.1,0
2016-04-28 21:00:00,1186.1,5.6,0
2016-04-28 22:00:00,1169.4,5.3,0
2016-04-28 23:00:00,1160.5,5.0,0
2016-04-29 00:00:00,1173.7,4.4,0
2016-04-29 01:00:00,1090.8,4.4,0
2016-04-29 02:00:00,1040.8,4.4,0
2016-04-29 03:00:00,1051.7,4.4,0
2016-04-29 04:00:00,1059.8,4.4,0
2016-04-29 05:00:00,1064.9,3.9,0
2016-04-29 06:00:00,1180.3,4.4,0
2016-04-29 07:00:00,1280.9,5.0,0
2016-04-29 08:00:00,1317.7,6.1,0
2016-04-29 09:00:00,1389.9,7.2,0
2016-04-29 10:00:00,1291.2,9.4,0
2016-04-29 11:00:00,1176.4,11.1,0
2016-04-29 12:00:00,1031.9,11.7,0
2016-04-29 13:00:00,1129.2,11.7,0
2016-04-29 14:00:00,986.8,11.7,0
2016-04-29 15:00:00,951.5,11.7,0
2016-04-29 16:00:00,979.7,11.7,0
2016-04-29 17:00:00,1044.1,10.6,0
2016-04-29 18:00:00,1100.2,7.8,0
2016-04-29 19:00:00,1139.1,7.8,0
2016-04-29 20:00:00,1121.2,7.2,0
2016-04-29 21:00:00,1206.8,6.7,0
2016-04-29 22:00:00,1104.5,6.7,0
2016-04-29 23:00:00,1166.4,6.7,0
2016-04-30 00:00:00,1102.7,6.1,0
2016-04-30 01:00:00,1004.3,6.1,0
2016-04-30 02:00:00,1039.9,6.1,0
2016-04-30 03:00:00,982.3,5.6,0
2016-04-30 04:00:00,1022.0,5.6,0
2016-04-30 05:00:00,1059.2,6.1,0
2016-04-30 06:00:00,1035.4,6.1,0
2016-04-30 07:00:00,1073.2,6.7,0
2016-04-30 08:00:00,1098.0,7.8,0
2016-04-30 09:00:00,1205.9,9.4,0
2016-04-30 10:00:00,1098.8,12.2,0
2016-04-30 11:00:00,919.8,12.2,0
2016-04-30 12:00:00,994.9,13.3,0
2016-04-30 13:00:00,791.6,13.3,0
2016-04-30 14:00:00,785.0,15.6,0
2016-04-30 15:00:00,626.8,13.9,0
2016-04-30 16:00:00,556.0,13.9,0
2016-04-30 17:00:00,617.0,13.9,0
2016-04-30 18:00:00,680.6,12.8,0
2016-04-30 19:00:00,870.2,11.1,0
2016-04-30 20:00:00,980.2,10.6,0
2016-04-30 21:00:00,945.3,10.0,0
2016-04-30 22:00:00,875.9,10.6,0
2016-04-30 23:00:00,914.1,10.6,0
2016-05-01 00:00:00,830.3,10.6,0
2016-05-01 01:00:00,824.2,10.0,0
2016-05-01 02:00:00,776.3,9.4,0
2016-05-01 03:00:00,889.1,8.3,0
2016-05-01 04:00:00,883.1,8.3,0
2016-05-01 05:00:00,945.3,8.3,0
2016-05-01 06:00:00,891.5,8.3,0
2016-05-01 07:00:00,958.9,7.2,0
2016-05-01 08:00:00,1127.9,6.1,0
2016-05-01 09:00:00,1294.3,5.6,0
2016-05-01 10:00:00,1366.2,5.6,0
2016-05-01 11:00:00,1438.7,6.1,0
2016-05-01 12:00:00,1333.6,7.2,0
2016-05-01 13:00:00,1244.4,8.3,0
2016-05-01 14:00:00,1179.7,8.3,0
2016-05-01 15:00:00,1084.6,8.9,0
2016-05-01 16:00:00,1076.7,10.0,0
2016-05-01 17:00:00,987.2,10.0,0
2016-05-01 18:00:00,1012.1,10.6,0
2016-05-01 19:00:00,961.8,9.4,0
2016-05-01 20:00:00,1006.3,8.9,0
2016-05-01 21:00:00,1027.6,8.9,0
2016-05-01 22:00:00,953.6,8.9,0
2016-05-01 23:00:00,1032.8,8.9,0
2016-05-02 00:00:00,1017.9,8.9,0
2016-05-02 01:00:00,947.2,8.9,0
2016-05-02 02:00:00,892.0,8.9,0
2016-05-02 03:00:00,797.0,8.3,0
2016-05-02 04:00:00,828.7,8.3,0
2016-05-02 05:00:00,863.9,8.3,0
2016-05-02 06:00:00,1031.1,8.3,0
2016-05-02 07:00:00,1149.0,8.3,0
2016-05-02 08:00:00,1306.4,8.3,0
2016-05-02 09:00:00,1385.3,7.2,0
2016-05-02 10:00:00,1340.6,7.2,0
2016-05-02 11:00:00,1195.4,8.3,0
2016-05-02 12:00:00,1087.5,7.8,0
2016-05-02 13:00:00,1128.6,7.8,0
2016-05-02 14:00:00,1265.6,9.4,0
2016-05-02 15:00:00,988.9,8.9,0
2016-05-02 16:00:00,978.0,8.3,0
2016-05-02 17:00:00,1032.1,8.3,0
2016-05-02 18:00:00,1122.9,7.8,0
2016-05-02 19:00:00,1178.6,7.2,0
2016-05-02 20:00:00,1136.3,6.7,0
2016-05-02 21:00:00,1172.5,6.7,0
2016-05-02 22:00:00,1111.2,5.6,0
2016-05-02 23:00:00,1152.8,6.1,0
2016-05-03 00:00:00,1133.1,6.1,0
2016-05-03 01:00:00,1056.9,6.1,0
2016-05-03 02:00:00,1050.3,6.1,0
2016-05-03 03:00:00,957.2,6.1,0
2016-05-03 04:00:00,932.0,3.9,0
2016-05-03 05:00:00,1125.4,3.3,0
2016-05-03 06:00:00,1160.2,5.0,0
2016-05-03 07:00:00,1212.1,5.6,0
2016-05-03 08:00:00,1341.2,6.1,0
2016-05-03 09:00:00,1387.0,6.7,0
2016-05-03 10:00:00,1248.7,8.3,0
2016-05-03 11:00:00,1032.8,8.3,0
2016-05-03 12:00:00,1048.4,10.0,0
2016-05-03 13:00:00,901.6,10.6,0
2016-05-03 14:00:00,864.0,11.1,0
2016-05-03 15:00:00,796.1,11.7,0
2016-05-03 16:00:00,841.8,12.2,0
2016-05-03 17:00:00,736.4,11.7,0
2016-05-03 18:00:00,853.6,11.1,0
2016-05-03 19:00:00,857.3,10.6,0
2016-05-03 20:00:00,949.1,10.6,0
2016-05-03 21:00:00,916.9,10.0,0
2016-05-03 22:00:00,974.4,8.3,0
2016-05-03 23:00:00,906.4,8.9,0
2016-05-04 00:00:00,963.5,8.3,0
2016-05-04 01:00:00,881.7,8.3,0
2016-05-04 02:00:00,808.6,8.3,0
2016-05-04 03:00:00,817.5,7.8,0
2016-05-04 04:00:00,850.1,7.2,0
2016-05-04 05:00:00,885.1,5.6,0
2016-05-04 06:00:00,1065.5,7.8,0
2016-05-04 07:00:00,1037.7,10.6,0
2016-05-04 08:00:00,1109.4,12.2,0
2016-05-04 09:00:00,966.2,13.3,0
2016-05-04 10:00:00,842.9,14.4,0
2016-05-04 11:00:00,724.2,15.0,0
2016-05-04 12:00:00,590.6,15.0,0
2016-05-04 13:00:00,525.1,15.6,0
2016-05-04 14:00:00,653.1,12.0,0
2016-05-04 15:00:00,940.5,11.1,0
2016-05-04 16:00:00,892.8,11.1,0
2016-05-04 17:00:00,885.3,11.7,0
2016-05-04 18:00:00,801.0,11.7,0
2016-05-04 19:00:00,841.0,10.6,0
2016-05-04 20:00:00,904.7,9.4,0
2016-05-04 21:00:00,1001.4,8.3,0
2016-05-04 22:00:00,989.1,9.4,0
2016-05-04 23:00:00,923.3,9.4,0
2016-05-05 00:00:00,781.1,9.2,0
2016-05-05 01:00:00,749.4,8.9,0
2016-05-05 02:00:00,866.1,8.3,0
2016-05-05 03:00:00,783.1,7.8,0
2016-05-05 04:00:00,820.2,7.2,0
2016-05-05 05:00:00,887.1,6.1,0
2016-05-05 06:00:00,1010.3,6.7,0
2016-05-05 07:00:00,1047.9,8.3,0
2016-05-05 08:00:00,1128.1,8.9,0
2016-05-05 09:00:00,1125.9,10.6,0
2016-05-05 10:00:00,977.7,11.1,0
2016-05-05 11:00:00,898.7,11.1,0
2016-05-05 12:00:00,828.9,11.1,0
2016-05-05 13:00:00,862.0,12.2,0
2016-05-05 14:00:00,830.1,12.8,0
2016-05-05 15:00:00,808.2,12.8,0
2016-05-05 16:00:00,801.4,13.3,0
2016-05-05 17:00:00,800.9,13.3,0
2016-05-05 18:00:00,824.2,12.8,0
2016-05-05 19:00:00,818.7,12.2,0
2016-05-05 20:00:00,868.0,11.7,0
2016-05-05 21:00:00,910.8,10.6,0
2016-05-05 22:00:00,830.3,10.0,0
2016-05-05 23:00:00,841.0,11.7,0
2016-05-06 00:00:00,824.3,11.1,0
2016-05-06 01:00:00,814.3,8.9,0
2016-05-06 02:00:00,816.0,8.3,0
2016-05-06 03:00:00,849.3,7.8,0
2016-05-06 04:00:00,904.8,7.2,0
2016-05-06 05:00:00,844.3,6.7,0
2016-05-06 06:00:00,1031.5,7.2,0
2016-05-06 07:00:00,1211.4,9.4,0
2016-05-06 08:00:00,1241.6,8.9,0
2016-05-06 09:00:00,1278.3,10.0,0
2016-05-06 10:00:00,999.0,12.2,0
2016-05-06 11:00:00,1071.5,14.4,0
2016-05-06 12:00:00,747.5,13.3,0
2016-05-06 13:00:00,776.9,13.9,0
2016-05-06 14:00:00,781.6,12.2,0
2016-05-06 15:00:00,903.0,11.1,0
2016-05-06 16:00:00,941.1,11.1,0
2016-05-06 17:00:00,977.1,10.6,0
2016-05-06 18:00:00,990.2,10.6,0
2016-05-06 19:00:00,985.3,10.6,0
2016-05-06 20:00:00,870.5,8.3,0
2016-05-06 21:00:00,957.4,9.4,0
2016-05-06 22:00:00,942.7,10.0,0
2016-05-06 23:00:00,946.4,10.0,0
2016-05-07 00:00:00,958.9,10.6,0
2016-05-07 01:00:00,880.5,10.0,0
2016-05-07 02:00:00,861.5,7.8,0
2016-05-07 03:00:00,818.1,7.2,0
2016-05-07 04:00:00,910.0,6.7,0
2016-05-07 05:00:00,928.4,5.0,0
2016-05-07 06:00:00,1038.0,7.8,0
2016-05-07 07:00:00,948.0,10.0,0
2016-05-07 08:00:00,926.5,11.1,0
2016-05-07 09:00:00,955.0,11.7,0
2016-05-07 10:00:00,836.6,11.7,0
2016-05-07 11:00:00,873.4,12.8,0
2016-05-07 12:00:00,677.8,16.1,0
2016-05-07 13:00:00,520.1,15.6,0
2016-05-07 14:00:00,472.1,17.2,0
2016-05-07 15:00:00,447.5,17.2,0
2016-05-07 16:00:00,498.9,17.8,0
2016-05-07 17:00:00,392.1,16.7,0
2016-05-07 18:00:00,466.2,15.6,0
2016-05-07 19:00:00,435.3,14.4,0
2016-05-07 20:00:00,486.7,14.4,0
2016-05-07 21:00:00,548.5,13.9,0
2016-05-07 22:00:00,517.9,13.3,0
2016-05-07 23:00:00,592.5,12.8,0
2016-05-08 00:00:00,645.1,12.8,0
2016-05-08 01:00:00,538.6,11.7,0
2016-05-08 02:00:00,677.0,11.1,0
2016-05-08 03:00:00,704.8,10.6,0
2016-05-08 04:00:00,776.1,10.6,0
2016-05-08 05:00:00,736.4,8.9,0
2016-05-08 06:00:00,871.0,6.7,0
2016-05-08 07:00:00,1001.2,6.2,0
2016-05-08 08:00:00,1296.2,5.6,0
2016-05-08 09:00:00,1245.0,7.8,0
2016-05-08 10:00:00,1257.9,9.2,0
2016-05-08 11:00:00,1134.9,10.6,0
2016-05-08 12:00:00,1029.3,11.7,0
2016-05-08 13:00:00,921.2,12.2,0
2016-05-08 14:00:00,811.6,13.3,0
2016-05-08 15:00:00,761.6,12.8,0
2016-05-08 16:00:00,767.3,11.7,0
2016-05-08 17:00:00,783.9,11.7,0
2016-05-08 18:00:00,929.5,7.8,0
2016-05-08 19:00:00,1062.1,6.7,0
2016-05-08 20:00:00,1109.6,6.1,0
2016-05-08 21:00:00,984.8,6.7,0
2016-05-08 22:00:00,1034.2,6.7,0
2016-05-08 23:00:00,1072.2,7.2,0
2016-05-09 00:00:00,1010.9,6.1,0
2016-05-09 01:00:00,972.3,5.6,0
2016-05-09 02:00:00,967.7,6.1,0
2016-05-09 03:00:00,936.3,5.0,0
2016-05-09 04:00:00,933.8,3.9,0
2016-05-09 05:00:00,964.2,2.8,0
2016-05-09 06:00:00,1186.5,3.9,0
2016-05-09 07:00:00,1272.6,5.6,0
2016-05-09 08:00:00,1303.4,7.2,0
2016-05-09 09:00:00,1153.9,8.3,0
2016-05-09 10:00:00,1040.3,10.0,0
2016-05-09 11:00:00,885.7,11.1,0
2016-05-09 12:00:00,860.3,12.8,0
2016-05-09 13:00:00,772.6,13.3,0
2016-05-09 14:00:00,599.7,13.9,0
2016-05-09 15:00:00,549.4,14.4,0
2016-05-09 16:00:00,590.5,14.4,0
2016-05-09 17:00:00,480.4,12.8,0
2016-05-09 18:00:00,501.6,11.1,0
2016-05-09 19:00:00,874.0,8.9,0
2016-05-09 20:00:00,1007.7,7.2,0
2016-05-09 21:00:00,974.9,6.1,0
2016-05-09 22:00:00,1009.4,3.9,0
2016-05-09 23:00:00,1088.0,2.8,0
2016-05-10 00:00:00,1177.5,1.1,0
2016-05-10 01:00:00,1156.4,-1.1,0
2016-05-10 02:00:00,1279.9,0.0,0
2016-05-10 03:00:00,1228.0,-0.6,0
2016-05-10 04:00:00,1287.2,-1.1,0
2016-05-10 05:00:00,1288.1,-1.1,0
2016-05-10 06:00:00,1457.1,1.7,0
2016-05-10 07:00:00,1531.3,5.6,0
2016-05-10 08:00:00,1274.0,9.4,0
2016-05-10 09:00:00,1225.4,11.7,0
2016-05-10 10:00:00,1024.4,12.2,0
2016-05-10 11:00:00,684.1,13.3,0
2016-05-10 12:00:00,607.3,14.4,0
2016-05-10 13:00:00,564.9,15.6,0
2016-05-10 14:00:00,513.7,16.1,0
2016-05-10 15:00:00,392.6,16.1,0
2016-05-10 16:00:00,419.8,16.7,0
2016-05-10 17:00:00,415.1,16.7,0
2016-05-10 18:00:00,480.8,15.6,0
2016-05-10 19:00:00,419.4,12.2,0
2016-05-10 20:00:00,514.1,7.2,0
2016-05-10 21:00:00,875.7,5.6,0
2016-05-10 22:00:00,932.4,5.6,0
2016-05-10 23:00:00,997.0,4.4,0
2016-05-11 00:00:00,1104.9,3.3,0
2016-05-11 01:00:00,974.4,4.4,0
2016-05-11 02:00:00,1005.9,3.9,0
2016-05-11 03:00:00,1024.1,3.3,0
2016-05-11 04:00:00,1113.0,3.9,0
2016-05-11 05:00:00,1124.8,2.8,0
2016-05-11 06:00:00,1299.9,5.0,0
2016-05-11 07:00:00,1316.8,8.3,0
2016-05-11 08:00:00,1154.8,13.3,0
2016-05-11 09:00:00,961.7,16.7,0
2016-05-11 10:00:00,647.1,17.2,0
2016-05-11 11:00:00,538.8,18.9,0
2016-05-11 12:00:00,517.9,20.0,0
2016-05-11 13:00:00,444.8,21.1,0
2016-05-11 14:00:00,386.5,21.1,0
2016-05-11 15:00:00,348.9,22.2,0
2016-05-11 16:00:00,369.1,21.1,0
2016-05-11 17:00:00,401.5,21.7,0
2016-05-11 18:00:00,437.5,19.4,0
2016-05-11 19:00:00,364.9,17.2,0
2016-05-11 20:00:00,443.0,12.8,0
2016-05-11 21:00:00,480.4,9.4,0
2016-05-11 22:00:00,573.2,7.8,0
2016-05-11 23:00:00,853.4,7.0,0
2016-05-12 00:00:00,757.0,6.7,0
2016-05-12 01:00:00,807.0,7.8,0
2016-05-12 02:00:00,778.1,7.2,0
2016-05-12 03:00:00,798.9,6.7,0
2016-05-12 04:00:00,798.8,6.1,0
2016-05-12 05:00:00,900.1,6.1,0
2016-05-12 06:00:00,1041.5,8.9,0
2016-05-12 07:00:00,1037.9,12.8,0
2016-05-12 08:00:00,1018.9,16.7,0
2016-05-12 09:00:00,728.9,19.4,0
2016-05-12 10:00:00,422.8,21.7,0
2016-05-12 11:00:00,357.9,23.3,0
2016-05-12 12:00:00,328.6,24.4,0
2016-05-12 13:00:00,335.2,25.6,0
2016-05-12 14:00:00,315.9,26.7,0
2016-05-12 15:00:00,256.2,26.7,0
2016-05-12 16:00:00,353.0,26.7,0
2016-05-12 17:00:00,422.2,27.2,0
2016-05-12 18:00:00,287.0,25.6,0
2016-05-12 19:00:00,369.5,23.9,0
2016-05-12 20:00:00,402.3,21.7,0
2016-05-12 21:00:00,381.2,20.6,0
2016-05-12 22:00:00,411.7,19.4,0
2016-05-12 23:00:00,419.8,18.9,0
2016-05-13 00:00:00,274.3,18.3,0
2016-05-13 01:00:00,262.6,18.3,0
2016-05-13 02:00:00,378.6,17.2,0
2016-05-13 03:00:00,297.7,17.2,0
2016-05-13 04:00:00,273.4,17.0,0
2016-05-13 05:00:00,249.2,16.7,0
2016-05-13 06:00:00,302.9,16.1,0
2016-05-13 07:00:00,442.5,15.6,0
2016-05-13 08:00:00,485.7,15.6,0
2016-05-13 09:00:00,498.2,16.1,0
2016-05-13 10:00:00,568.5,16.7,0
2016-05-13 11:00:00,464.8,16.7,0
2016-05-13 12:00:00,459.5,17.2,0
2016-05-13 13:00:00,453.5,18.3,0
2016-05-13 14:00:00,390.1,19.4,0
2016-05-13 15:00:00,370.9,21.1,0
2016-05-13 16:00:00,340.7,18.9,0
2016-05-13 17:00:00,334.3,18.3,0
2016-05-13 18:00:00,370.3,18.3,0
2016-05-13 19:00:00,366.5,16.7,0
2016-05-13 20:00:00,372.3,13.9,0
2016-05-13 21:00:00,421.2,13.3,0
2016-05-13 22:00:00,384.5,12.8,0
2016-05-13 23:00:00,425.4,9.4,0
2016-05-14 00:00:00,672.1,10.0,0
2016-05-14 01:00:00,580.0,8.3,0
2016-05-14 02:00:00,546.6,8.9,0
2016-05-14 03:00:00,705.5,7.2,0
2016-05-14 04:00:00,595.8,6.1,0
2016-05-14 05:00:00,716.6,6.1,0
2016-05-14 06:00:00,760.9,10.0,0
2016-05-14 07:00:00,682.2,12.8,0
2016-05-14 08:00:00,536.4,15.0,0
2016-05-14 09:00:00,547.8,16.7,0
2016-05-14 10:00:00,467.1,16.7,0
2016-05-14 11:00:00,535.0,18.3,0
2016-05-14 12:00:00,411.7,17.2,0
2016-05-14 13:00:00,448.0,16.1,0
2016-05-14 14:00:00,401.6,16.7,0
2016-05-14 15:00:00,443.0,14.4,0
2016-05-14 16:00:00,472.8,14.4,0
2016-05-14 17:00:00,831.8,10.6,0
2016-05-14 18:00:00,1051.2,10.6,0
2016-05-14 19:00:00,861.4,8.3,0
2016-05-14 20:00:00,1059.5,7.8,0
2016-05-14 21:00:00,955.3,7.2,0
2016-05-14 22:00:00,1030.4,6.1,0
2016-05-14 23:00:00,1098.9,5.0,0
2016-05-15 00:00:00,1075.0,3.9,0
2016-05-15 01:00:00,950.8,5.0,0
2016-05-15 02:00:00,877.0,4.4,0
2016-05-15 03:00:00,889.0,4.4,0
2016-05-15 04:00:00,942.5,3.9,0
2016-05-15 05:00:00,937.7,3.9,0
2016-05-15 06:00:00,1123.8,3.3,0
2016-05-15 07:00:00,1115.5,4.4,0
2016-05-15 08:00:00,1118.4,5.0,0
2016-05-15 09:00:00,1308.0,5.6,0
2016-05-15 10:00:00,1225.8,6.1,0
2016-05-15 11:00:00,1386.8,5.6,0
2016-05-15 12:00:00,1292.1,5.6,0
2016-05-15 13:00:00,1268.4,5.8,0
2016-05-15 14:00:00,1155.9,6.1,0
2016-05-15 15:00:00,1023.8,4.6,0
2016-05-15 16:00:00,1100.9,3.0,0
2016-05-15 17:00:00,1186.1,4.4,0
2016-05-15 18:00:00,1200.9,5.0,0
2016-05-15 19:00:00,1153.7,3.3,0
2016-05-15 20:00:00,1363.5,2.8,0
2016-05-15 21:00:00,1374.7,2.2,0
2016-05-15 22:00:00,1346.9,2.8,0
2016-05-15 23:00:00,1329.1,3.3,0
2016-05-16 00:00:00,1249.3,2.2,0
2016-05-16 01:00:00,1281.2,1.7,0
2016-05-16 02:00:00,1269.8,1.1,0
2016-05-16 03:00:00,1197.4,0.0,0
2016-05-16 04:00:00,1258.6,1.1,0
2016-05-16 05:00:00,1288.1,1.7,0
2016-05-16 06:00:00,1363.0,2.8,0
2016-05-16 07:00:00,1481.3,4.4,0
2016-05-16 08:00:00,1432.0,6.7,0
2016-05-16 09:00:00,1245.3,7.2,0
2016-05-16 10:00:00,1309.2,8.9,0
2016-05-16 11:00:00,1189.1,11.1,0
2016-05-16 12:00:00,1048.1,12.2,0
2016-05-16 13:00:00,852.5,13.3,0
2016-05-16 14:00:00,701.1,13.3,0
2016-05-16 15:00:00,596.7,14.4,0
2016-05-16 16:00:00,530.9,15.0,0
2016-05-16 17:00:00,438.4,15.6,0
2016-05-16 18:00:00,417.1,15.0,0
2016-05-16 19:00:00,419.5,12.2,0
2016-05-16 20:00:00,533.6,8.9,0
2016-05-16 21:00:00,780.1,8.3,0
2016-05-16 22:00:00,799.6,7.8,0
2016-05-16 23:00:00,864.2,7.8,0
2016-05-17 00:00:00,914.0,8.3,0
2016-05-17 01:00:00,801.9,10.6,0
2016-05-17 02:00:00,749.0,8.3,0
2016-05-17 03:00:00,685.4,7.2,0
2016-05-17 04:00:00,821.0,7.2,0
2016-05-17 05:00:00,779.4,8.9,0
2016-05-17 06:00:00,808.1,10.0,0
2016-05-17 07:00:00,870.5,11.1,0
2016-05-17 08:00:00,879.1,11.7,0
2016-05-17 09:00:00,851.5,12.2,0
2016-05-17 10:00:00,757.1,13.3,0
2016-05-17 11:00:00,616.5,14.4,0
2016-05-17 12:00:00,622.2,13.9,0
2016-05-17 13:00:00,557.7,12.8,0
2016-05-17 14:00:00,516.9,12.2,0
2016-05-17 15:00:00,813.1,12.2,0
2016-05-17 16:00:00,593.8,12.2,0
2016-05-17 17:00:00,634.0,12.8,0
2016-05-17 18:00:00,650.0,13.3,0
2016-05-17 19:00:00,507.0,11.7,0
2016-05-17 20:00:00,620.0,6.7,0
2016-05-17 21:00:00,952.2,5.6,0
2016-05-17 22:00:00,1017.9,3.3,0
2016-05-17 23:00:00,1145.4,2.2,0
2016-05-18 00:00:00,1183.6,2.8,0
2016-05-18 01:00:00,1107.2,3.3,0
2016-05-18 02:00:00,1085.8,3.3,0
2016-05-18 03:00:00,1119.6,2.8,0
2016-05-18 04:00:00,1097.3,1.7,0
2016-05-18 05:00:00,1148.5,2.8,0
2016-05-18 06:00:00,1296.4,4.8,0
2016-05-18 07:00:00,1255.3,6.7,0
2016-05-18 08:00:00,1352.2,7.8,0
2016-05-18 09:00:00,1152.6,10.0,0
2016-05-18 10:00:00,995.5,11.7,0
2016-05-18 11:00:00,828.7,12.8,0
2016-05-18 12:00:00,679.7,14.4,0
2016-05-18 13:00:00,693.6,15.0,0
2016-05-18 14:00:00,643.9,15.0,0
2016-05-18 15:00:00,594.8,15.6,0
2016-05-18 16:00:00,585.2,16.7,0
2016-05-18 17:00:00,611.4,14.4,0
2016-05-18 18:00:00,625.3,13.3,0
2016-05-18 19:00:00,666.3,10.6,0
2016-05-18 20:00:00,921.3,8.9,0
2016-05-18 21:00:00,1020.7,8.9,0
2016-05-18 22:00:00,1006.9,5.0,0
2016-05-18 23:00:00,1041.2,3.3,0
2016-05-19 00:00:00,1138.6,2.8,0
2016-05-19 01:00:00,1052.0,1.7,0
2016-05-19 02:00:00,1078.5,1.1,0
2016-05-19 03:00:00,1149.3,1.1,0
2016-05-19 04:00:00,1108.5,0.6,0
2016-05-19 05:00:00,1199.4,0.6,0
2016-05-19 06:00:00,1343.5,3.9,0
2016-05-19 07:00:00,1314.8,7.8,0
2016-05-19 08:00:00,1194.1,11.1,0
2016-05-19 09:00:00,977.5,13.3,0
2016-05-19 10:00:00,823.4,14.4,0
2016-05-19 11:00:00,740.0,15.6,0
2016-05-19 12:00:00,702.6,16.7,0
2016-05-19 13:00:00,663.3,15.6,0
2016-05-19 14:00:00,494.6,17.2,0
2016-05-19 15:00:00,506.0,16.7,0
2016-05-19 16:00:00,340.8,16.7,0
2016-05-19 17:00:00,407.9,17.8,0
2016-05-19 18:00:00,398.5,16.7,0
2016-05-19 19:00:00,374.6,13.3,0
2016-05-19 20:00:00,478.8,12.2,0
2016-05-19 21:00:00,531.8,7.8,0
2016-05-19 22:00:00,782.5,6.7,0
2016-05-19 23:00:00,944.8,5.0,0
2016-05-20 00:00:00,879.1,5.0,0
2016-05-20 01:00:00,880.7,3.3,0
2016-05-20 02:00:00,889.1,5.6,0
2016-05-20 03:00:00,956.7,3.9,0
2016-05-20 04:00:00,920.5,3.9,0
2016-05-20 05:00:00,954.6,2.8,0
2016-05-20 06:00:00,1158.5,3.9,0
2016-05-20 07:00:00,1060.0,7.8,0
2016-05-20 08:00:00,1041.2,12.8,0
2016-05-20 09:00:00,810.5,15.6,0
2016-05-20 10:00:00,570.9,17.8,0
2016-05-20 11:00:00,457.3,19.4,0
2016-05-20 12:00:00,436.2,20.0,0
2016-05-20 13:00:00,441.8,20.6,0
2016-05-20 14:00:00,399.4,21.1,0
2016-05-20 15:00:00,421.6,21.1,0
2016-05-20 16:00:00,305.9,20.6,0
2016-05-20 17:00:00,333.2,21.1,0
2016-05-20 18:00:00,296.5,20.6,0
2016-05-20 19:00:00,358.1,17.8,0
2016-05-20 20:00:00,318.2,13.3,0
2016-05-20 21:00:00,382.0,12.8,0
2016-05-20 22:00:00,468.3,13.9,0
2016-05-20 23:00:00,566.5,12.8,0
2016-05-21 00:00:00,645.1,11.1,0
2016-05-21 01:00:00,612.8,9.4,0
2016-05-21 02:00:00,733.5,10.0,0
2016-05-21 03:00:00,623.8,11.1,0
2016-05-21 04:00:00,629.8,12.2,0
2016-05-21 05:00:00,579.6,11.1,0
2016-05-21 06:00:00,568.4,11.7,0
2016-05-21 07:00:00,471.5,12.8,0
2016-05-21 08:00:00,524.2,15.0,0
2016-05-21 09:00:00,590.4,16.1,0
2016-05-21 10:00:00,528.8,17.8,0
2016-05-21 11:00:00,446.7,17.8,0
2016-05-21 12:00:00,375.3,18.3,0
2016-05-21 13:00:00,356.5,18.3,0
2016-05-21 14:00:00,372.3,17.2,0
2016-05-21 15:00:00,347.7,15.0,0
2016-05-21 16:00:00,472.6,16.1,0
2016-05-21 17:00:00,396.2,15.6,0
2016-05-21 18:00:00,389.3,14.4,0
2016-05-21 19:00:00,503.9,13.3,0
2016-05-21 20:00:00,492.3,12.2,0
2016-05-21 21:00:00,594.8,12.2,0
2016-05-21 22:00:00,637.3,9.4,0
2016-05-21 23:00:00,552.4,10.0,0
2016-05-22 00:00:00,633.7,8.9,0
2016-05-22 01:00:00,603.0,9.4,0
2016-05-22 02:00:00,567.1,9.4,0
2016-05-22 03:00:00,568.7,10.0,0
2016-05-22 04:00:00,721.3,10.0,0
2016-05-22 05:00:00,721.5,10.0,0
2016-05-22 06:00:00,764.6,10.0,0
2016-05-22 07:00:00,667.0,11.1,0
2016-05-22 08:00:00,787.4,12.8,0
2016-05-22 09:00:00,673.8,13.0,0
2016-05-22 10:00:00,590.8,13.3,0
2016-05-22 11:00:00,515.4,13.3,0
2016-05-22 12:00:00,484.9,14.4,0
2016-05-22 13:00:00,486.0,16.1,0
2016-05-22 14:00:00,368.7,17.8,0
2016-05-22 15:00:00,320.9,20.0,0
2016-05-22 16:00:00,329.6,18.3,0
2016-05-22 17:00:00,330.2,15.0,0
2016-05-22 18:00:00,381.9,17.2,0
2016-05-22 19:00:00,413.9,15.6,0
2016-05-22 20:00:00,428.6,11.7,0
2016-05-22 21:00:00,516.3,11.1,0
2016-05-22 22:00:00,505.3,11.7,0
2016-05-22 23:00:00,571.2,12.2,0
2016-05-23 00:00:00,547.1,11.1,0
2016-05-23 01:00:00,635.9,10.0,0
2016-05-23 02:00:00,561.0,9.4,0
2016-05-23 03:00:00,469.1,8.0,0
2016-05-23 04:00:00,749.3,7.8,0
2016-05-23 05:00:00,761.8,7.8,0
2016-05-23 06:00:00,857.1,10.0,0
2016-05-23 07:00:00,726.7,13.3,0
2016-05-23 08:00:00,842.5,15.6,0
2016-05-23 09:00:00,548.3,16.7,0
2016-05-23 10:00:00,442.9,19.4,0
2016-05-23 11:00:00,381.5,19.4,0
2016-05-23 12:00:00,330.1,21.7,0
2016-05-23 13:00:00,366.5,23.9,0
2016-05-23 14:00:00,322.3,23.9,0
2016-05-23 15:00:00,310.8,23.9,0
2016-05-23 16:00:00,276.9,23.9,0
2016-05-23 17:00:00,332.7,23.3,0
2016-05-23 18:00:00,350.0,22.2,0
2016-05-23 19:00:00,275.8,20.6,0
2016-05-23 20:00:00,295.2,16.1,0
2016-05-23 21:00:00,348.9,16.7,0
2016-05-23 22:00:00,353.5,11.1,0
2016-05-23 23:00:00,319.4,9.4,0
2016-05-24 00:00:00,356.7,9.4,0
2016-05-24 01:00:00,566.2,8.3,0
2016-05-24 02:00:00,569.2,8.3,0
2016-05-24 03:00:00,709.1,7.2,0
2016-05-24 04:00:00,668.1,7.2,0
2016-05-24 05:00:00,775.6,6.7,0
2016-05-24 06:00:00,808.9,8.3,0
2016-05-24 07:00:00,787.5,13.3,0
2016-05-24 08:00:00,582.6,17.2,0
2016-05-24 09:00:00,455.8,19.4,0
2016-05-24 10:00:00,365.2,21.1,0
2016-05-24 11:00:00,323.7,22.8,0
2016-05-24 12:00:00,324.9,23.9,0
2016-05-24 13:00:00,309.6,24.4,0
2016-05-24 14:00:00,286.0,25.0,0
2016-05-24 15:00:00,246.1,25.6,0
2016-05-24 16:00:00,263.3,25.6,0
2016-05-24 17:00:00,312.0,24.4,0
2016-05-24 18:00:00,269.8,23.0,0
2016-05-24 19:00:00,305.3,21.7,0
2016-05-24 20:00:00,301.6,13.3,0
2016-05-24 21:00:00,330.1,11.7,0
2016-05-24 22:00:00,258.3,11.1,0
2016-05-24 23:00:00,183.1,10.6,0
2016-05-25 00:00:00,250.5,9.4,0
2016-05-25 01:00:00,338.2,9.2,0
2016-05-25 02:00:00,341.7,8.9,0
2016-05-25 03:00:00,378.9,8.3,0
2016-05-25 04:00:00,549.6,7.2,0
2016-05-25 05:00:00,495.5,7.2,0
2016-05-25 06:00:00,503.2,10.0,0
2016-05-25 07:00:00,512.4,15.6,0
2016-05-25 08:00:00,363.7,21.1,0
2016-05-25 09:00:00,669.8,23.3,0
2016-05-25 10:00:00,700.6,25.6,0
2016-05-25 11:00:00,221.5,27.8,0
2016-05-25 12:00:00,312.0,27.2,0
2016-05-25 13:00:00,328.8,27.8,0
2016-05-25 14:00:00,254.1,26.1,0
2016-05-25 15:00:00,260.8,27.2,0
2016-05-25 16:00:00,221.9,26.7,0
2016-05-25 17:00:00,277.3,27.2,0
2016-05-25 18:00:00,270.3,26.1,0
2016-05-25 19:00:00,274.1,23.3,0
2016-05-25 20:00:00,226.7,22.8,0
2016-05-25 21:00:00,284.3,17.2,0
2016-05-25 22:00:00,221.2,17.2,0
2016-05-25 23:00:00,315.3,13.9,0
2016-05-26 00:00:00,214.0,13.9,0
2016-05-26 01:00:00,237.5,13.3,0
2016-05-26 02:00:00,266.3,13.3,0
2016-05-26 03:00:00,208.3,13.3,0
2016-05-26 04:00:00,229.9,13.9,0
2016-05-26 05:00:00,285.8,13.9,0
2016-05-26 06:00:00,308.2,15.6,0
2016-05-26 07:00:00,432.4,17.8,0
2016-05-26 08:00:00,271.2,22.2,0
2016-05-26 09:00:00,318.5,25.0,0
2016-05-26 10:00:00,190.6,26.1,0
2016-05-26 11:00:00,307.2,28.3,0
2016-05-26 12:00:00,236.2,27.2,0
2016-05-26 13:00:00,364.1,27.2,0
2016-05-26 14:00:00,266.6,27.2,0
2016-05-26 15:00:00,251.6,27.2,0
2016-05-26 16:00:00,240.4,27.2,0
2016-05-26 17:00:00,248.9,28.3,0
2016-05-26 18:00:00,265.0,27.8,0
2016-05-26 19:00:00,225.6,25.6,0
2016-05-26 20:00:00,237.4,23.9,0
2016-05-26 21:00:00,238.4,21.7,0
2016-05-26 22:00:00,272.2,21.7,0
2016-05-26 23:00:00,205.6,21.1,0
2016-05-27 00:00:00,198.5,20.0,0
2016-05-27 01:00:00,246.5,20.6,0
2016-05-27 02:00:00,183.3,20.0,0
2016-05-27 03:00:00,245.7,18.9,0
2016-05-27 04:00:00,165.0,16.1,0
2016-05-27 05:00:00,309.9,19.4,0
2016-05-27 06:00:00,269.0,20.6,0
2016-05-27 07:00:00,274.8,22.2,0
2016-05-27 08:00:00,358.4,23.9,0
2016-05-27 09:00:00,329.5,25.6,0
2016-05-27 10:00:00,215.0,26.7,0
2016-05-27 11:00:00,264.5,28.3,0
2016-05-27 12:00:00,256.0,28.9,0
2016-05-27 13:00:00,271.6,29.4,0
2016-05-27 14:00:00,227.3,30.0,0
2016-05-27 15:00:00,274.0,28.4,0
2016-05-27 16:00:00,248.3,26.7,0
2016-05-27 17:00:00,238.3,23.3,0
2016-05-27 18:00:00,264.6,26.7,0
2016-05-27 19:00:00,282.8,23.9,0
2016-05-27 20:00:00,199.6,20.6,0
2016-05-27 21:00:00,211.3,21.1,0
2016-05-27 22:00:00,278.8,20.6,0
2016-05-27 23:00:00,243.3,19.4,0
2016-05-28 00:00:00,167.0,18.9,0
2016-05-28 01:00:00,291.5,18.3,0
2016-05-28 02:00:00,263.2,17.8,0
2016-05-28 03:00:00,251.3,17.2,0
2016-05-28 04:00:00,226.9,17.2,0
2016-05-28 05:00:00,232.5,17.2,0
2016-05-28 06:00:00,275.4,18.9,0
2016-05-28 07:00:00,297.3,21.7,0
2016-05-28 08:00:00,296.5,25.0,0
2016-05-28 09:00:00,200.4,27.2,0
2016-05-28 10:00:00,287.8,28.9,0
2016-05-28 11:00:00,197.0,30.6,0
2016-05-28 12:00:00,265.4,30.6,0
2016-05-28 13:00:00,281.5,31.1,0
2016-05-28 14:00:00,208.7,31.7,0
2016-05-28 15:00:00,200.9,31.7,0
2016-05-28 16:00:00,321.5,31.1,0
2016-05-28 17:00:00,208.6,31.7,0
2016-05-28 18:00:00,210.0,30.0,0
2016-05-28 19:00:00,299.3,25.0,0
2016-05-28 20:00:00,248.0,22.8,0
2016-05-28 21:00:00,218.9,21.7,0
2016-05-28 22:00:00,267.3,21.1,0
2016-05-28 23:00:00,184.3,22.2,0
2016-05-29 00:00:00,277.2,21.7,0
2016-05-29 01:00:00,151.0,21.1,0
2016-05-29 02:00:00,239.5,20.0,0
2016-05-29 03:00:00,203.3,20.0,0
2016-05-29 04:00:00,203.8,20.6,0
2016-05-29 05:00:00,199.6,20.0,0
2016-05-29 06:00:00,286.1,21.1,0
2016-05-29 07:00:00,271.2,25.0,0
2016-05-29 08:00:00,254.0,26.7,0
2016-05-29 09:00:00,281.5,26.1,0
2016-05-29 10:00:00,175.4,25.6,0
2016-05-29 11:00:00,241.7,25.0,0
2016-05-29 12:00:00,194.1,27.2,0
2016-05-29 13:00:00,237.5,24.4,0
2016-05-29 14:00:00,208.1,27.8,0
2016-05-29 15:00:00,289.7,21.7,0
2016-05-29 16:00:00,222.2,21.1,0
2016-05-29 17:00:00,257.5,21.1,0
2016-05-29 18:00:00,202.6,21.1,0
2016-05-29 19:00:00,245.1,20.0,0
2016-05-29 20:00:00,236.0,18.9,0
2016-05-29 21:00:00,206.6,19.4,0
2016-05-29 22:00:00,238.3,18.9,0
2016-05-29 23:00:00,230.6,18.3,0
2016-05-30 00:00:00,247.8,17.8,0
2016-05-30 01:00:00,207.5,17.8,0
2016-05-30 02:00:00,189.7,18.3,0
2016-05-30 03:00:00,229.8,17.8,0
2016-05-30 04:00:00,193.2,17.8,0
2016-05-30 05:00:00,257.7,17.8,0
2016-05-30 06:00:00,174.9,17.8,0
2016-05-30 07:00:00,290.0,20.0,0
2016-05-30 08:00:00,227.3,21.7,0
2016-05-30 09:00:00,255.7,22.8,0
2016-05-30 10:00:00,303.7,24.4,0
2016-05-30 11:00:00,152.8,26.1,0
2016-05-30 12:00:00,282.9,27.2,0
2016-05-30 13:00:00,262.4,26.7,0
2016-05-30 14:00:00,237.7,27.2,0
2016-05-30 15:00:00,189.6,27.8,0
2016-05-30 16:00:00,277.7,27.8,0
2016-05-30 17:00:00,196.3,26.7,0
2016-05-30 18:00:00,199.9,26.1,0
2016-05-30 19:00:00,256.7,23.9,0
2016-05-30 20:00:00,168.6,21.1,0
2016-05-30 21:00:00,267.7,18.6,0
2016-05-30 22:00:00,248.9,16.1,0
2016-05-30 23:00:00,236.8,16.7,0
2016-05-31 00:00:00,239.8,14.4,0
2016-05-31 01:00:00,193.4,12.8,0
2016-05-31 02:00:00,284.4,12.2,0
2016-05-31 03:00:00,193.7,11.7,0
2016-05-31 04:00:00,239.2,11.7,0
2016-05-31 05:00:00,298.9,11.7,0
2016-05-31 06:00:00,30.9,13.3,0
2016-05-31 07:00:00,38.2,17.2,0
2016-05-31 08:00:00,31.3,20.0,0
2016-05-31 09:00:00,13.9,21.7,0
2016-05-31 10:00:00,14.4,22.8,0
2016-05-31 11:00:00,14.3,23.9,0
2016-05-31 12:00:00,0.1,24.4,0
2016-05-31 13:00:00,0.2,25.6,0
2016-05-31 14:00:00,0.2,26.1,1
2016-05-31 15:00:00,0.2,25.6,1
2016-05-31 16:00:00,0.1,26.1,1
2016-05-31 17:00:00,0.1,25.0,1
2016-05-31 18:00:00,0.1,23.3,0
2016-05-31 19:00:00,0.3,21.1,0
2016-05-31 20:00:00,36.0,19.4,0
2016-05-31 21:00:00,0.1,17.2,0
2016-05-31 22:00:00,0.1,12.2,0
2016-05-31 23:00:00,1.9,11.7,1
2016-06-01 00:00:00,3.7,11.1,1
2016-06-01 01:00:00,5.5,10.0,1
2016-06-01 02:00:00,7.3,10.6,1
2016-06-01 03:00:00,9.1,11.1,1
2016-06-01 04:00:00,10.9,8.3,1
2016-06-01 05:00:00,581.8,8.3,1
2016-06-01 06:00:00,613.9,11.1,1
2016-06-01 07:00:00,563.3,12.2,1
2016-06-01 08:00:00,18.0,13.3,0
2016-06-01 09:00:00,18.0,15.6,0
2016-06-01 10:00:00,13.6,16.7,1
2016-06-01 11:00:00,9.1,19.4,1
2016-06-01 12:00:00,4.6,22.2,1
2016-06-01 13:00:00,0.2,23.9,0
2016-06-01 14:00:00,0.1,25.6,0
2016-06-01 15:00:00,5.4,27.2,1
2016-06-01 16:00:00,10.7,28.3,1
2016-06-01 17:00:00,16.0,28.3,1
2016-06-01 18:00:00,21.4,27.2,1
2016-06-01 19:00:00,26.7,25.6,1
2016-06-01 20:00:00,32.0,22.8,1
2016-06-01 21:00:00,37.3,19.4,0
2016-06-01 22:00:00,32.1,21.7,1
2016-06-01 23:00:00,26.9,21.7,1
2016-06-02 00:00:00,21.8,21.1,1
2016-06-02 01:00:00,16.6,20.6,1
2016-06-02 02:00:00,11.4,20.0,1
2016-06-02 03:00:00,6.2,19.4,0
2016-06-02 04:00:00,17.9,18.3,0
2016-06-02 05:00:00,16.6,18.3,1
2016-06-02 06:00:00,15.2,18.3,1
2016-06-02 07:00:00,13.9,19.4,1
2016-06-02 08:00:00,12.6,21.1,1
2016-06-02 09:00:00,11.3,21.1,1
2016-06-02 10:00:00,9.9,22.2,1
2016-06-02 11:00:00,420.8,22.2,1
2016-06-02 12:00:00,7.3,21.1,0
2016-06-02 13:00:00,7.3,18.3,0
2016-06-02 14:00:00,7.5,18.9,1
2016-06-02 15:00:00,7.6,19.4,0
2016-06-02 16:00:00,22.8,21.1,0
2016-06-02 17:00:00,8.0,21.7,0
2016-06-02 18:00:00,39.2,21.4,0
2016-06-02 19:00:00,85.7,21.1,0
2016-06-02 20:00:00,199.4,20.0,0
2016-06-02 21:00:00,716.0,20.0,0
2016-06-02 22:00:00,826.2,20.0,0
2016-06-02 23:00:00,425.9,20.0,0
2016-06-03 00:00:00,243.2,20.0,0
2016-06-03 01:00:00,175.8,18.9,0
2016-06-03 02:00:00,240.5,17.8,0
2016-06-03 03:00:00,228.5,17.2,0
2016-06-03 04:00:00,224.7,17.2,0
2016-06-03 05:00:00,202.3,18.3,0
2016-06-03 06:00:00,252.3,17.8,0
2016-06-03 07:00:00,277.5,18.9,0
2016-06-03 08:00:00,223.9,20.0,0
2016-06-03 09:00:00,280.1,21.7,0
2016-06-03 10:00:00,222.4,22.8,0
2016-06-03 11:00:00,241.9,23.9,0
2016-06-03 12:00:00,299.9,25.0,0
2016-06-03 13:00:00,244.3,25.8,0
2016-06-03 14:00:00,276.3,26.7,0
2016-06-03 15:00:00,278.7,27.2,0
2016-06-03 16:00:00,246.5,27.2,0
2016-06-03 17:00:00,204.9,26.1,0
2016-06-03 18:00:00,268.1,24.4,0
2016-06-03 19:00:00,244.0,23.3,0
2016-06-03 20:00:00,188.8,20.0,0
2016-06-03 21:00:00,227.9,17.8,0
2016-06-03 22:00:00,231.3,15.0,0
2016-06-03 23:00:00,238.4,15.0,0
2016-06-04 00:00:00,240.7,13.3,0
2016-06-04 01:00:00,220.4,12.8,0
2016-06-04 02:00:00,191.2,13.3,0
2016-06-04 03:00:00,285.5,13.9,0
2016-06-04 04:00:00,223.8,12.8,0
2016-06-04 05:00:00,232.3,12.8,0
2016-06-04 06:00:00,427.4,15.0,0
2016-06-04 07:00:00,231.2,17.2,0
2016-06-04 08:00:00,158.3,19.4,0
2016-06-04 09:00:00,144.8,21.7,0
2016-06-04 10:00:00,112.5,22.8,0
2016-06-04 11:00:00,152.7,24.4,0
2016-06-04 12:00:00,116.6,25.6,0
2016-06-04 13:00:00,120.3,25.6,0
2016-06-04 14:00:00,118.7,27.2,0
2016-06-04 15:00:00,118.8,26.7,0
2016-06-04 16:00:00,484.2,27.2,0
2016-06-04 17:00:00,479.4,27.2,0
2016-06-04 18:00:00,247.3,26.7,0
2016-06-04 19:00:00,229.5,23.9,0
2016-06-04 20:00:00,230.0,22.2,0
2016-06-04 21:00:00,197.3,21.7,0
2016-06-04 22:00:00,249.9,21.1,0
2016-06-04 23:00:00,261.9,21.1,0
2016-06-05 00:00:00,157.9,20.6,0
2016-06-05 01:00:00,235.0,20.0,0
2016-06-05 02:00:00,181.0,19.4,0
2016-06-05 03:00:00,249.6,18.9,0
2016-06-05 04:00:00,156.3,18.9,0
2016-06-05 05:00:00,229.5,19.4,0
2016-06-05 06:00:00,209.2,20.0,0
2016-06-05 07:00:00,240.6,20.6,0
2016-06-05 08:00:00,250.4,21.1,0
2016-06-05 09:00:00,235.6,21.7,0
2016-06-05 10:00:00,232.7,22.8,0
2016-06-05 11:00:00,240.3,22.8,0
2016-06-05 12:00:00,271.1,18.9,0
2016-06-05 13:00:00,299.1,19.4,0
2016-06-05 14:00:00,356.0,19.4,0
2016-06-05 15:00:00,255.7,18.9,0
2016-06-05 16:00:00,218.4,18.9,0
2016-06-05 17:00:00,272.9,18.9,0
2016-06-05 18:00:00,209.5,20.6,0
2016-06-05 19:00:00,254.1,18.9,0
2016-06-05 20:00:00,240.3,18.9,0
2016-06-05 21:00:00,258.8,18.3,0
2016-06-05 22:00:00,298.0,17.8,0
2016-06-05 23:00:00,231.5,17.2,0
2016-06-06 00:00:00,225.8,16.7,0
2016-06-06 01:00:00,234.8,15.6,0
2016-06-06 02:00:00,314.3,15.6,0
2016-06-06 03:00:00,228.3,15.0,0
2016-06-06 04:00:00,244.4,15.0,0
2016-06-06 05:00:00,231.1,14.4,0
2016-06-06 06:00:00,339.2,15.6,0
2016-06-06 07:00:00,400.9,16.7,0
2016-06-06 08:00:00,281.5,18.9,0
2016-06-06 09:00:00,268.0,20.0,0
2016-06-06 10:00:00,176.7,21.7,0
2016-06-06 11:00:00,344.9,22.8,0
2016-06-06 12:00:00,270.3,23.9,0
2016-06-06 13:00:00,267.6,24.4,0
2016-06-06 14:00:00,278.9,24.4,0
2016-06-06 15:00:00,251.7,25.0,0
2016-06-06 16:00:00,279.0,25.0,0
2016-06-06 17:00:00,234.1,25.0,0
2016-06-06 18:00:00,221.0,23.9,0
2016-06-06 19:00:00,231.2,22.2,0
2016-06-06 20:00:00,238.4,15.6,0
2016-06-06 21:00:00,270.5,13.9,0
2016-06-06 22:00:00,242.3,13.3,0
2016-06-06 23:00:00,304.4,17.2,0
2016-06-07 00:00:00,254.8,15.0,0
2016-06-07 01:00:00,193.4,14.4,0
2016-06-07 02:00:00,279.1,14.4,0
2016-06-07 03:00:00,167.3,14.4,0
2016-06-07 04:00:00,259.5,12.2,0
2016-06-07 05:00:00,250.9,12.8,0
2016-06-07 06:00:00,323.9,14.4,0
2016-06-07 07:00:00,419.3,17.2,0
2016-06-07 08:00:00,295.0,18.9,0
2016-06-07 09:00:00,281.2,20.0,0
2016-06-07 10:00:00,265.3,20.6,0
2016-06-07 11:00:00,253.0,22.2,0
2016-06-07 12:00:00,251.0,18.3,0
2016-06-07 13:00:00,287.2,18.3,0
2016-06-07 14:00:00,322.2,17.2,0
2016-06-07 15:00:00,238.3,18.9,0
2016-06-07 16:00:00,286.9,16.1,0
2016-06-07 17:00:00,244.2,15.6,0
2016-06-07 18:00:00,265.7,16.1,0
2016-06-07 19:00:00,283.1,16.1,0
2016-06-07 20:00:00,284.0,14.4,0
2016-06-07 21:00:00,390.9,13.9,0
2016-06-07 22:00:00,347.7,13.3,0
2016-06-07 23:00:00,323.3,12.8,0
2016-06-08 00:00:00,333.7,12.2,0
2016-06-08 01:00:00,404.8,11.1,0
2016-06-08 02:00:00,461.3,10.6,0
2016-06-08 03:00:00,567.9,10.0,0
2016-06-08 04:00:00,485.8,8.3,0
2016-06-08 05:00:00,668.1,6.7,0
2016-06-08 06:00:00,724.6,10.6,0
2016-06-08 07:00:00,614.1,11.1,0
2016-06-08 08:00:00,750.1,10.0,0
2016-06-08 09:00:00,750.6,10.0,0
2016-06-08 10:00:00,668.0,11.7,0
2016-06-08 11:00:00,639.4,12.2,0
2016-06-08 12:00:00,462.1,12.2,0
2016-06-08 13:00:00,464.3,12.8,0
2016-06-08 14:00:00,438.5,12.8,0
2016-06-08 15:00:00,427.6,12.2,0
2016-06-08 16:00:00,417.3,12.2,0
2016-06-08 17:00:00,580.1,10.0,0
2016-06-08 18:00:00,576.4,10.6,0
2016-06-08 19:00:00,559.8,10.0,0
2016-06-08 20:00:00,828.7,10.0,0
2016-06-08 21:00:00,709.4,10.6,0
2016-06-08 22:00:00,689.1,10.0,0
2016-06-08 23:00:00,669.7,8.9,0
2016-06-09 00:00:00,689.3,8.3,0
2016-06-09 01:00:00,716.1,7.8,0
2016-06-09 02:00:00,752.4,7.8,0
2016-06-09 03:00:00,683.9,7.8,0
2016-06-09 04:00:00,758.4,7.8,0
2016-06-09 05:00:00,771.3,8.9,0
2016-06-09 06:00:00,811.8,9.4,0
2016-06-09 07:00:00,702.6,11.1,0
2016-06-09 08:00:00,630.0,11.7,0
2016-06-09 09:00:00,667.5,12.2,0
2016-06-09 10:00:00,650.7,13.3,0
2016-06-09 11:00:00,534.4,14.4,0
2016-06-09 12:00:00,457.8,16.1,0
2016-06-09 13:00:00,335.7,17.2,0
2016-06-09 14:00:00,305.7,17.8,0
2016-06-09 15:00:00,301.0,17.8,0
2016-06-09 16:00:00,264.4,17.8,0
2016-06-09 17:00:00,308.1,17.8,0
2016-06-09 18:00:00,293.6,16.7,0
2016-06-09 19:00:00,249.3,14.4,0
2016-06-09 20:00:00,325.8,13.3,0
2016-06-09 21:00:00,417.6,11.7,0
2016-06-09 22:00:00,439.7,11.1,0
2016-06-09 23:00:00,559.0,9.4,0
2016-06-10 00:00:00,581.3,9.4,0
2016-06-10 01:00:00,537.0,8.9,0
2016-06-10 02:00:00,747.7,8.3,0
2016-06-10 03:00:00,651.4,7.2,0
2016-06-10 04:00:00,751.9,5.6,0
2016-06-10 05:00:00,790.2,6.7,0
2016-06-10 06:00:00,913.0,8.9,0
2016-06-10 07:00:00,687.2,11.1,0
2016-06-10 08:00:00,657.6,13.3,0
2016-06-10 09:00:00,674.9,14.4,0
2016-06-10 10:00:00,544.7,16.7,0
2016-06-10 11:00:00,348.8,17.8,0
2016-06-10 12:00:00,266.3,18.9,0
2016-06-10 13:00:00,360.1,18.9,0
2016-06-10 14:00:00,311.5,20.0,0
2016-06-10 15:00:00,305.2,20.0,0
2016-06-10 16:00:00,267.6,20.0,0
2016-06-10 17:00:00,323.3,18.9,0
2016-06-10 18:00:00,247.9,17.8,0
2016-06-10 19:00:00,314.4,16.1,0
2016-06-10 20:00:00,271.3,11.1,0
2016-06-10 21:00:00,373.7,8.9,0
2016-06-10 22:00:00,603.4,7.2,0
2016-06-10 23:00:00,778.4,7.8,0
2016-06-11 00:00:00,812.5,7.2,0
2016-06-11 01:00:00,741.7,7.2,0
2016-06-11 02:00:00,713.7,7.8,0
2016-06-11 03:00:00,677.5,8.3,0
2016-06-11 04:00:00,623.9,10.6,0
2016-06-11 05:00:00,549.5,13.3,0
2016-06-11 06:00:00,451.2,14.4,0
2016-06-11 07:00:00,413.8,15.0,0
2016-06-11 08:00:00,442.8,13.9,0
2016-06-11 09:00:00,500.6,16.1,0
2016-06-11 10:00:00,409.6,22.2,0
2016-06-11 11:00:00,241.8,23.9,0
2016-06-11 12:00:00,302.0,25.6,0
2016-06-11 13:00:00,167.7,28.3,0
2016-06-11 14:00:00,242.8,28.9,0
2016-06-11 15:00:00,198.2,28.3,0
2016-06-11 16:00:00,218.5,27.5,0
2016-06-11 17:00:00,339.5,26.8,0
2016-06-11 18:00:00,307.9,26.0,0
2016-06-11 19:00:00,256.1,25.3,0
2016-06-11 20:00:00,200.6,24.5,0
2016-06-11 21:00:00,287.8,23.8,0
2016-06-11 22:00:00,226.8,23.0,0
2016-06-11 23:00:00,249.3,22.3,0
2016-06-12 00:00:00,294.7,21.5,0
2016-06-12 01:00:00,239.5,20.8,0
2016-06-12 02:00:00,195.9,20.0,0
2016-06-12 03:00:00,298.8,19.3,0
2016-06-12 04:00:00,162.0,19.3,0
2016-06-12 05:00:00,290.8,19.3,0
2016-06-12 06:00:00,344.9,17.0,0
2016-06-12 07:00:00,356.5,17.0,0
2016-06-12 08:00:00,351.0,17.0,0
2016-06-12 09:00:00,367.2,16.0,0
2016-06-12 10:00:00,345.0,16.0,0
2016-06-12 11:00:00,301.2,17.0,0
2016-06-12 12:00:00,308.4,17.0,0
2016-06-12 13:00:00,358.4,16.0,0
2016-06-12 14:00:00,337.7,16.0,0
2016-06-12 15:00:00,304.2,16.0,0
2016-06-12 16:00:00,268.2,16.0,0
2016-06-12 17:00:00,293.2,14.0,0
2016-06-12 18:00:00,395.0,14.0,0
2016-06-12 19:00:00,365.8,14.0,0
2016-06-12 20:00:00,373.1,13.0,0
2016-06-12 21:00:00,436.8,12.0,0
2016-06-12 22:00:00,431.5,11.8,0
2016-06-12 23:00:00,606.2,11.6,0
2016-06-13 00:00:00,643.2,11.3,0
2016-06-13 01:00:00,660.9,11.1,0
2016-06-13 02:00:00,623.6,10.9,0
2016-06-13 03:00:00,592.9,10.7,0
2016-06-13 04:00:00,654.6,10.4,0
2016-06-13 05:00:00,643.8,10.2,0
2016-06-13 06:00:00,786.9,10.0,0
2016-06-13 07:00:00,747.7,10.0,0
2016-06-13 08:00:00,739.1,11.0,0
2016-06-13 09:00:00,740.5,11.0,0
2016-06-13 10:00:00,692.5,12.0,0
2016-06-13 11:00:00,779.6,12.0,0
2016-06-13 12:00:00,584.5,13.0,0
2016-06-13 13:00:00,446.4,14.0,0
2016-06-13 14:00:00,406.6,14.0,0
2016-06-13 15:00:00,316.3,16.0,0
2016-06-13 16:00:00,327.4,16.0,0
2016-06-13 17:00:00,335.4,15.0,0
2016-06-13 18:00:00,338.2,14.0,0
2016-06-13 19:00:00,314.8,14.0,0
2016-06-13 20:00:00,347.9,14.0,0
2016-06-13 21:00:00,379.9,13.0,0
2016-06-13 22:00:00,438.2,12.4,0
2016-06-13 23:00:00,518.1,11.9,0
2016-06-14 00:00:00,803.7,11.3,0
2016-06-14 01:00:00,696.9,10.8,0
2016-06-14 02:00:00,705.6,10.2,0
2016-06-14 03:00:00,833.2,9.7,0
2016-06-14 04:00:00,719.1,9.1,0
2016-06-14 05:00:00,865.3,8.6,0
2016-06-14 06:00:00,921.5,8.0,0
2016-06-14 07:00:00,793.0,11.0,0
2016-06-14 08:00:00,704.5,12.0,0
2016-06-14 09:00:00,636.4,13.3,0
2016-06-14 10:00:00,532.8,15.0,0
2016-06-14 11:00:00,462.4,16.1,0
2016-06-14 12:00:00,325.2,17.8,0
2016-06-14 13:00:00,321.8,18.9,0
2016-06-14 14:00:00,328.9,19.4,0
2016-06-14 15:00:00,290.3,20.0,0
2016-06-14 16:00:00,275.6,20.6,0
2016-06-14 17:00:00,257.4,20.6,0
2016-06-14 18:00:00,283.0,20.0,0
2016-06-14 19:00:00,278.8,17.2,0
2016-06-14 20:00:00,273.4,13.3,0
2016-06-14 21:00:00,314.7,10.6,0
2016-06-14 22:00:00,379.2,8.9,0
2016-06-14 23:00:00,502.8,7.2,0
2016-06-15 00:00:00,683.4,7.8,0
2016-06-15 01:00:00,717.7,8.3,0
2016-06-15 02:00:00,693.5,7.2,0
2016-06-15 03:00:00,703.9,7.2,0
2016-06-15 04:00:00,763.2,7.2,0
2016-06-15 05:00:00,824.5,7.2,0
2016-06-15 06:00:00,878.8,9.4,0
2016-06-15 07:00:00,741.7,13.3,0
2016-06-15 08:00:00,578.0,17.8,0
2016-06-15 09:00:00,398.4,21.1,0
2016-06-15 10:00:00,239.6,22.8,0
2016-06-15 11:00:00,243.8,23.9,0
2016-06-15 12:00:00,226.4,25.6,0
2016-06-15 13:00:00,293.9,26.1,0
2016-06-15 14:00:00,288.5,27.2,0
2016-06-15 15:00:00,267.2,27.2,0
2016-06-15 16:00:00,257.4,26.7,0
2016-06-15 17:00:00,210.3,25.6,0
2016-06-15 18:00:00,263.4,24.4,0
2016-06-15 19:00:00,276.4,22.2,0
2016-06-15 20:00:00,229.6,20.0,0
2016-06-15 21:00:00,269.2,20.0,0
2016-06-15 22:00:00,251.4,20.0,0
2016-06-15 23:00:00,241.3,18.9,0
2016-06-16 00:00:00,218.2,17.8,0
2016-06-16 01:00:00,230.3,16.1,0
2016-06-16 02:00:00,280.8,15.6,0
2016-06-16 03:00:00,224.2,15.6,0
2016-06-16 04:00:00,198.1,15.6,0
2016-06-16 05:00:00,250.1,16.1,0
2016-06-16 06:00:00,262.1,16.1,0
2016-06-16 07:00:00,316.5,17.2,0
2016-06-16 08:00:00,330.1,20.0,0
2016-06-16 09:00:00,354.1,22.8,0
2016-06-16 10:00:00,225.1,23.3,0
2016-06-16 11:00:00,166.9,24.4,0
2016-06-16 12:00:00,306.2,25.6,0
2016-06-16 13:00:00,288.8,26.1,0
2016-06-16 14:00:00,275.9,26.1,0
2016-06-16 15:00:00,259.8,25.6,0
2016-06-16 16:00:00,241.5,25.0,0
2016-06-16 17:00:00,265.3,24.4,0
2016-06-16 18:00:00,227.1,23.3,0
2016-06-16 19:00:00,246.8,21.7,0
2016-06-16 20:00:00,226.5,19.4,0
2016-06-16 21:00:00,276.8,16.1,0
2016-06-16 22:00:00,213.3,15.0,0
2016-06-16 23:00:00,249.8,15.6,0
2016-06-17 00:00:00,211.4,14.4,0
2016-06-17 01:00:00,125.1,13.3,0
2016-06-17 02:00:00,147.4,13.3,0
2016-06-17 03:00:00,145.2,13.9,0
2016-06-17 04:00:00,137.1,13.9,0
2016-06-17 05:00:00,181.7,13.3,0
2016-06-17 06:00:00,301.7,15.0,0
2016-06-17 07:00:00,240.9,17.8,0
2016-06-17 08:00:00,257.2,19.4,0
2016-06-17 09:00:00,169.4,21.1,0
2016-06-17 10:00:00,127.1,22.8,0
2016-06-17 11:00:00,139.3,25.6,0
2016-06-17 12:00:00,119.8,26.1,0
2016-06-17 13:00:00,146.3,26.7,0
2016-06-17 14:00:00,137.6,26.7,0
2016-06-17 15:00:00,136.3,26.7,0
2016-06-17 16:00:00,142.7,26.7,0
2016-06-17 17:00:00,133.9,26.1,0
2016-06-17 18:00:00,137.3,25.6,0
2016-06-17 19:00:00,126.2,22.8,0
2016-06-17 20:00:00,122.1,17.2,0
2016-06-17 21:00:00,137.2,16.7,0
2016-06-17 22:00:00,111.9,13.3,0
2016-06-17 23:00:00,139.2,13.9,0
2016-06-18 00:00:00,146.1,13.9,0
2016-06-18 01:00:00,128.5,13.3,0
2016-06-18 02:00:00,200.7,12.2,0
2016-06-18 03:00:00,284.5,11.7,0
2016-06-18 04:00:00,283.0,11.1,0
2016-06-18 05:00:00,360.4,11.1,0
2016-06-18 06:00:00,337.4,13.3,0
2016-06-18 07:00:00,287.3,16.7,0
2016-06-18 08:00:00,163.7,20.6,0
2016-06-18 09:00:00,131.1,23.9,0
2016-06-18 10:00:00,129.3,26.1,0
2016-06-18 11:00:00,133.4,27.2,0
2016-06-18 12:00:00,152.3,28.3,0
2016-06-18 13:00:00,135.6,28.3,0
2016-06-18 14:00:00,136.9,28.3,0
2016-06-18 15:00:00,120.7,28.3,0
2016-06-18 16:00:00,136.1,28.3,0
2016-06-18 17:00:00,102.9,27.8,0
2016-06-18 18:00:00,141.2,25.6,0
2016-06-18 19:00:00,139.6,21.7,0
2016-06-18 20:00:00,142.7,18.4,0
2016-06-18 21:00:00,133.4,15.0,0
2016-06-18 22:00:00,124.1,13.9,0
2016-06-18 23:00:00,165.4,12.2,0
2016-06-19 00:00:00,176.6,14.4,0
2016-06-19 01:00:00,126.3,13.9,0
2016-06-19 02:00:00,154.0,12.8,0
2016-06-19 03:00:00,255.1,12.2,0
2016-06-19 04:00:00,320.2,12.2,0
2016-06-19 05:00:00,347.6,11.7,0
2016-06-19 06:00:00,328.1,13.9,0
2016-06-19 07:00:00,272.2,18.9,0
2016-06-19 08:00:00,177.6,23.3,0
2016-06-19 09:00:00,158.5,26.1,0
2016-06-19 10:00:00,125.9,27.2,0
2016-06-19 11:00:00,127.6,28.9,0
2016-06-19 12:00:00,141.3,28.9,0
2016-06-19 13:00:00,132.6,29.4,0
2016-06-19 14:00:00,118.7,30.6,0
2016-06-19 15:00:00,127.1,30.0,0
2016-06-19 16:00:00,121.9,29.4,0
2016-06-19 17:00:00,133.3,30.0,0
2016-06-19 18:00:00,186.3,28.9,0
2016-06-19 19:00:00,196.8,27.2,0
2016-06-19 20:00:00,137.0,20.0,0
2016-06-19 21:00:00,117.2,18.9,0
2016-06-19 22:00:00,128.6,17.2,0
2016-06-19 23:00:00,165.9,15.6,0
2016-06-20 00:00:00,379.7,15.6,0
2016-06-20 01:00:00,291.9,15.0,0
2016-06-20 02:00:00,278.9,15.0,0
2016-06-20 03:00:00,290.8,15.0,0
2016-06-20 04:00:00,206.9,15.0,0
2016-06-20 05:00:00,161.5,14.4,0
2016-06-20 06:00:00,132.1,17.2,0
2016-06-20 07:00:00,145.5,20.6,0
2016-06-20 08:00:00,143.4,23.9,0
2016-06-20 09:00:00,141.7,25.6,0
2016-06-20 10:00:00,170.8,27.8,0
2016-06-20 11:00:00,665.5,27.8,0
2016-06-20 12:00:00,604.1,29.4,0
2016-06-20 13:00:00,323.3,30.6,0
2016-06-20 14:00:00,281.4,30.0,0
2016-06-20 15:00:00,238.1,31.1,0
2016-06-20 16:00:00,193.9,30.0,0
2016-06-20 17:00:00,248.4,29.4,0
2016-06-20 18:00:00,227.4,28.9,0
2016-06-20 19:00:00,171.1,27.8,0
2016-06-20 20:00:00,273.4,26.7,0
2016-06-20 21:00:00,160.1,26.1,0
2016-06-20 22:00:00,230.9,25.6,0
2016-06-20 23:00:00,162.1,25.0,0
2016-06-21 00:00:00,225.9,25.6,0
2016-06-21 01:00:00,148.3,20.6,0
2016-06-21 02:00:00,274.4,18.9,0
2016-06-21 03:00:00,174.1,18.3,0
2016-06-21 04:00:00,247.1,16.7,0
2016-06-21 05:00:00,227.4,14.4,0
2016-06-21 06:00:00,221.9,16.7,0
2016-06-21 07:00:00,340.8,17.2,0
2016-06-21 08:00:00,244.4,18.9,0
2016-06-21 09:00:00,296.6,20.0,0
2016-06-21 10:00:00,230.6,21.1,0
2016-06-21 11:00:00,165.1,22.2,0
2016-06-21 12:00:00,296.7,22.8,0
2016-06-21 13:00:00,306.7,23.9,0
2016-06-21 14:00:00,239.0,23.9,0
2016-06-21 15:00:00,274.1,23.9,0
2016-06-21 16:00:00,195.5,23.9,0
2016-06-21 17:00:00,249.0,23.9,0
2016-06-21 18:00:00,221.0,22.2,0
2016-06-21 19:00:00,202.2,20.0,0
2016-06-21 20:00:00,197.4,17.0,0
2016-06-21 21:00:00,259.1,13.9,0
2016-06-21 22:00:00,177.7,13.3,0
2016-06-21 23:00:00,265.7,12.2,0
2016-06-22 00:00:00,298.4,12.2,0
2016-06-22 01:00:00,126.2,12.2,0
2016-06-22 02:00:00,308.2,12.2,0
2016-06-22 03:00:00,239.5,10.6,0
2016-06-22 04:00:00,295.1,11.1,0
2016-06-22 05:00:00,391.3,12.2,0
2016-06-22 06:00:00,334.0,16.1,0
2016-06-22 07:00:00,288.8,16.1,0
2016-06-22 08:00:00,307.6,18.3,0
2016-06-22 09:00:00,290.4,19.4,0
2016-06-22 10:00:00,286.4,20.6,0
2016-06-22 11:00:00,180.1,21.1,0
2016-06-22 12:00:00,290.3,22.2,0
2016-06-22 13:00:00,243.3,22.8,0
2016-06-22 14:00:00,254.3,22.8,0
2016-06-22 15:00:00,240.6,22.5,0
2016-06-22 16:00:00,274.8,22.2,0
2016-06-22 17:00:00,242.8,22.2,0
2016-06-22 18:00:00,195.6,21.1,0
2016-06-22 19:00:00,250.6,18.9,0
2016-06-22 20:00:00,270.4,15.6,0
2016-06-22 21:00:00,219.6,12.8,0
2016-06-22 22:00:00,284.7,10.6,0
2016-06-22 23:00:00,307.2,10.6,0
2016-06-23 00:00:00,384.7,10.6,0
2016-06-23 01:00:00,379.2,8.3,0
2016-06-23 02:00:00,390.6,7.8,0
2016-06-23 03:00:00,389.3,7.8,0
2016-06-23 04:00:00,391.5,9.4,0
2016-06-23 05:00:00,496.8,10.0,0
2016-06-23 06:00:00,498.3,11.7,0
2016-06-23 07:00:00,515.5,15.3,0
2016-06-23 08:00:00,393.3,18.9,0
2016-06-23 09:00:00,226.4,20.0,0
2016-06-23 10:00:00,271.0,21.1,0
2016-06-23 11:00:00,173.6,22.2,0
2016-06-23 12:00:00,237.8,22.8,0
2016-06-23 13:00:00,213.7,23.9,0
2016-06-23 14:00:00,279.5,24.4,0
2016-06-23 15:00:00,246.1,24.4,0
2016-06-23 16:00:00,150.9,24.4,0
2016-06-23 17:00:00,278.1,22.2,0
2016-06-23 18:00:00,226.6,20.6,0
2016-06-23 19:00:00,190.8,20.0,0
2016-06-23 20:00:00,267.1,15.0,0
2016-06-23 21:00:00,228.2,11.7,0
2016-06-23 22:00:00,360.0,8.9,0
2016-06-23 23:00:00,375.2,7.2,0
2016-06-24 00:00:00,463.6,9.4,0
2016-06-24 01:00:00,501.0,8.3,0
2016-06-24 02:00:00,510.7,7.2,0
2016-06-24 03:00:00,480.5,6.7,0
2016-06-24 04:00:00,708.3,6.7,0
2016-06-24 05:00:00,643.5,7.2,0
2016-06-24 06:00:00,689.4,10.0,0
2016-06-24 07:00:00,655.7,13.9,0
2016-06-24 08:00:00,513.1,18.3,0
2016-06-24 09:00:00,343.9,22.2,0
2016-06-24 10:00:00,241.0,23.9,0
2016-06-24 11:00:00,195.8,24.4,0
2016-06-24 12:00:00,195.5,25.6,0
2016-06-24 13:00:00,298.0,26.1,0
2016-06-24 14:00:00,234.6,26.7,0
2016-06-24 15:00:00,214.0,28.3,0
2016-06-24 16:00:00,232.0,27.2,0
2016-06-24 17:00:00,222.0,26.7,0
2016-06-24 18:00:00,247.9,26.1,0
2016-06-24 19:00:00,218.5,23.9,0
2016-06-24 20:00:00,241.1,19.4,0
2016-06-24 21:00:00,193.7,14.4,0
2016-06-24 22:00:00,235.0,12.8,0
2016-06-24 23:00:00,159.7,11.7,0
2016-06-25 00:00:00,267.5,11.1,0
2016-06-25 01:00:00,219.3,11.1,0
2016-06-25 02:00:00,248.4,12.8,0
2016-06-25 03:00:00,344.3,12.2,0
2016-06-25 04:00:00,435.5,12.2,0
2016-06-25 05:00:00,336.6,12.2,0
2016-06-25 06:00:00,373.5,13.9,0
2016-06-25 07:00:00,367.0,17.8,0
2016-06-25 08:00:00,260.3,22.2,0
2016-06-25 09:00:00,297.3,23.9,0
2016-06-25 10:00:00,120.3,26.1,0
2016-06-25 11:00:00,251.7,26.7,0
2016-06-25 12:00:00,166.8,26.1,0
2016-06-25 13:00:00,253.2,28.9,0
2016-06-25 14:00:00,202.6,28.9,0
2016-06-25 15:00:00,204.1,28.3,0
2016-06-25 16:00:00,259.4,30.0,0
2016-06-25 17:00:00,191.9,30.0,0
2016-06-25 18:00:00,208.0,28.0,0
2016-06-25 19:00:00,242.5,26.1,0
2016-06-25 20:00:00,162.8,22.2,0
2016-06-25 21:00:00,290.3,19.4,0
2016-06-25 22:00:00,166.9,20.6,0
2016-06-25 23:00:00,362.7,20.6,0
2016-06-26 00:00:00,237.2,20.0,0
2016-06-26 01:00:00,258.7,17.2,0
2016-06-26 02:00:00,136.4,19.4,0
2016-06-26 03:00:00,278.6,19.4,0
2016-06-26 04:00:00,146.6,18.3,0
2016-06-26 05:00:00,240.7,18.9,0
2016-06-26 06:00:00,158.0,20.6,0
2016-06-26 07:00:00,285.9,21.7,0
2016-06-26 08:00:00,272.2,23.9,0
2016-06-26 09:00:00,267.1,26.1,0
2016-06-26 10:00:00,286.6,27.8,0
2016-06-26 11:00:00,236.7,28.9,0
2016-06-26 12:00:00,227.5,30.0,0
2016-06-26 13:00:00,174.5,30.6,0
2016-06-26 14:00:00,261.2,31.1,0
2016-06-26 15:00:00,218.0,30.0,0
2016-06-26 16:00:00,209.6,30.0,0
2016-06-26 17:00:00,238.4,30.0,0
2016-06-26 18:00:00,189.2,28.9,0
2016-06-26 19:00:00,296.2,26.1,0
2016-06-26 20:00:00,210.7,25.0,0
2016-06-26 21:00:00,316.6,24.4,0
2016-06-26 22:00:00,285.0,23.6,0
2016-06-26 23:00:00,268.1,22.8,0
2016-06-27 00:00:00,179.9,22.2,0
2016-06-27 01:00:00,296.4,21.6,0
2016-06-27 02:00:00,116.7,21.1,0
2016-06-27 03:00:00,188.8,21.1,0
2016-06-27 04:00:00,210.7,20.6,0
2016-06-27 05:00:00,307.6,20.0,0
2016-06-27 06:00:00,218.4,20.6,0
2016-06-27 07:00:00,308.9,20.6,0
2016-06-27 08:00:00,250.8,21.1,0
2016-06-27 09:00:00,354.1,18.9,0
2016-06-27 10:00:00,237.9,19.4,0
2016-06-27 11:00:00,253.3,21.7,0
2016-06-27 12:00:00,241.6,22.8,0
2016-06-27 13:00:00,253.6,25.0,0
2016-06-27 14:00:00,276.4,27.2,0
2016-06-27 15:00:00,187.3,27.8,0
2016-06-27 16:00:00,322.9,27.8,0
2016-06-27 17:00:00,125.3,27.2,0
2016-06-27 18:00:00,260.4,27.8,0
2016-06-27 19:00:00,153.7,25.6,0
2016-06-27 20:00:00,288.3,24.4,0
2016-06-27 21:00:00,164.1,23.3,0
2016-06-27 22:00:00,322.8,21.7,0
2016-06-27 23:00:00,179.4,21.1,0
2016-06-28 00:00:00,295.9,20.6,0
2016-06-28 01:00:00,170.8,20.0,0
2016-06-28 02:00:00,182.3,18.9,0
2016-06-28 03:00:00,224.2,18.3,0
2016-06-28 04:00:00,115.0,18.3,0
2016-06-28 05:00:00,257.0,19.4,0
2016-06-28 06:00:00,149.7,20.0,0
2016-06-28 07:00:00,320.4,21.7,0
2016-06-28 08:00:00,240.4,22.8,0
2016-06-28 09:00:00,390.5,23.4,0
2016-06-28 10:00:00,190.2,23.9,0
2016-06-28 11:00:00,339.8,24.5,0
2016-06-28 12:00:00,193.6,25.0,0
2016-06-28 13:00:00,278.6,25.6,0
2016-06-28 14:00:00,212.2,26.7,0
2016-06-28 15:00:00,228.9,25.6,0
2016-06-28 16:00:00,273.5,23.3,0
2016-06-28 17:00:00,157.3,22.2,0
2016-06-28 18:00:00,273.8,22.2,0
2016-06-28 19:00:00,169.0,21.1,0
2016-06-28 20:00:00,258.0,19.4,0
2016-06-28 21:00:00,185.0,17.8,0
2016-06-28 22:00:00,274.4,16.7,0
2016-06-28 23:00:00,260.7,17.8,0
2016-06-29 00:00:00,297.0,14.4,0
2016-06-29 01:00:00,239.4,13.9,0
2016-06-29 02:00:00,191.8,13.4,0
2016-06-29 03:00:00,229.1,12.8,0
2016-06-29 04:00:00,161.0,13.3,0
2016-06-29 05:00:00,251.5,13.3,0
2016-06-29 06:00:00,160.7,15.6,0
2016-06-29 07:00:00,359.0,16.1,0
2016-06-29 08:00:00,360.5,16.7,0
2016-06-29 09:00:00,381.6,17.8,0
2016-06-29 10:00:00,270.6,18.3,0
2016-06-29 11:00:00,262.5,21.7,0
2016-06-29 12:00:00,220.9,22.2,0
2016-06-29 13:00:00,294.5,22.2,0
2016-06-29 14:00:00,293.8,21.7,0
2016-06-29 15:00:00,308.0,23.9,0
2016-06-29 16:00:00,250.0,23.3,0
2016-06-29 17:00:00,233.6,22.8,0
2016-06-29 18:00:00,220.1,21.7,0
2016-06-29 19:00:00,234.9,21.1,0
2016-06-29 20:00:00,284.3,18.9,0
2016-06-29 21:00:00,221.8,15.0,0
2016-06-29 22:00:00,353.4,12.2,0
2016-06-29 23:00:00,253.4,12.2,0
2016-06-30 00:00:00,336.8,11.1,0
2016-06-30 01:00:00,272.2,10.6,0
2016-06-30 02:00:00,323.9,11.1,0
2016-06-30 03:00:00,410.0,11.1,0
2016-06-30 04:00:00,460.5,10.0,0
2016-06-30 05:00:00,444.2,10.6,0
2016-06-30 06:00:00,523.5,12.8,0
2016-06-30 07:00:00,508.4,16.7,0
2016-06-30 08:00:00,424.3,18.9,0
2016-06-30 09:00:00,341.3,21.1,0
2016-06-30 10:00:00,260.8,23.3,0
2016-06-30 11:00:00,306.4,23.9,0
2016-06-30 12:00:00,235.0,24.4,0
2016-06-30 13:00:00,281.1,25.0,0
2016-06-30 14:00:00,250.7,26.1,0
2016-06-30 15:00:00,245.5,27.2,0
2016-06-30 16:00:00,294.0,25.6,0
2016-06-30 17:00:00,196.1,25.6,0
2016-06-30 18:00:00,291.0,26.1,0
2016-06-30 19:00:00,255.7,25.0,0
2016-06-30 20:00:00,195.3,21.1,0
2016-06-30 21:00:00,318.9,15.0,0
2016-06-30 22:00:00,236.1,13.9,0
2016-06-30 23:00:00,301.8,12.8,0
2016-07-01 00:00:00,235.6,11.7,0
2016-07-01 01:00:00,313.8,13.3,0
2016-07-01 02:00:00,273.6,11.7,0
2016-07-01 03:00:00,225.2,12.2,0
2016-07-01 04:00:00,266.8,13.3,0
2016-07-01 05:00:00,211.1,12.8,0
2016-07-01 06:00:00,268.4,14.4,0
2016-07-01 07:00:00,312.3,20.0,0
2016-07-01 08:00:00,390.7,21.7,0
2016-07-01 09:00:00,327.1,22.8,0
2016-07-01 10:00:00,231.5,22.8,0
2016-07-01 11:00:00,262.6,25.6,0
2016-07-01 12:00:00,246.1,21.1,0
2016-07-01 13:00:00,316.9,21.7,0
2016-07-01 14:00:00,323.6,22.2,0
2016-07-01 15:00:00,274.9,22.8,0
2016-07-01 16:00:00,220.3,23.9,0
2016-07-01 17:00:00,247.1,25.0,0
2016-07-01 18:00:00,281.9,24.4,0
2016-07-01 19:00:00,205.6,21.7,0
2016-07-01 20:00:00,250.5,16.7,0
2016-07-01 21:00:00,320.9,16.7,0
2016-07-01 22:00:00,273.0,16.1,0
2016-07-01 23:00:00,277.9,15.0,0
2016-07-02 00:00:00,322.3,15.6,0
2016-07-02 01:00:00,232.2,14.4,0
2016-07-02 02:00:00,284.3,14.4,0
2016-07-02 03:00:00,261.4,14.4,0
2016-07-02 04:00:00,219.3,13.3,0
2016-07-02 05:00:00,291.7,12.8,0
2016-07-02 06:00:00,342.4,13.9,0
2016-07-02 07:00:00,368.7,14.4,0
2016-07-02 08:00:00,328.0,15.6,0
2016-07-02 09:00:00,292.0,17.2,0
2016-07-02 10:00:00,302.8,19.4,0
2016-07-02 11:00:00,292.3,21.1,0
2016-07-02 12:00:00,309.6,21.7,0
2016-07-02 13:00:00,273.4,23.9,0
2016-07-02 14:00:00,256.2,23.9,0
2016-07-02 15:00:00,193.0,24.4,0
2016-07-02 16:00:00,294.6,22.8,0
2016-07-02 17:00:00,211.6,22.0,0
2016-07-02 18:00:00,230.7,21.1,0
2016-07-02 19:00:00,290.2,20.0,0
2016-07-02 20:00:00,215.2,18.3,0
2016-07-02 21:00:00,272.9,13.3,0
2016-07-02 22:00:00,251.8,12.2,0
2016-07-02 23:00:00,311.0,15.0,0
2016-07-03 00:00:00,231.0,12.2,0
2016-07-03 01:00:00,292.6,11.1,0
2016-07-03 02:00:00,271.5,9.4,0
2016-07-03 03:00:00,344.9,9.4,0
2016-07-03 04:00:00,511.7,8.9,0
2016-07-03 05:00:00,421.7,8.3,0
2016-07-03 06:00:00,533.5,12.8,0
2016-07-03 07:00:00,455.1,17.2,0
2016-07-03 08:00:00,315.2,19.4,0
2016-07-03 09:00:00,271.3,21.1,0
2016-07-03 10:00:00,252.5,23.3,0
2016-07-03 11:00:00,237.8,24.4,0
2016-07-03 12:00:00,340.8,25.0,0
2016-07-03 13:00:00,248.1,25.0,0
2016-07-03 14:00:00,247.4,25.6,0
2016-07-03 15:00:00,305.6,25.0,0
2016-07-03 16:00:00,197.2,25.0,0
2016-07-03 17:00:00,255.9,24.4,0
2016-07-03 18:00:00,262.0,23.9,0
2016-07-03 19:00:00,190.4,22.8,0
2016-07-03 20:00:00,315.8,19.4,0
2016-07-03 21:00:00,210.1,16.1,0
2016-07-03 22:00:00,276.3,13.3,0
2016-07-03 23:00:00,261.1,12.2,0
2016-07-04 00:00:00,339.0,11.1,0
2016-07-04 01:00:00,260.4,11.1,0
2016-07-04 02:00:00,355.1,11.7,0
2016-07-04 03:00:00,411.3,11.1,0
2016-07-04 04:00:00,443.2,11.1,0
2016-07-04 05:00:00,499.4,11.6,0
2016-07-04 06:00:00,545.3,12.2,0
2016-07-04 07:00:00,449.9,16.7,0
2016-07-04 08:00:00,351.1,20.6,0
2016-07-04 09:00:00,213.6,23.9,0
2016-07-04 10:00:00,291.7,25.0,0
2016-07-04 11:00:00,203.0,26.7,0
2016-07-04 12:00:00,363.3,27.5,0
2016-07-04 13:00:00,262.6,28.3,0
2016-07-04 14:00:00,221.8,28.9,0
2016-07-04 15:00:00,263.3,28.9,0
2016-07-04 16:00:00,191.1,28.9,0
2016-07-04 17:00:00,294.0,28.3,0
2016-07-04 18:00:00,177.6,26.1,0
2016-07-04 19:00:00,277.4,24.4,0
2016-07-04 20:00:00,229.6,23.3,0
2016-07-04 21:00:00,261.2,22.2,0
2016-07-04 22:00:00,313.3,21.7,0
2016-07-04 23:00:00,270.1,21.1,0
2016-07-05 00:00:00,295.2,20.6,0
2016-07-05 01:00:00,254.4,20.6,0
2016-07-05 02:00:00,213.6,20.0,0
2016-07-05 03:00:00,257.0,19.4,0
2016-07-05 04:00:00,142.6,18.3,0
2016-07-05 05:00:00,276.6,16.1,0
2016-07-05 06:00:00,175.8,19.4,0
2016-07-05 07:00:00,404.3,21.1,0
2016-07-05 08:00:00,245.5,22.2,0
2016-07-05 09:00:00,296.3,23.3,0
2016-07-05 10:00:00,265.0,25.6,0
2016-07-05 11:00:00,229.7,26.1,0
2016-07-05 12:00:00,231.6,27.8,0
2016-07-05 13:00:00,275.7,27.2,0
2016-07-05 14:00:00,289.2,30.0,0
2016-07-05 15:00:00,169.5,28.9,0
2016-07-05 16:00:00,288.7,28.9,0
2016-07-05 17:00:00,138.3,27.8,0
2016-07-05 18:00:00,281.2,27.8,0
2016-07-05 19:00:00,199.9,26.7,0
2016-07-05 20:00:00,265.2,21.7,0
2016-07-05 21:00:00,167.0,18.9,0
2016-07-05 22:00:00,339.4,17.8,0
2016-07-05 23:00:00,190.4,17.8,0
2016-07-06 00:00:00,291.7,17.2,0
2016-07-06 01:00:00,245.2,16.7,0
2016-07-06 02:00:00,154.3,16.1,0
2016-07-06 03:00:00,253.4,16.1,0
2016-07-06 04:00:00,136.4,15.0,0
2016-07-06 05:00:00,239.8,14.4,0
2016-07-06 06:00:00,188.8,17.8,0
2016-07-06 07:00:00,329.5,21.7,0
2016-07-06 08:00:00,327.1,24.4,0
2016-07-06 09:00:00,335.3,26.1,0
2016-07-06 10:00:00,188.9,27.8,0
2016-07-06 11:00:00,296.3,28.9,0
2016-07-06 12:00:00,132.4,29.4,0
2016-07-06 13:00:00,333.1,30.6,0
2016-07-06 14:00:00,220.0,31.7,0
2016-07-06 15:00:00,266.0,31.7,0
2016-07-06 16:00:00,122.1,32.2,0
2016-07-06 17:00:00,281.9,32.2,0
2016-07-06 18:00:00,146.8,31.1,0
2016-07-06 19:00:00,303.2,27.8,0
2016-07-06 20:00:00,260.4,25.0,0
2016-07-06 21:00:00,253.3,23.4,0
2016-07-06 22:00:00,331.2,21.7,0
2016-07-06 23:00:00,204.2,21.7,0
2016-07-07 00:00:00,291.6,18.9,0
2016-07-07 01:00:00,223.0,19.4,0
2016-07-07 02:00:00,147.1,18.9,0
2016-07-07 03:00:00,260.6,20.6,0
2016-07-07 04:00:00,107.3,20.0,0
2016-07-07 05:00:00,165.6,20.0,0
2016-07-07 06:00:00,233.8,21.1,0
2016-07-07 07:00:00,222.7,21.7,0
2016-07-07 08:00:00,363.1,20.6,0
2016-07-07 09:00:00,252.8,21.4,0
2016-07-07 10:00:00,240.3,22.2,0
2016-07-07 11:00:00,192.1,25.0,0
2016-07-07 12:00:00,238.2,27.8,0
2016-07-07 13:00:00,233.7,28.9,0
2016-07-07 14:00:00,259.2,30.0,0
2016-07-07 15:00:00,172.1,30.6,0
2016-07-07 16:00:00,311.6,30.0,0
2016-07-07 17:00:00,205.4,29.4,0
2016-07-07 18:00:00,281.1,28.3,0
2016-07-07 19:00:00,138.6,26.7,0
2016-07-07 20:00:00,278.4,24.4,0
2016-07-07 21:00:00,162.7,21.1,0
2016-07-07 22:00:00,301.8,19.4,0
2016-07-07 23:00:00,217.4,18.9,0
2016-07-08 00:00:00,210.7,18.3,0
2016-07-08 01:00:00,288.5,18.3,0
2016-07-08 02:00:00,131.3,18.3,0
2016-07-08 03:00:00,226.8,17.8,0
2016-07-08 04:00:00,160.8,17.8,0
2016-07-08 05:00:00,162.9,17.2,0
2016-07-08 06:00:00,248.5,18.9,0
2016-07-08 07:00:00,184.4,20.6,0
2016-07-08 08:00:00,333.7,25.0,0
2016-07-08 09:00:00,236.7,26.7,0
2016-07-08 10:00:00,267.4,27.8,0
2016-07-08 11:00:00,215.4,26.7,0
2016-07-08 12:00:00,282.6,28.9,0
2016-07-08 13:00:00,196.3,28.3,0
2016-07-08 14:00:00,298.6,28.9,0
2016-07-08 15:00:00,187.3,28.3,0
2016-07-08 16:00:00,251.2,22.8,0
2016-07-08 17:00:00,215.6,23.9,0
2016-07-08 18:00:00,257.7,25.0,0
2016-07-08 19:00:00,266.4,24.4,0
2016-07-08 20:00:00,192.7,22.8,0
2016-07-08 21:00:00,235.9,21.7,0
2016-07-08 22:00:00,230.5,21.1,0
2016-07-08 23:00:00,223.3,20.6,0
2016-07-09 00:00:00,179.5,20.0,0
2016-07-09 01:00:00,290.4,20.0,0
2016-07-09 02:00:00,199.7,21.1,0
2016-07-09 03:00:00,125.6,21.7,0
2016-07-09 04:00:00,270.2,21.7,0
2016-07-09 05:00:00,107.2,21.1,0
2016-07-09 06:00:00,208.1,21.7,0
2016-07-09 07:00:00,180.4,22.8,0
2016-07-09 08:00:00,189.6,22.8,0
2016-07-09 09:00:00,239.4,25.0,0
2016-07-09 10:00:00,224.7,26.7,0
2016-07-09 11:00:00,263.4,27.2,0
2016-07-09 12:00:00,299.0,27.8,0
2016-07-09 13:00:00,252.8,25.6,0
2016-07-09 14:00:00,254.2,22.2,0
2016-07-09 15:00:00,186.4,23.3,0
2016-07-09 16:00:00,242.2,26.7,0
2016-07-09 17:00:00,154.2,26.1,0
2016-07-09 18:00:00,302.0,25.6,0
2016-07-09 19:00:00,197.4,23.9,0
2016-07-09 20:00:00,239.7,21.7,0
2016-07-09 21:00:00,184.3,21.1,0
2016-07-09 22:00:00,263.0,20.0,0
2016-07-09 23:00:00,215.4,19.4,0
2016-07-10 00:00:00,280.4,19.2,0
2016-07-10 01:00:00,168.7,19.0,0
2016-07-10 02:00:00,232.8,18.8,0
2016-07-10 03:00:00,215.4,18.6,0
2016-07-10 04:00:00,170.8,18.4,0
2016-07-10 05:00:00,290.1,18.2,0
2016-07-10 06:00:00,196.0,18.0,0
2016-07-10 07:00:00,232.1,17.8,0
2016-07-10 08:00:00,246.4,16.7,0
2016-07-10 09:00:00,232.0,17.8,0
2016-07-10 10:00:00,314.1,17.8,0
2016-07-10 11:00:00,279.3,17.2,0
2016-07-10 12:00:00,259.9,17.8,0
2016-07-10 13:00:00,284.8,16.7,0
2016-07-10 14:00:00,215.0,17.2,0
2016-07-10 15:00:00,293.2,17.8,0
2016-07-10 16:00:00,178.9,19.4,0
2016-07-10 17:00:00,248.2,20.0,0
2016-07-10 18:00:00,226.7,20.6,0
2016-07-10 19:00:00,208.6,20.0,0
2016-07-10 20:00:00,271.9,16.7,0
2016-07-10 21:00:00,191.0,14.4,0
2016-07-10 22:00:00,391.8,12.2,0
2016-07-10 23:00:00,211.2,12.2,0
2016-07-11 00:00:00,369.8,12.8,0
2016-07-11 01:00:00,209.4,11.7,0
2016-07-11 02:00:00,316.6,10.6,0
2016-07-11 03:00:00,414.4,10.0,0
2016-07-11 04:00:00,434.7,11.7,0
2016-07-11 05:00:00,413.1,11.1,0
2016-07-11 06:00:00,486.4,12.8,0
2016-07-11 07:00:00,509.6,16.1,0
2016-07-11 08:00:00,414.9,18.9,0
2016-07-11 09:00:00,298.9,18.9,0
2016-07-11 10:00:00,223.1,21.1,0
2016-07-11 11:00:00,239.2,21.7,0
2016-07-11 12:00:00,268.6,22.2,0
2016-07-11 13:00:00,201.0,25.0,0
2016-07-11 14:00:00,293.1,25.0,0
2016-07-11 15:00:00,175.4,25.6,0
2016-07-11 16:00:00,242.1,26.7,0
2016-07-11 17:00:00,171.7,25.6,0
2016-07-11 18:00:00,179.9,25.0,0
2016-07-11 19:00:00,198.3,23.9,0
2016-07-11 20:00:00,144.8,17.8,0
2016-07-11 21:00:00,219.5,17.8,0
2016-07-11 22:00:00,126.6,16.1,0
2016-07-11 23:00:00,257.4,13.9,0
2016-07-12 00:00:00,146.0,14.4,0
2016-07-12 01:00:00,268.3,13.3,0
2016-07-12 02:00:00,231.2,13.9,0
2016-07-12 03:00:00,175.1,13.3,0
2016-07-12 04:00:00,238.1,13.9,0
2016-07-12 05:00:00,212.0,13.3,0
2016-07-12 06:00:00,218.6,15.0,0
2016-07-12 07:00:00,269.9,19.4,0
2016-07-12 08:00:00,185.6,21.7,0
2016-07-12 09:00:00,276.3,23.3,0
2016-07-12 10:00:00,186.7,25.6,0
2016-07-12 11:00:00,192.1,28.3,0
2016-07-12 12:00:00,192.1,30.0,0
2016-07-12 13:00:00,283.3,30.0,0
2016-07-12 14:00:00,244.5,29.4,0
2016-07-12 15:00:00,125.6,31.1,0
2016-07-12 16:00:00,260.0,31.1,0
2016-07-12 17:00:00,87.5,30.6,0
2016-07-12 18:00:00,261.2,28.9,0
2016-07-12 19:00:00,141.3,28.3,0
2016-07-12 20:00:00,224.5,26.6,0
2016-07-12 21:00:00,265.1,25.0,0
2016-07-12 22:00:00,180.8,23.9,0
2016-07-12 23:00:00,205.0,23.9,0
2016-07-13 00:00:00,118.6,23.9,0
2016-07-13 01:00:00,248.7,22.8,0
2016-07-13 02:00:00,136.1,22.2,0
2016-07-13 03:00:00,108.8,21.7,0
2016-07-13 04:00:00,257.1,21.1,0
2016-07-13 05:00:00,93.7,21.1,0
2016-07-13 06:00:00,199.8,22.2,0
2016-07-13 07:00:00,172.4,23.9,0
2016-07-13 08:00:00,309.2,25.6,0
2016-07-13 09:00:00,205.0,27.8,0
2016-07-13 10:00:00,244.0,29.4,0
2016-07-13 11:00:00,175.1,29.4,0
2016-07-13 12:00:00,218.3,30.6,0
2016-07-13 13:00:00,206.8,31.1,0
2016-07-13 14:00:00,320.3,32.2,0
2016-07-13 15:00:00,90.3,31.1,0
2016-07-13 16:00:00,240.3,31.1,0
2016-07-13 17:00:00,100.9,21.7,0
2016-07-13 18:00:00,251.1,23.3,0
2016-07-13 19:00:00,104.7,23.9,0
2016-07-13 20:00:00,232.7,23.3,0
2016-07-13 21:00:00,233.9,23.3,0
2016-07-13 22:00:00,133.5,23.9,0
2016-07-13 23:00:00,250.7,23.3,0
2016-07-14 00:00:00,116.1,22.8,0
2016-07-14 01:00:00,178.4,22.2,0
2016-07-14 02:00:00,212.2,21.7,0
2016-07-14 03:00:00,103.4,22.2,0
2016-07-14 04:00:00,159.0,22.2,0
2016-07-14 05:00:00,162.3,22.2,0
2016-07-14 06:00:00,114.7,22.8,0
2016-07-14 07:00:00,221.0,24.4,0
2016-07-14 08:00:00,174.6,26.7,0
2016-07-14 09:00:00,371.0,27.8,0
2016-07-14 10:00:00,105.0,28.3,0
2016-07-14 11:00:00,258.2,25.6,0
2016-07-14 12:00:00,136.4,25.0,0
2016-07-14 13:00:00,245.2,27.8,0
2016-07-14 14:00:00,207.7,29.4,0
2016-07-14 15:00:00,253.9,30.0,0
2016-07-14 16:00:00,99.6,30.6,0
2016-07-14 17:00:00,235.5,30.6,0
2016-07-14 18:00:00,270.2,30.0,0
2016-07-14 19:00:00,93.2,29.4,0
2016-07-14 20:00:00,239.4,26.7,0
2016-07-14 21:00:00,145.5,27.2,0
2016-07-14 22:00:00,225.6,25.0,0
2016-07-14 23:00:00,124.8,20.6,0
2016-07-15 00:00:00,253.1,18.9,0
2016-07-15 01:00:00,125.1,18.3,0
2016-07-15 02:00:00,127.7,18.3,0
2016-07-15 03:00:00,219.7,17.2,0
2016-07-15 04:00:00,78.1,17.8,0
2016-07-15 05:00:00,158.0,17.2,0
2016-07-15 06:00:00,182.5,19.4,0
2016-07-15 07:00:00,140.3,22.2,0
2016-07-15 08:00:00,232.6,24.4,0
2016-07-15 09:00:00,292.8,25.6,0
2016-07-15 10:00:00,230.2,26.1,0
2016-07-15 11:00:00,176.0,27.2,0
2016-07-15 12:00:00,182.6,27.2,0
2016-07-15 13:00:00,208.1,30.0,0
2016-07-15 14:00:00,231.8,23.3,0
2016-07-15 15:00:00,207.6,27.2,0
2016-07-15 16:00:00,240.3,28.0,0
2016-07-15 17:00:00,135.8,28.9,0
2016-07-15 18:00:00,227.4,28.3,0
2016-07-15 19:00:00,116.3,26.1,0
2016-07-15 20:00:00,239.8,23.3,0
2016-07-15 21:00:00,148.6,21.7,0
2016-07-15 22:00:00,200.6,20.0,0
2016-07-15 23:00:00,170.2,16.1,0
2016-07-16 00:00:00,173.0,15.0,0
2016-07-16 01:00:00,215.9,14.4,0
2016-07-16 02:00:00,137.8,14.4,0
2016-07-16 03:00:00,205.9,15.0,0
2016-07-16 04:00:00,146.7,13.3,0
2016-07-16 05:00:00,192.5,13.9,0
2016-07-16 06:00:00,174.9,16.1,0
2016-07-16 07:00:00,166.8,18.3,0
2016-07-16 08:00:00,156.1,19.4,0
2016-07-16 09:00:00,227.4,20.0,0
2016-07-16 10:00:00,138.2,21.1,0
2016-07-16 11:00:00,234.8,22.2,0
2016-07-16 12:00:00,141.4,24.4,0
2016-07-16 13:00:00,256.6,25.0,0
2016-07-16 14:00:00,181.8,24.4,0
2016-07-16 15:00:00,330.7,25.6,0
2016-07-16 16:00:00,171.7,26.1,0
2016-07-16 17:00:00,194.7,26.1,0
2016-07-16 18:00:00,174.9,24.4,0
2016-07-16 19:00:00,159.3,22.8,0
2016-07-16 20:00:00,187.3,21.1,0
2016-07-16 21:00:00,151.8,19.4,0
2016-07-16 22:00:00,219.6,17.8,0
2016-07-16 23:00:00,136.7,17.8,0
2016-07-17 00:00:00,188.2,17.2,0
2016-07-17 01:00:00,169.7,16.1,0
2016-07-17 02:00:00,183.9,16.1,0
2016-07-17 03:00:00,192.1,16.1,0
2016-07-17 04:00:00,143.9,14.4,0
2016-07-17 05:00:00,180.3,13.3,0
2016-07-17 06:00:00,127.7,15.0,0
2016-07-17 07:00:00,262.8,17.2,0
2016-07-17 08:00:00,147.7,18.3,0
2016-07-17 09:00:00,214.1,21.1,0
2016-07-17 10:00:00,202.9,22.2,0
2016-07-17 11:00:00,250.5,23.9,0
2016-07-17 12:00:00,208.2,25.0,0
2016-07-17 13:00:00,186.4,27.2,0
2016-07-17 14:00:00,236.7,26.7,0
2016-07-17 15:00:00,154.0,27.8,0
2016-07-17 16:00:00,229.0,28.9,0
2016-07-17 17:00:00,108.0,27.8,0
2016-07-17 18:00:00,247.5,28.3,0
2016-07-17 19:00:00,101.6,26.1,0
2016-07-17 20:00:00,202.3,20.6,0
2016-07-17 21:00:00,146.5,18.3,0
2016-07-17 22:00:00,205.8,20.6,0
2016-07-17 23:00:00,157.3,22.8,0
2016-07-18 00:00:00,188.0,21.7,0
2016-07-18 01:00:00,213.5,21.7,0
2016-07-18 02:00:00,113.7,21.7,0
2016-07-18 03:00:00,158.8,21.1,0
2016-07-18 04:00:00,168.4,19.4,0
2016-07-18 05:00:00,94.1,21.1,0
2016-07-18 06:00:00,201.5,23.3,0
2016-07-18 07:00:00,221.4,23.3,0
2016-07-18 08:00:00,264.0,23.5,0
2016-07-18 09:00:00,230.4,23.7,0
2016-07-18 10:00:00,278.9,23.9,0
2016-07-18 11:00:00,124.7,22.8,0
2016-07-18 12:00:00,242.1,23.3,0
2016-07-18 13:00:00,129.4,25.0,0
2016-07-18 14:00:00,275.5,27.2,0
2016-07-18 15:00:00,162.9,24.4,0
2016-07-18 16:00:00,203.7,25.0,0
2016-07-18 17:00:00,131.2,26.1,0
2016-07-18 18:00:00,201.1,24.4,0
2016-07-18 19:00:00,106.4,23.3,0
2016-07-18 20:00:00,243.6,22.8,0
2016-07-18 21:00:00,127.9,22.8,0
2016-07-18 22:00:00,234.5,20.6,0
2016-07-18 23:00:00,128.9,18.9,0
2016-07-19 00:00:00,257.3,15.0,0
2016-07-19 01:00:00,179.2,15.6,0
2016-07-19 02:00:00,184.1,16.1,0
2016-07-19 03:00:00,193.0,16.7,0
2016-07-19 04:00:00,219.6,15.0,0
2016-07-19 05:00:00,169.1,16.1,0
2016-07-19 06:00:00,166.7,16.7,0
2016-07-19 07:00:00,196.9,17.8,0
2016-07-19 08:00:00,252.1,18.3,0
2016-07-19 09:00:00,251.9,19.4,0
2016-07-19 10:00:00,190.1,21.7,0
2016-07-19 11:00:00,234.3,23.3,0
2016-07-19 12:00:00,147.4,23.9,0
2016-07-19 13:00:00,307.2,25.0,0
2016-07-19 14:00:00,274.0,24.4,0
2016-07-19 15:00:00,132.5,23.9,0
2016-07-19 16:00:00,214.2,23.9,0
2016-07-19 17:00:00,171.7,23.3,0
2016-07-19 18:00:00,202.3,22.8,0
2016-07-19 19:00:00,207.9,20.6,0
2016-07-19 20:00:00,173.9,17.8,0
2016-07-19 21:00:00,198.2,13.3,0
2016-07-19 22:00:00,184.7,13.3,0
2016-07-19 23:00:00,184.6,12.2,0
2016-07-20 00:00:00,195.7,11.7,0
2016-07-20 01:00:00,315.9,11.1,0
2016-07-20 02:00:00,205.3,11.1,0
2016-07-20 03:00:00,228.7,10.6,0
2016-07-20 04:00:00,322.2,10.0,0
2016-07-20 05:00:00,280.7,10.0,0
2016-07-20 06:00:00,314.5,11.7,0
2016-07-20 07:00:00,407.5,15.0,0
2016-07-20 08:00:00,325.9,18.9,0
2016-07-20 09:00:00,291.7,20.6,0
2016-07-20 10:00:00,190.3,22.8,0
2016-07-20 11:00:00,153.9,23.9,0
2016-07-20 12:00:00,240.2,23.9,0
2016-07-20 13:00:00,248.6,24.4,0
2016-07-20 14:00:00,221.1,25.6,0
2016-07-20 15:00:00,250.1,26.7,0
2016-07-20 16:00:00,136.0,26.7,0
2016-07-20 17:00:00,220.5,26.1,0
2016-07-20 18:00:00,204.3,25.6,0
2016-07-20 19:00:00,165.3,23.3,0
2016-07-20 20:00:00,284.9,17.8,0
2016-07-20 21:00:00,97.3,15.6,0
2016-07-20 22:00:00,264.9,13.9,0
2016-07-20 23:00:00,131.3,12.8,0
2016-07-21 00:00:00,239.4,13.3,0
2016-07-21 01:00:00,172.2,12.8,0
2016-07-21 02:00:00,238.3,12.2,0
2016-07-21 03:00:00,151.6,12.2,0
2016-07-21 04:00:00,279.1,11.7,0
2016-07-21 05:00:00,242.4,11.7,0
2016-07-21 06:00:00,374.4,13.3,0
2016-07-21 07:00:00,389.0,17.2,0
2016-07-21 08:00:00,263.8,21.7,0
2016-07-21 09:00:00,272.8,24.4,0
2016-07-21 10:00:00,175.6,26.7,0
2016-07-21 11:00:00,227.2,28.3,0
2016-07-21 12:00:00,181.8,28.8,0
2016-07-21 13:00:00,256.3,29.4,0
2016-07-21 14:00:00,221.3,31.1,0
2016-07-21 15:00:00,177.7,32.2,0
2016-07-21 16:00:00,275.2,32.8,0
2016-07-21 17:00:00,241.4,31.7,0
2016-07-21 18:00:00,225.9,30.6,0
2016-07-21 19:00:00,169.4,28.6,0
2016-07-21 20:00:00,170.4,26.7,0
2016-07-21 21:00:00,234.9,19.4,0
2016-07-21 22:00:00,148.5,22.2,0
2016-07-21 23:00:00,245.7,21.1,0
2016-07-22 00:00:00,174.9,22.8,0
2016-07-22 01:00:00,124.3,24.4,0
2016-07-22 02:00:00,249.0,23.3,0
2016-07-22 03:00:00,114.3,24.4,0
2016-07-22 04:00:00,117.9,24.4,0
2016-07-22 05:00:00,230.1,24.4,0
2016-07-22 06:00:00,85.1,25.0,0
2016-07-22 07:00:00,235.6,26.1,0
2016-07-22 08:00:00,178.7,26.7,0
2016-07-22 09:00:00,257.9,27.8,0
2016-07-22 10:00:00,172.1,27.2,0
2016-07-22 11:00:00,257.0,28.9,0
2016-07-22 12:00:00,195.6,29.4,0
2016-07-22 13:00:00,307.0,31.1,0
2016-07-22 14:00:00,154.5,32.8,0
2016-07-22 15:00:00,218.7,33.3,0
2016-07-22 16:00:00,204.2,32.8,0
2016-07-22 17:00:00,179.0,32.2,0
2016-07-22 18:00:00,196.9,30.6,0
2016-07-22 19:00:00,137.6,28.9,0
2016-07-22 20:00:00,217.7,27.2,0
2016-07-22 21:00:00,141.9,25.6,0
2016-07-22 22:00:00,267.3,26.1,0
2016-07-22 23:00:00,113.9,25.0,0
2016-07-23 00:00:00,163.4,23.9,0
2016-07-23 01:00:00,206.1,22.2,0
2016-07-23 02:00:00,111.5,21.7,0
2016-07-23 03:00:00,185.1,20.0,0
2016-07-23 04:00:00,151.3,18.9,0
2016-07-23 05:00:00,96.1,19.4,0
2016-07-23 06:00:00,219.5,21.7,0
2016-07-23 07:00:00,115.5,23.9,0
2016-07-23 08:00:00,208.8,25.6,0
2016-07-23 09:00:00,135.6,27.8,0
2016-07-23 10:00:00,249.2,29.4,0
2016-07-23 11:00:00,148.2,30.0,0
2016-07-23 12:00:00,240.8,30.6,0
2016-07-23 13:00:00,142.6,31.1,0
2016-07-23 14:00:00,266.9,31.7,0
2016-07-23 15:00:00,94.4,31.1,0
2016-07-23 16:00:00,245.2,30.6,0
2016-07-23 17:00:00,113.9,30.0,0
2016-07-23 18:00:00,251.5,28.9,0
2016-07-23 19:00:00,113.5,27.2,0
2016-07-23 20:00:00,261.6,23.3,0
2016-07-23 21:00:00,119.7,19.4,0
2016-07-23 22:00:00,234.6,17.8,0
2016-07-23 23:00:00,107.2,17.2,0
2016-07-24 00:00:00,225.8,21.7,0
2016-07-24 01:00:00,156.4,18.3,0
2016-07-24 02:00:00,144.7,16.1,0
2016-07-24 03:00:00,227.8,14.4,0
2016-07-24 04:00:00,83.2,15.6,0
2016-07-24 05:00:00,307.4,15.0,0
2016-07-24 06:00:00,157.0,16.7,0
2016-07-24 07:00:00,248.7,18.9,0
2016-07-24 08:00:00,142.5,23.3,0
2016-07-24 09:00:00,220.3,25.6,0
2016-07-24 10:00:00,135.1,26.7,0
2016-07-24 11:00:00,231.6,28.3,0
2016-07-24 12:00:00,150.2,28.9,0
2016-07-24 13:00:00,228.4,30.6,0
2016-07-24 14:00:00,143.2,30.6,0
2016-07-24 15:00:00,241.1,31.1,0
2016-07-24 16:00:00,105.9,30.6,0
2016-07-24 17:00:00,262.9,29.4,0
2016-07-24 18:00:00,82.5,28.9,0
2016-07-24 19:00:00,221.1,26.7,0
2016-07-24 20:00:00,133.7,25.6,0
2016-07-24 21:00:00,215.2,23.9,0
2016-07-24 22:00:00,188.4,22.8,0
2016-07-24 23:00:00,167.6,20.6,0
2016-07-25 00:00:00,197.0,18.3,0
2016-07-25 01:00:00,122.2,18.3,0
2016-07-25 02:00:00,175.4,17.8,0
2016-07-25 03:00:00,184.4,17.8,0
2016-07-25 04:00:00,109.0,17.8,0
2016-07-25 05:00:00,246.0,17.8,0
2016-07-25 06:00:00,91.8,18.3,0
2016-07-25 07:00:00,273.8,22.8,0
2016-07-25 08:00:00,223.2,26.7,0
2016-07-25 09:00:00,201.6,26.7,0
2016-07-25 10:00:00,182.8,21.1,0
2016-07-25 11:00:00,210.3,22.8,0
2016-07-25 12:00:00,213.5,25.6,0
2016-07-25 13:00:00,292.3,27.8,0
2016-07-25 14:00:00,148.2,22.8,0
2016-07-25 15:00:00,198.5,21.7,0
2016-07-25 16:00:00,108.7,23.3,0
2016-07-25 17:00:00,237.4,24.4,0
2016-07-25 18:00:00,103.7,25.0,0
2016-07-25 19:00:00,259.6,23.3,0
2016-07-25 20:00:00,107.3,21.7,0
2016-07-25 21:00:00,192.2,21.1,0
2016-07-25 22:00:00,137.9,22.2,0
2016-07-25 23:00:00,224.3,20.6,0
2016-07-26 00:00:00,126.9,18.9,0
2016-07-26 01:00:00,143.6,17.8,0
2016-07-26 02:00:00,236.3,17.2,0
2016-07-26 03:00:00,101.9,17.2,0
2016-07-26 04:00:00,158.8,17.2,0
2016-07-26 05:00:00,225.7,16.1,0
2016-07-26 06:00:00,101.6,17.8,0
2016-07-26 07:00:00,367.9,21.1,0
2016-07-26 08:00:00,146.6,21.7,0
2016-07-26 09:00:00,262.4,22.2,0
2016-07-26 10:00:00,114.2,22.8,0
2016-07-26 11:00:00,258.3,24.4,0
2016-07-26 12:00:00,103.6,25.0,0
2016-07-26 13:00:00,308.9,25.6,0
2016-07-26 14:00:00,108.4,26.7,0
2016-07-26 15:00:00,274.2,26.7,0
2016-07-26 16:00:00,239.9,27.2,0
2016-07-26 17:00:00,356.2,27.2,0
2016-07-26 18:00:00,161.9,26.1,0
2016-07-26 19:00:00,204.9,24.4,0
2016-07-26 20:00:00,125.4,21.7,0
2016-07-26 21:00:00,254.1,19.4,0
2016-07-26 22:00:00,103.6,16.7,0
2016-07-26 23:00:00,231.7,16.1,0
2016-07-27 00:00:00,158.8,16.7,0
2016-07-27 01:00:00,170.5,16.1,0
2016-07-27 02:00:00,240.0,16.1,0
2016-07-27 03:00:00,110.3,15.0,0
2016-07-27 04:00:00,224.2,14.4,0
2016-07-27 05:00:00,102.7,14.4,0
2016-07-27 06:00:00,248.6,15.6,0
2016-07-27 07:00:00,132.3,18.9,0
2016-07-27 08:00:00,325.8,22.8,0
2016-07-27 09:00:00,189.7,24.4,0
2016-07-27 10:00:00,267.9,26.7,0
2016-07-27 11:00:00,126.7,27.2,0
2016-07-27 12:00:00,250.3,28.3,0
2016-07-27 13:00:00,228.8,29.4,0
2016-07-27 14:00:00,188.6,28.9,0
2016-07-27 15:00:00,260.6,30.0,0
2016-07-27 16:00:00,106.7,30.0,0
2016-07-27 17:00:00,246.8,29.4,0
2016-07-27 18:00:00,116.6,28.9,0
2016-07-27 19:00:00,226.8,26.7,0
2016-07-27 20:00:00,143.5,22.2,0
2016-07-27 21:00:00,198.1,20.0,0
2016-07-27 22:00:00,176.5,18.9,0
2016-07-27 23:00:00,214.8,18.3,0
2016-07-28 00:00:00,112.1,17.2,0
2016-07-28 01:00:00,187.3,18.3,0
2016-07-28 02:00:00,176.7,17.8,0
2016-07-28 03:00:00,97.2,17.2,0
2016-07-28 04:00:00,243.2,17.2,0
2016-07-28 05:00:00,118.4,16.7,0
2016-07-28 06:00:00,172.0,18.3,0
2016-07-28 07:00:00,184.4,19.4,0
2016-07-28 08:00:00,267.1,22.8,0
2016-07-28 09:00:00,220.0,25.6,0
2016-07-28 10:00:00,172.6,26.7,0
2016-07-28 11:00:00,250.7,28.3,0
2016-07-28 12:00:00,146.9,28.3,0
2016-07-28 13:00:00,262.2,28.9,0
2016-07-28 14:00:00,220.8,28.3,0
2016-07-28 15:00:00,182.5,28.3,0
2016-07-28 16:00:00,203.0,27.8,0
2016-07-28 17:00:00,130.9,26.7,0
2016-07-28 18:00:00,220.9,26.7,0
2016-07-28 19:00:00,193.4,24.4,0
2016-07-28 20:00:00,168.5,23.3,0
2016-07-28 21:00:00,205.6,22.2,0
2016-07-28 22:00:00,138.6,21.1,0
2016-07-28 23:00:00,224.9,20.0,0
2016-07-29 00:00:00,225.9,18.9,0
2016-07-29 01:00:00,109.2,18.9,0
2016-07-29 02:00:00,217.1,18.3,0
2016-07-29 03:00:00,125.6,16.7,0
2016-07-29 04:00:00,116.3,15.6,0
2016-07-29 05:00:00,229.2,15.0,0
2016-07-29 06:00:00,98.2,16.7,0
2016-07-29 07:00:00,257.2,19.4,0
2016-07-29 08:00:00,131.2,20.6,0
2016-07-29 09:00:00,371.4,23.3,0
2016-07-29 10:00:00,108.8,25.0,0
2016-07-29 11:00:00,253.6,26.1,0
2016-07-29 12:00:00,112.8,28.9,0
2016-07-29 13:00:00,324.3,29.4,0
2016-07-29 14:00:00,316.2,27.8,0
2016-07-29 15:00:00,168.6,29.4,0
2016-07-29 16:00:00,210.9,28.3,0
2016-07-29 17:00:00,134.0,27.8,0
2016-07-29 18:00:00,240.8,26.7,0
2016-07-29 19:00:00,127.9,24.4,0
2016-07-29 20:00:00,189.4,22.2,0
2016-07-29 21:00:00,166.2,21.1,0
2016-07-29 22:00:00,213.9,17.8,0
2016-07-29 23:00:00,81.6,15.6,0
2016-07-30 00:00:00,258.4,15.6,0
2016-07-30 01:00:00,101.8,16.1,0
2016-07-30 02:00:00,165.6,14.4,0
2016-07-30 03:00:00,223.6,15.0,0
2016-07-30 04:00:00,76.5,14.4,0
2016-07-30 05:00:00,258.6,15.6,0
2016-07-30 06:00:00,91.2,16.1,0
2016-07-30 07:00:00,185.3,16.7,0
2016-07-30 08:00:00,154.5,17.8,0
2016-07-30 09:00:00,203.2,18.3,0
2016-07-30 10:00:00,154.8,17.2,0
2016-07-30 11:00:00,215.4,17.8,0
2016-07-30 12:00:00,209.2,20.0,0
2016-07-30 13:00:00,240.7,21.1,0
2016-07-30 14:00:00,146.4,21.7,0
2016-07-30 15:00:00,222.0,21.7,0
2016-07-30 16:00:00,143.7,20.6,0
2016-07-30 17:00:00,227.0,21.7,0
2016-07-30 18:00:00,174.5,21.7,0
2016-07-30 19:00:00,183.9,21.1,0
2016-07-30 20:00:00,211.2,20.0,0
2016-07-30 21:00:00,148.0,19.4,0
2016-07-30 22:00:00,268.4,19.4,0
2016-07-30 23:00:00,122.7,19.4,0
2016-07-31 00:00:00,238.1,19.4,0
2016-07-31 01:00:00,136.9,19.4,0
2016-07-31 02:00:00,276.7,19.4,0
2016-07-31 03:00:00,104.6,19.4,0
2016-07-31 04:00:00,224.9,18.9,0
2016-07-31 05:00:00,138.2,18.9,0
2016-07-31 06:00:00,194.0,18.9,0
2016-07-31 07:00:00,189.6,19.4,0
2016-07-31 08:00:00,211.7,20.0,0
2016-07-31 09:00:00,152.0,20.6,0
2016-07-31 10:00:00,230.0,22.8,0
2016-07-31 11:00:00,159.8,22.8,0
2016-07-31 12:00:00,255.1,22.2,0
2016-07-31 13:00:00,137.0,23.3,0
2016-07-31 14:00:00,263.7,22.8,0
2016-07-31 15:00:00,140.3,24.4,0
2016-07-31 16:00:00,214.3,25.6,0
2016-07-31 17:00:00,174.3,24.4,0
2016-07-31 18:00:00,194.6,24.4,0
2016-07-31 19:00:00,127.4,23.3,0
2016-07-31 20:00:00,228.5,21.7,0
2016-07-31 21:00:00,137.2,20.6,0
2016-07-31 22:00:00,260.6,21.1,0
2016-07-31 23:00:00,114.9,20.6,0
2016-08-01 00:00:00,233.5,21.1,0
2016-08-01 01:00:00,161.2,21.1,0
2016-08-01 02:00:00,116.0,21.1,0
2016-08-01 03:00:00,212.0,20.6,0
2016-08-01 04:00:00,131.4,20.6,0
2016-08-01 05:00:00,90.0,20.0,0
2016-08-01 06:00:00,253.3,20.0,0
2016-08-01 07:00:00,131.4,20.0,0
2016-08-01 08:00:00,383.2,21.1,0
2016-08-01 09:00:00,269.4,20.6,0
2016-08-01 10:00:00,163.7,22.2,0
2016-08-01 11:00:00,275.1,24.4,0
2016-08-01 12:00:00,103.2,25.6,0
2016-08-01 13:00:00,253.0,26.7,0
2016-08-01 14:00:00,178.1,27.8,0
2016-08-01 15:00:00,269.2,27.2,0
2016-08-01 16:00:00,136.6,26.1,0
2016-08-01 17:00:00,189.1,26.7,0
2016-08-01 18:00:00,162.8,25.0,0
2016-08-01 19:00:00,170.0,23.9,0
2016-08-01 20:00:00,190.8,22.8,0
2016-08-01 21:00:00,169.5,20.6,0
2016-08-01 22:00:00,186.9,17.8,0
2016-08-01 23:00:00,183.3,17.2,0
2016-08-02 00:00:00,211.6,17.0,0
2016-08-02 01:00:00,124.0,16.7,0
2016-08-02 02:00:00,204.5,17.8,0
2016-08-02 03:00:00,128.2,18.9,0
2016-08-02 04:00:00,171.3,18.3,0
2016-08-02 05:00:00,170.5,18.3,0
2016-08-02 06:00:00,125.3,18.3,0
2016-08-02 07:00:00,249.7,19.4,0
2016-08-02 08:00:00,190.6,20.6,0
2016-08-02 09:00:00,251.8,21.7,0
2016-08-02 10:00:00,175.1,22.2,0
2016-08-02 11:00:00,216.5,23.9,0
2016-08-02 12:00:00,159.7,25.6,0
2016-08-02 13:00:00,303.2,25.6,0
2016-08-02 14:00:00,227.2,27.8,0
2016-08-02 15:00:00,247.4,26.1,0
2016-08-02 16:00:00,105.0,25.6,0
2016-08-02 17:00:00,227.6,27.2,0
2016-08-02 18:00:00,126.3,27.2,0
2016-08-02 19:00:00,205.0,24.4,0
2016-08-02 20:00:00,143.3,23.3,0
2016-08-02 21:00:00,197.6,22.2,0
2016-08-02 22:00:00,144.1,21.1,0
2016-08-02 23:00:00,199.1,20.0,0
2016-08-03 00:00:00,182.7,20.0,0
2016-08-03 01:00:00,218.6,19.4,0
2016-08-03 02:00:00,244.6,19.4,0
2016-08-03 03:00:00,126.9,18.9,0
2016-08-03 04:00:00,159.5,17.8,0
2016-08-03 05:00:00,169.4,17.2,0
2016-08-03 06:00:00,115.4,18.3,0
2016-08-03 07:00:00,234.6,20.0,0
2016-08-03 08:00:00,213.8,19.4,0
2016-08-03 09:00:00,225.3,20.6,0
2016-08-03 10:00:00,216.9,21.7,0
2016-08-03 11:00:00,268.8,22.8,0
2016-08-03 12:00:00,198.6,24.4,0
2016-08-03 13:00:00,281.8,25.6,0
2016-08-03 14:00:00,130.2,26.1,0
2016-08-03 15:00:00,280.5,27.2,0
2016-08-03 16:00:00,82.5,25.6,0
2016-08-03 17:00:00,239.9,26.1,0
2016-08-03 18:00:00,91.3,25.6,0
2016-08-03 19:00:00,243.3,23.3,0
2016-08-03 20:00:00,145.6,22.2,0
2016-08-03 21:00:00,205.8,22.2,0
2016-08-03 22:00:00,273.0,21.7,0
2016-08-03 23:00:00,120.6,21.1,0
2016-08-04 00:00:00,233.6,20.6,0
2016-08-04 01:00:00,177.5,20.0,0
2016-08-04 02:00:00,150.7,20.0,0
2016-08-04 03:00:00,191.6,19.4,0
2016-08-04 04:00:00,97.9,18.9,0
2016-08-04 05:00:00,228.0,18.3,0
2016-08-04 06:00:00,141.3,19.4,0
2016-08-04 07:00:00,181.7,20.6,0
2016-08-04 08:00:00,222.0,21.7,0
2016-08-04 09:00:00,314.7,23.3,0
2016-08-04 10:00:00,137.7,25.0,0
2016-08-04 11:00:00,255.9,26.7,0
2016-08-04 12:00:00,137.8,28.9,0
2016-08-04 13:00:00,273.3,28.9,0
2016-08-04 14:00:00,138.3,29.4,0
2016-08-04 15:00:00,227.9,30.0,0
2016-08-04 16:00:00,129.1,29.4,0
2016-08-04 17:00:00,252.9,29.4,0
2016-08-04 18:00:00,108.6,27.8,0
2016-08-04 19:00:00,266.3,26.1,0
2016-08-04 20:00:00,106.5,23.9,0
2016-08-04 21:00:00,236.2,23.3,0
2016-08-04 22:00:00,115.8,22.2,0
2016-08-04 23:00:00,202.6,21.7,0
2016-08-05 00:00:00,162.0,21.1,0
2016-08-05 01:00:00,108.7,20.0,0
2016-08-05 02:00:00,199.5,20.0,0
2016-08-05 03:00:00,151.7,20.0,0
2016-08-05 04:00:00,81.8,18.9,0
2016-08-05 05:00:00,250.3,19.4,0
2016-08-05 06:00:00,116.9,20.0,0
2016-08-05 07:00:00,193.0,21.7,0
2016-08-05 08:00:00,199.0,22.8,0
2016-08-05 09:00:00,355.7,23.9,0
2016-08-05 10:00:00,110.2,25.0,0
2016-08-05 11:00:00,291.2,28.3,0
2016-08-05 12:00:00,185.6,29.4,0
2016-08-05 13:00:00,236.2,29.7,0
2016-08-05 14:00:00,161.8,30.0,0
2016-08-05 15:00:00,259.5,30.0,0
2016-08-05 16:00:00,209.9,28.3,0
2016-08-05 17:00:00,137.0,28.9,0
2016-08-05 18:00:00,220.7,28.3,0
2016-08-05 19:00:00,178.0,26.1,0
2016-08-05 20:00:00,160.6,25.0,0
2016-08-05 21:00:00,217.6,24.4,0
2016-08-05 22:00:00,121.9,23.3,0
2016-08-05 23:00:00,226.2,23.3,0
2016-08-06 00:00:00,160.1,22.2,0
2016-08-06 01:00:00,122.8,22.2,0
2016-08-06 02:00:00,202.0,22.2,0
2016-08-06 03:00:00,156.4,22.2,0
2016-08-06 04:00:00,95.0,22.0,0
2016-08-06 05:00:00,240.7,21.7,0
2016-08-06 06:00:00,122.8,21.1,0
2016-08-06 07:00:00,222.4,21.7,0
2016-08-06 08:00:00,168.7,22.2,0
2016-08-06 09:00:00,241.4,22.8,0
2016-08-06 10:00:00,103.4,25.0,0
2016-08-06 11:00:00,225.3,26.1,0
2016-08-06 12:00:00,133.1,26.7,0
2016-08-06 13:00:00,220.9,27.2,0
2016-08-06 14:00:00,148.9,26.7,0
2016-08-06 15:00:00,266.0,27.0,0
2016-08-06 16:00:00,134.3,27.2,0
2016-08-06 17:00:00,243.9,26.1,0
2016-08-06 18:00:00,123.7,25.0,0
2016-08-06 19:00:00,232.4,23.3,0
2016-08-06 20:00:00,125.6,20.6,0
2016-08-06 21:00:00,239.0,16.1,0
2016-08-06 22:00:00,109.8,15.0,0
2016-08-06 23:00:00,252.4,13.9,0
2016-08-07 00:00:00,108.9,13.3,0
2016-08-07 01:00:00,196.6,13.3,0
2016-08-07 02:00:00,270.5,12.8,0
2016-08-07 03:00:00,135.1,12.8,0
2016-08-07 04:00:00,227.6,12.2,0
2016-08-07 05:00:00,95.2,12.2,0
2016-08-07 06:00:00,246.3,15.0,0
2016-08-07 07:00:00,127.9,18.9,0
2016-08-07 08:00:00,218.0,20.6,0
2016-08-07 09:00:00,143.1,21.7,0
2016-08-07 10:00:00,214.1,23.3,0
2016-08-07 11:00:00,135.6,24.4,0
2016-08-07 12:00:00,262.9,26.1,0
2016-08-07 13:00:00,173.5,26.1,0
2016-08-07 14:00:00,249.7,27.2,0
2016-08-07 15:00:00,84.3,27.2,0
2016-08-07 16:00:00,251.4,27.2,0
2016-08-07 17:00:00,101.1,25.6,0
2016-08-07 18:00:00,232.8,25.0,0
2016-08-07 19:00:00,95.3,22.8,0
2016-08-07 20:00:00,253.4,21.8,0
2016-08-07 21:00:00,106.0,20.9,0
2016-08-07 22:00:00,278.4,19.9,0
2016-08-07 23:00:00,97.9,18.9,0
2016-08-08 00:00:00,252.9,18.0,0
2016-08-08 01:00:00,171.4,17.0,0
2016-08-08 02:00:00,90.7,16.1,0
2016-08-08 03:00:00,255.5,15.1,0
2016-08-08 04:00:00,153.0,14.1,0
2016-08-08 05:00:00,230.7,13.2,0
2016-08-08 06:00:00,273.8,12.2,0
2016-08-08 07:00:00,322.9,16.1,0
2016-08-08 08:00:00,298.7,18.9,0
2016-08-08 09:00:00,178.8,22.2,0
2016-08-08 10:00:00,270.5,23.9,0
2016-08-08 11:00:00,148.4,25.0,0
2016-08-08 12:00:00,230.9,25.6,0
2016-08-08 13:00:00,176.9,26.7,0
2016-08-08 14:00:00,227.3,27.2,0
2016-08-08 15:00:00,138.0,27.2,0
2016-08-08 16:00:00,212.3,27.2,0
2016-08-08 17:00:00,139.8,27.2,0
2016-08-08 18:00:00,249.1,26.1,0
2016-08-08 19:00:00,149.8,22.8,0
2016-08-08 20:00:00,240.6,17.8,0
2016-08-08 21:00:00,142.4,16.7,0
2016-08-08 22:00:00,200.8,16.1,0
2016-08-08 23:00:00,135.7,15.6,0
2016-08-09 00:00:00,243.2,15.0,0
2016-08-09 01:00:00,121.8,13.9,0
2016-08-09 02:00:00,237.4,13.3,0
2016-08-09 03:00:00,135.9,13.3,0
2016-08-09 04:00:00,237.1,13.9,0
2016-08-09 05:00:00,181.4,13.3,0
2016-08-09 06:00:00,407.7,14.4,0
2016-08-09 07:00:00,338.3,17.2,0
2016-08-09 08:00:00,240.9,21.1,0
2016-08-09 09:00:00,222.3,23.9,0
2016-08-09 10:00:00,177.6,26.7,0
2016-08-09 11:00:00,181.2,28.3,0
2016-08-09 12:00:00,214.4,29.4,0
2016-08-09 13:00:00,184.9,30.0,0
2016-08-09 14:00:00,241.8,31.1,0
2016-08-09 15:00:00,143.3,30.6,0
2016-08-09 16:00:00,238.9,30.6,0
2016-08-09 17:00:00,147.4,28.9,0
2016-08-09 18:00:00,200.5,27.8,0
2016-08-09 19:00:00,265.5,26.7,0
2016-08-09 20:00:00,101.4,25.6,0
2016-08-09 21:00:00,243.1,25.0,0
2016-08-09 22:00:00,133.1,24.4,0
2016-08-09 23:00:00,203.2,23.9,0
2016-08-10 00:00:00,114.3,23.3,0
2016-08-10 01:00:00,180.7,20.6,0
2016-08-10 02:00:00,201.3,21.1,0
2016-08-10 03:00:00,113.2,21.1,0
2016-08-10 04:00:00,229.4,20.6,0
2016-08-10 05:00:00,122.5,20.6,0
2016-08-10 06:00:00,197.2,20.6,0
2016-08-10 07:00:00,139.9,21.1,0
2016-08-10 08:00:00,250.3,22.2,0
2016-08-10 09:00:00,166.6,23.9,0
2016-08-10 10:00:00,106.9,23.9,0
2016-08-10 11:00:00,255.2,26.7,0
2016-08-10 12:00:00,229.5,27.2,0
2016-08-10 13:00:00,192.6,28.9,0
2016-08-10 14:00:00,236.0,29.4,0
2016-08-10 15:00:00,136.5,31.1,0
2016-08-10 16:00:00,109.7,30.6,0
2016-08-10 17:00:00,185.8,31.1,0
2016-08-10 18:00:00,136.7,30.0,0
2016-08-10 19:00:00,176.4,27.2,0
2016-08-10 20:00:00,131.0,26.1,0
2016-08-10 21:00:00,239.8,25.6,0
2016-08-10 22:00:00,122.0,25.0,0
2016-08-10 23:00:00,213.9,25.0,0
2016-08-11 00:00:00,106.1,23.3,0
2016-08-11 01:00:00,185.7,22.2,0
2016-08-11 02:00:00,141.9,21.1,0
2016-08-11 03:00:00,103.1,21.7,0
2016-08-11 04:00:00,111.7,21.1,0
2016-08-11 05:00:00,156.4,19.4,0
2016-08-11 06:00:00,176.8,21.7,0
2016-08-11 07:00:00,186.3,25.0,0
2016-08-11 08:00:00,173.8,25.6,0
2016-08-11 09:00:00,235.1,27.2,0
2016-08-11 10:00:00,162.2,28.9,0
2016-08-11 11:00:00,184.5,29.4,0
2016-08-11 12:00:00,174.3,31.1,0
2016-08-11 13:00:00,188.7,31.7,0
2016-08-11 14:00:00,214.9,31.7,0
2016-08-11 15:00:00,186.8,30.6,0
2016-08-11 16:00:00,218.5,26.7,0
2016-08-11 17:00:00,93.0,26.1,0
2016-08-11 18:00:00,229.9,25.6,0
2016-08-11 19:00:00,101.6,24.4,0
2016-08-11 20:00:00,237.5,23.3,0
2016-08-11 21:00:00,85.9,22.8,0
2016-08-11 22:00:00,265.2,22.8,0
2016-08-11 23:00:00,95.5,21.7,0
2016-08-12 00:00:00,248.8,22.2,0
2016-08-12 01:00:00,88.7,22.2,0
2016-08-12 02:00:00,130.9,22.2,0
2016-08-12 03:00:00,199.8,22.2,0
2016-08-12 04:00:00,88.1,22.8,0
2016-08-12 05:00:00,87.2,23.4,0
2016-08-12 06:00:00,238.8,23.9,0
2016-08-12 07:00:00,107.1,24.4,0
2016-08-12 08:00:00,195.8,25.6,0
2016-08-12 09:00:00,198.3,27.2,0
2016-08-12 10:00:00,247.5,28.3,0
2016-08-12 11:00:00,219.9,30.0,0
2016-08-12 12:00:00,136.2,30.6,0
2016-08-12 13:00:00,166.4,31.7,0
2016-08-12 14:00:00,270.1,31.7,0
2016-08-12 15:00:00,154.1,32.8,0
2016-08-12 16:00:00,272.7,31.7,0
2016-08-12 17:00:00,193.9,29.4,0
2016-08-12 18:00:00,156.0,29.4,0
2016-08-12 19:00:00,107.5,28.9,0
2016-08-12 20:00:00,207.4,27.8,0
2016-08-12 21:00:00,129.2,27.2,0
2016-08-12 22:00:00,126.4,26.7,0
2016-08-12 23:00:00,195.5,25.6,0
2016-08-13 00:00:00,156.8,22.8,0
2016-08-13 01:00:00,164.2,25.0,0
2016-08-13 02:00:00,94.8,23.9,0
2016-08-13 03:00:00,163.1,23.9,0
2016-08-13 04:00:00,157.1,22.2,0
2016-08-13 05:00:00,110.5,24.4,0
2016-08-13 06:00:00,123.3,25.0,0
2016-08-13 07:00:00,193.4,25.6,0
2016-08-13 08:00:00,118.3,26.7,0
2016-08-13 09:00:00,268.3,28.3,0
2016-08-13 10:00:00,126.7,29.4,0
2016-08-13 11:00:00,220.0,31.7,0
2016-08-13 12:00:00,170.7,30.6,0
2016-08-13 13:00:00,168.8,32.8,0
2016-08-13 14:00:00,199.4,33.9,0
2016-08-13 15:00:00,144.1,33.9,0
2016-08-13 16:00:00,95.9,26.1,0
2016-08-13 17:00:00,244.9,25.0,0
2016-08-13 18:00:00,92.4,26.7,0
2016-08-13 19:00:00,229.2,25.6,0
2016-08-13 20:00:00,160.7,23.9,0
2016-08-13 21:00:00,190.3,22.2,0
2016-08-13 22:00:00,204.5,21.7,0
2016-08-13 23:00:00,134.3,22.8,0
2016-08-14 00:00:00,100.1,22.8,0
2016-08-14 01:00:00,228.5,23.3,0
2016-08-14 02:00:00,109.9,23.3,0
2016-08-14 03:00:00,114.6,23.3,0
2016-08-14 04:00:00,99.0,23.3,0
2016-08-14 05:00:00,233.5,22.8,0
2016-08-14 06:00:00,87.7,23.3,0
2016-08-14 07:00:00,260.2,23.9,0
2016-08-14 08:00:00,82.6,24.4,0
2016-08-14 09:00:00,210.0,25.0,0
2016-08-14 10:00:00,140.9,26.1,0
2016-08-14 11:00:00,233.5,26.1,0
2016-08-14 12:00:00,163.3,24.4,0
2016-08-14 13:00:00,236.9,23.9,0
2016-08-14 14:00:00,135.0,25.0,0
2016-08-14 15:00:00,208.2,24.4,0
2016-08-14 16:00:00,95.6,25.6,0
2016-08-14 17:00:00,167.1,26.1,0
2016-08-14 18:00:00,165.4,25.0,0
2016-08-14 19:00:00,161.7,23.9,0
2016-08-14 20:00:00,156.8,22.2,0
2016-08-14 21:00:00,237.3,20.6,0
2016-08-14 22:00:00,148.6,19.4,0
2016-08-14 23:00:00,203.6,19.4,0
2016-08-15 00:00:00,134.0,18.3,0
2016-08-15 01:00:00,240.2,18.3,0
2016-08-15 02:00:00,118.7,18.3,0
2016-08-15 03:00:00,72.4,19.4,0
2016-08-15 04:00:00,117.2,20.6,0
2016-08-15 05:00:00,185.3,20.6,0
2016-08-15 06:00:00,143.1,20.0,0
2016-08-15 07:00:00,305.2,20.0,0
2016-08-15 08:00:00,162.2,21.1,0
2016-08-15 09:00:00,239.0,21.1,0
2016-08-15 10:00:00,234.9,22.2,0
2016-08-15 11:00:00,197.6,22.8,0
2016-08-15 12:00:00,197.5,23.3,0
2016-08-15 13:00:00,128.0,23.9,0
2016-08-15 14:00:00,113.1,23.9,0
2016-08-15 15:00:00,175.1,24.4,0
2016-08-15 16:00:00,186.9,23.9,0
2016-08-15 17:00:00,270.1,23.9,0
2016-08-15 18:00:00,182.9,23.3,0
2016-08-15 19:00:00,233.9,21.7,0
2016-08-15 20:00:00,196.6,20.6,0
2016-08-15 21:00:00,157.1,21.1,0
2016-08-15 22:00:00,130.8,20.6,0
2016-08-15 23:00:00,208.4,20.6,0
2016-08-16 00:00:00,90.4,20.0,0
2016-08-16 01:00:00,217.7,20.0,0
2016-08-16 02:00:00,122.8,20.0,0
2016-08-16 03:00:00,104.3,20.6,0
2016-08-16 04:00:00,142.1,20.6,0
2016-08-16 05:00:00,190.6,20.0,0
2016-08-16 06:00:00,139.4,21.1,0
2016-08-16 07:00:00,241.5,21.7,0
2016-08-16 08:00:00,229.0,22.8,0
2016-08-16 09:00:00,140.9,22.8,0
2016-08-16 10:00:00,250.5,23.9,0
2016-08-16 11:00:00,130.3,25.6,0
2016-08-16 12:00:00,102.1,26.1,0
2016-08-16 13:00:00,128.3,26.7,0
2016-08-16 14:00:00,309.1,30.0,0
2016-08-16 15:00:00,242.0,30.0,0
2016-08-16 16:00:00,201.7,30.6,0
2016-08-16 17:00:00,100.0,30.0,0
2016-08-16 18:00:00,229.0,27.8,0
2016-08-16 19:00:00,125.0,26.7,0
2016-08-16 20:00:00,102.9,24.8,0
2016-08-16 21:00:00,210.8,23.0,0
2016-08-16 22:00:00,157.5,22.4,0
2016-08-16 23:00:00,155.5,21.9,0
2016-08-17 00:00:00,247.1,21.3,0
2016-08-17 01:00:00,92.6,20.8,0
2016-08-17 02:00:00,106.8,20.2,0
2016-08-17 03:00:00,99.0,19.7,0
2016-08-17 04:00:00,240.0,19.1,0
2016-08-17 05:00:00,121.6,18.6,0
2016-08-17 06:00:00,249.0,18.0,0
2016-08-17 07:00:00,141.1,18.3,0
2016-08-17 08:00:00,236.8,20.0,0
2016-08-17 09:00:00,244.6,20.0,0
2016-08-17 10:00:00,188.8,20.6,0
2016-08-17 11:00:00,205.0,21.7,0
2016-08-17 12:00:00,118.3,22.2,0
2016-08-17 13:00:00,261.2,22.8,0
2016-08-17 14:00:00,126.3,24.4,0
2016-08-17 15:00:00,182.9,25.0,0
2016-08-17 16:00:00,171.2,25.6,0
2016-08-17 17:00:00,233.7,25.6,0
2016-08-17 18:00:00,178.3,24.4,0
2016-08-17 19:00:00,144.8,21.7,0
2016-08-17 20:00:00,206.6,20.0,0
2016-08-17 21:00:00,126.0,19.4,0
2016-08-17 22:00:00,166.8,18.9,0
2016-08-17 23:00:00,157.4,17.8,0
2016-08-18 00:00:00,133.6,17.8,0
2016-08-18 01:00:00,243.7,17.2,0
2016-08-18 02:00:00,104.9,16.7,0
2016-08-18 03:00:00,218.2,17.2,0
2016-08-18 04:00:00,107.1,16.7,0
2016-08-18 05:00:00,123.1,18.3,0
2016-08-18 06:00:00,216.3,18.9,0
2016-08-18 07:00:00,107.7,20.0,0
2016-08-18 08:00:00,270.4,21.7,0
2016-08-18 09:00:00,352.4,23.3,0
2016-08-18 10:00:00,221.5,23.9,0
2016-08-18 11:00:00,140.5,25.6,0
2016-08-18 12:00:00,189.9,26.1,0
2016-08-18 13:00:00,167.9,27.2,0
2016-08-18 14:00:00,103.3,27.8,0
2016-08-18 15:00:00,255.4,27.2,0
2016-08-18 16:00:00,187.9,26.0,0
2016-08-18 17:00:00,174.6,24.7,0
2016-08-18 18:00:00,209.4,23.5,0
2016-08-18 19:00:00,176.4,22.2,0
2016-08-18 20:00:00,139.6,21.0,0
2016-08-18 21:00:00,223.9,19.0,0
2016-08-18 22:00:00,210.8,18.4,0
2016-08-18 23:00:00,234.2,17.9,0
2016-08-19 00:00:00,180.7,17.3,0
2016-08-19 01:00:00,163.2,16.8,0
2016-08-19 02:00:00,186.9,16.2,0
2016-08-19 03:00:00,98.5,15.7,0
2016-08-19 04:00:00,169.8,15.1,0
2016-08-19 05:00:00,163.1,14.6,0
2016-08-19 06:00:00,145.1,14.0,0
2016-08-19 07:00:00,287.7,16.0,0
2016-08-19 08:00:00,298.3,19.0,0
2016-08-19 09:00:00,227.9,22.0,0
2016-08-19 10:00:00,203.2,24.0,0
2016-08-19 11:00:00,180.7,25.0,0
2016-08-19 12:00:00,125.1,25.0,0
2016-08-19 13:00:00,223.9,27.0,0
2016-08-19 14:00:00,160.2,27.5,0
2016-08-19 15:00:00,241.8,28.0,0
2016-08-19 16:00:00,338.7,28.0,0
2016-08-19 17:00:00,242.0,28.3,0
2016-08-19 18:00:00,210.4,26.7,0
2016-08-19 19:00:00,205.8,21.1,0
2016-08-19 20:00:00,92.7,18.9,0
2016-08-19 21:00:00,210.5,19.0,0
2016-08-19 22:00:00,143.1,18.3,0
2016-08-19 23:00:00,257.2,18.3,0
2016-08-20 00:00:00,172.9,17.8,0
2016-08-20 01:00:00,185.8,16.7,0
2016-08-20 02:00:00,107.9,16.7,0
2016-08-20 03:00:00,91.6,16.1,0
2016-08-20 04:00:00,247.3,17.2,0
2016-08-20 05:00:00,127.5,16.1,0
2016-08-20 06:00:00,191.0,17.2,0
2016-08-20 07:00:00,215.2,20.6,0
2016-08-20 08:00:00,282.8,22.8,0
2016-08-20 09:00:00,194.7,25.0,0
2016-08-20 10:00:00,151.6,26.7,0
2016-08-20 11:00:00,263.6,27.8,0
2016-08-20 12:00:00,99.2,28.9,0
2016-08-20 13:00:00,216.5,30.0,0
2016-08-20 14:00:00,135.7,28.9,0
2016-08-20 15:00:00,129.6,25.6,0
2016-08-20 16:00:00,276.2,28.9,0
2016-08-20 17:00:00,100.0,28.3,0
2016-08-20 18:00:00,243.4,27.8,0
2016-08-20 19:00:00,152.1,25.6,0
2016-08-20 20:00:00,226.0,24.4,0
2016-08-20 21:00:00,93.1,23.9,0
2016-08-20 22:00:00,205.5,23.9,0
2016-08-20 23:00:00,167.7,23.3,0
2016-08-21 00:00:00,121.7,22.8,0
2016-08-21 01:00:00,252.2,22.2,0
2016-08-21 02:00:00,246.8,22.2,0
2016-08-21 03:00:00,141.6,22.2,0
2016-08-21 04:00:00,190.6,21.7,0
2016-08-21 05:00:00,141.1,21.7,0
2016-08-21 06:00:00,88.6,22.2,0
2016-08-21 07:00:00,135.5,22.8,0
2016-08-21 08:00:00,234.5,22.8,0
2016-08-21 09:00:00,221.3,23.3,0
2016-08-21 10:00:00,245.3,23.3,0
2016-08-21 11:00:00,262.9,21.7,0
2016-08-21 12:00:00,166.7,20.6,0
2016-08-21 13:00:00,238.0,19.4,0
2016-08-21 14:00:00,126.0,20.6,0
2016-08-21 15:00:00,182.1,21.7,0
2016-08-21 16:00:00,187.5,22.2,0
2016-08-21 17:00:00,189.0,21.7,0
2016-08-21 18:00:00,185.8,20.6,0
2016-08-21 19:00:00,230.1,18.3,0
2016-08-21 20:00:00,139.1,16.1,0
2016-08-21 21:00:00,253.4,15.0,0
2016-08-21 22:00:00,235.9,15.6,0
2016-08-21 23:00:00,318.6,16.7,0
2016-08-22 00:00:00,145.9,15.6,0
2016-08-22 01:00:00,222.9,16.1,0
2016-08-22 02:00:00,130.3,16.7,0
2016-08-22 03:00:00,104.0,17.2,0
2016-08-22 04:00:00,256.2,16.1,0
2016-08-22 05:00:00,131.4,16.1,0
2016-08-22 06:00:00,223.8,15.0,0
2016-08-22 07:00:00,245.0,15.6,0
2016-08-22 08:00:00,327.5,15.6,0
2016-08-22 09:00:00,314.5,16.7,0
2016-08-22 10:00:00,331.4,18.3,0
2016-08-22 11:00:00,257.8,18.3,0
2016-08-22 12:00:00,196.8,19.4,0
2016-08-22 13:00:00,188.1,20.6,0
2016-08-22 14:00:00,204.9,20.6,0
2016-08-22 15:00:00,294.1,20.6,0
2016-08-22 16:00:00,252.8,21.1,0
2016-08-22 17:00:00,217.7,20.0,0
2016-08-22 18:00:00,257.8,19.4,0
2016-08-22 19:00:00,118.3,15.0,0
2016-08-22 20:00:00,253.0,13.3,0
2016-08-22 21:00:00,274.0,12.2,0
2016-08-22 22:00:00,384.6,10.6,0
2016-08-22 23:00:00,318.6,10.6,0
2016-08-23 00:00:00,319.3,10.6,0
2016-08-23 01:00:00,194.0,10.6,0
2016-08-23 02:00:00,365.1,10.6,0
2016-08-23 03:00:00,298.8,10.0,0
2016-08-23 04:00:00,328.4,9.4,0
2016-08-23 05:00:00,337.5,9.4,0
2016-08-23 06:00:00,366.9,9.4,0
2016-08-23 07:00:00,444.8,12.8,0
2016-08-23 08:00:00,470.5,16.7,0
2016-08-23 09:00:00,382.4,20.0,0
2016-08-23 10:00:00,259.3,21.1,0
2016-08-23 11:00:00,106.0,22.8,0
2016-08-23 12:00:00,259.4,23.3,0
2016-08-23 13:00:00,144.7,24.4,0
2016-08-23 14:00:00,191.8,25.0,0
2016-08-23 15:00:00,217.7,25.6,0
2016-08-23 16:00:00,244.3,25.6,0
2016-08-23 17:00:00,227.7,25.6,0
2016-08-23 18:00:00,220.8,24.4,0
2016-08-23 19:00:00,224.2,19.4,0
2016-08-23 20:00:00,215.0,16.1,0
2016-08-23 21:00:00,233.2,15.0,0
2016-08-23 22:00:00,166.0,15.0,0
2016-08-23 23:00:00,274.4,15.6,0
2016-08-24 00:00:00,172.9,15.0,0
2016-08-24 01:00:00,210.0,14.4,0
2016-08-24 02:00:00,195.9,13.9,0
2016-08-24 03:00:00,293.6,13.9,0
2016-08-24 04:00:00,227.5,13.3,0
2016-08-24 05:00:00,205.8,13.3,0
2016-08-24 06:00:00,321.2,13.3,0
2016-08-24 07:00:00,304.0,15.6,0
2016-08-24 08:00:00,396.0,20.0,0
2016-08-24 09:00:00,364.5,22.8,0
2016-08-24 10:00:00,209.3,25.0,0
2016-08-24 11:00:00,234.3,26.1,0
2016-08-24 12:00:00,184.0,27.2,0
2016-08-24 13:00:00,132.9,27.8,0
2016-08-24 14:00:00,229.8,28.3,0
2016-08-24 15:00:00,174.8,28.3,0
2016-08-24 16:00:00,253.8,28.3,0
2016-08-24 17:00:00,237.8,27.8,0
2016-08-24 18:00:00,204.4,26.1,0
2016-08-24 19:00:00,185.7,23.9,0
2016-08-24 20:00:00,118.5,23.3,0
2016-08-24 21:00:00,197.7,22.8,0
2016-08-24 22:00:00,229.8,21.7,0
2016-08-24 23:00:00,277.9,21.6,0
2016-08-25 00:00:00,257.3,21.5,0
2016-08-25 01:00:00,195.8,21.4,0
2016-08-25 02:00:00,187.1,21.4,0
2016-08-25 03:00:00,98.4,21.3,0
2016-08-25 04:00:00,93.6,21.2,0
2016-08-25 05:00:00,186.6,21.1,0
2016-08-25 06:00:00,181.8,21.0,0
2016-08-25 07:00:00,212.9,20.6,0
2016-08-25 08:00:00,350.9,21.1,0
2016-08-25 09:00:00,279.4,20.6,0
2016-08-25 10:00:00,229.9,23.3,0
2016-08-25 11:00:00,301.5,24.4,0
2016-08-25 12:00:00,116.3,24.4,0
2016-08-25 13:00:00,142.5,24.4,0
2016-08-25 14:00:00,300.7,25.0,0
2016-08-25 15:00:00,105.8,27.2,0
2016-08-25 16:00:00,270.9,28.9,0
2016-08-25 17:00:00,200.2,28.3,0
2016-08-25 18:00:00,246.4,26.7,0
2016-08-25 19:00:00,137.9,24.4,0
2016-08-25 20:00:00,297.2,22.8,0
2016-08-25 21:00:00,131.0,22.8,0
2016-08-25 22:00:00,277.3,22.2,0
2016-08-25 23:00:00,201.7,21.7,0
2016-08-26 00:00:00,194.8,21.7,0
2016-08-26 01:00:00,107.8,21.1,0
2016-08-26 02:00:00,172.1,22.0,0
2016-08-26 03:00:00,183.6,22.8,0
2016-08-26 04:00:00,110.5,22.2,0
2016-08-26 05:00:00,102.8,22.2,0
2016-08-26 06:00:00,212.0,22.0,0
2016-08-26 07:00:00,215.5,21.7,0
2016-08-26 08:00:00,293.2,22.2,0
2016-08-26 09:00:00,207.2,22.8,0
2016-08-26 10:00:00,204.6,23.3,0
2016-08-26 11:00:00,236.6,25.0,0
2016-08-26 12:00:00,145.0,25.8,0
2016-08-26 13:00:00,150.8,26.7,0
2016-08-26 14:00:00,251.9,27.2,0
2016-08-26 15:00:00,177.9,27.8,0
2016-08-26 16:00:00,265.7,27.8,0
2016-08-26 17:00:00,166.7,27.2,0
2016-08-26 18:00:00,227.7,26.7,0
2016-08-26 19:00:00,174.1,23.3,0
2016-08-26 20:00:00,170.0,22.2,0
2016-08-26 21:00:00,116.8,19.4,0
2016-08-26 22:00:00,256.8,18.3,0
2016-08-26 23:00:00,209.4,16.7,0
2016-08-27 00:00:00,201.5,16.1,0
2016-08-27 01:00:00,215.4,16.7,0
2016-08-27 02:00:00,83.9,16.1,0
2016-08-27 03:00:00,150.5,16.1,0
2016-08-27 04:00:00,192.1,15.6,0
2016-08-27 05:00:00,163.5,16.1,0
2016-08-27 06:00:00,169.1,14.4,0
2016-08-27 07:00:00,160.3,17.8,0
2016-08-27 08:00:00,232.7,20.0,0
2016-08-27 09:00:00,215.5,21.1,0
2016-08-27 10:00:00,213.8,23.3,0
2016-08-27 11:00:00,292.6,24.4,0
2016-08-27 12:00:00,133.9,25.0,0
2016-08-27 13:00:00,137.3,27.2,0
2016-08-27 14:00:00,269.7,27.2,0
2016-08-27 15:00:00,140.5,28.9,0
2016-08-27 16:00:00,224.0,28.9,0
2016-08-27 17:00:00,252.7,28.3,0
2016-08-27 18:00:00,190.6,25.6,0
2016-08-27 19:00:00,171.3,22.2,0
2016-08-27 20:00:00,231.8,21.1,0
2016-08-27 21:00:00,131.0,20.6,0
2016-08-27 22:00:00,176.9,20.0,0
2016-08-27 23:00:00,187.2,18.6,0
2016-08-28 00:00:00,102.1,17.2,0
2016-08-28 01:00:00,233.8,19.4,0
2016-08-28 02:00:00,140.4,20.0,0
2016-08-28 03:00:00,173.0,18.9,0
2016-08-28 04:00:00,160.4,20.0,0
2016-08-28 05:00:00,94.3,20.6,0
2016-08-28 06:00:00,258.4,20.6,0
2016-08-28 07:00:00,123.4,21.7,0
2016-08-28 08:00:00,112.9,22.8,0
2016-08-28 09:00:00,288.1,23.9,0
2016-08-28 10:00:00,215.0,26.1,0
2016-08-28 11:00:00,241.6,27.8,0
2016-08-28 12:00:00,237.6,29.4,0
2016-08-28 13:00:00,166.8,30.6,0
2016-08-28 14:00:00,230.9,30.6,0
2016-08-28 15:00:00,109.2,30.6,0
2016-08-28 16:00:00,97.5,25.0,0
2016-08-28 17:00:00,196.1,25.0,0
2016-08-28 18:00:00,194.4,25.6,0
2016-08-28 19:00:00,174.0,25.0,0
2016-08-28 20:00:00,177.4,22.8,0
2016-08-28 21:00:00,170.5,22.2,0
2016-08-28 22:00:00,238.0,21.6,0
2016-08-28 23:00:00,112.1,21.1,0
2016-08-29 00:00:00,128.4,21.1,0
2016-08-29 01:00:00,185.0,22.8,0
2016-08-29 02:00:00,207.6,21.7,0
2016-08-29 03:00:00,95.7,21.1,0
2016-08-29 04:00:00,114.4,20.0,0
2016-08-29 05:00:00,239.5,19.4,0
2016-08-29 06:00:00,108.6,19.4,0
2016-08-29 07:00:00,325.9,19.4,0
2016-08-29 08:00:00,174.1,20.0,0
2016-08-29 09:00:00,222.9,21.7,0
2016-08-29 10:00:00,271.3,22.8,0
2016-08-29 11:00:00,118.0,22.8,0
2016-08-29 12:00:00,273.5,22.8,0
2016-08-29 13:00:00,193.1,25.0,0
2016-08-29 14:00:00,212.4,25.0,0
2016-08-29 15:00:00,204.8,25.0,0
2016-08-29 16:00:00,165.8,24.4,0
2016-08-29 17:00:00,235.8,23.9,0
2016-08-29 18:00:00,168.7,22.2,0
2016-08-29 19:00:00,245.1,18.9,0
2016-08-29 20:00:00,186.5,15.6,0
2016-08-29 21:00:00,115.0,14.4,0
2016-08-29 22:00:00,279.6,13.9,0
2016-08-29 23:00:00,241.8,12.8,0
2016-08-30 00:00:00,260.8,13.3,0
2016-08-30 01:00:00,184.2,12.2,0
2016-08-30 02:00:00,146.2,12.2,0
2016-08-30 03:00:00,295.5,11.7,0
2016-08-30 04:00:00,129.9,11.1,0
2016-08-30 05:00:00,177.0,11.1,0
2016-08-30 06:00:00,359.6,11.1,0
2016-08-30 07:00:00,348.2,13.3,0
2016-08-30 08:00:00,418.0,17.8,0
2016-08-30 09:00:00,355.1,20.6,0
2016-08-30 10:00:00,210.7,22.2,0
2016-08-30 11:00:00,126.1,23.3,0
2016-08-30 12:00:00,113.5,24.4,0
2016-08-30 13:00:00,187.1,25.6,0
2016-08-30 14:00:00,221.3,26.1,0
2016-08-30 15:00:00,115.8,26.7,0
2016-08-30 16:00:00,232.8,26.2,0
2016-08-30 17:00:00,252.5,25.6,0
2016-08-30 18:00:00,212.3,22.2,0
2016-08-30 19:00:00,329.0,19.4,0
2016-08-30 20:00:00,144.4,17.8,0
2016-08-30 21:00:00,260.7,17.8,0
2016-08-30 22:00:00,168.2,17.2,0
2016-08-30 23:00:00,261.6,16.1,0
2016-08-31 00:00:00,265.2,15.6,0
2016-08-31 01:00:00,163.0,15.6,0
2016-08-31 02:00:00,206.4,16.1,0
2016-08-31 03:00:00,93.7,15.6,0
2016-08-31 04:00:00,100.9,16.1,0
2016-08-31 05:00:00,196.7,16.1,0
2016-08-31 06:00:00,131.3,16.1,0
2016-08-31 07:00:00,234.5,18.3,0
2016-08-31 08:00:00,289.8,19.4,0
2016-08-31 09:00:00,274.1,20.6,0
2016-08-31 10:00:00,275.1,21.1,0
2016-08-31 11:00:00,244.2,22.2,0
2016-08-31 12:00:00,190.0,21.7,0
2016-08-31 13:00:00,215.8,22.2,0
2016-08-31 14:00:00,210.4,22.8,0
2016-08-31 15:00:00,146.4,23.3,0
2016-08-31 16:00:00,253.8,23.3,0
2016-08-31 17:00:00,313.3,23.9,0
2016-08-31 18:00:00,212.0,22.8,0
2016-08-31 19:00:00,230.4,19.4,0
2016-08-31 20:00:00,237.8,18.3,0
2016-08-31 21:00:00,210.4,18.3,0
2016-08-31 22:00:00,236.9,18.9,0
2016-08-31 23:00:00,249.3,19.4,0
2016-09-01 00:00:00,116.1,18.3,0
2016-09-01 01:00:00,232.3,18.0,0
2016-09-01 02:00:00,150.9,17.8,0
2016-09-01 03:00:00,95.7,17.8,0
2016-09-01 04:00:00,225.1,16.7,0
2016-09-01 05:00:00,165.9,15.0,0
2016-09-01 06:00:00,182.7,13.3,0
2016-09-01 07:00:00,260.2,15.6,0
2016-09-01 08:00:00,359.5,17.2,0
2016-09-01 09:00:00,383.5,18.9,0
2016-09-01 10:00:00,285.9,20.6,0
2016-09-01 11:00:00,167.7,21.7,0
2016-09-01 12:00:00,219.7,21.7,0
2016-09-01 13:00:00,174.0,21.1,0
2016-09-01 14:00:00,205.7,21.1,0
2016-09-01 15:00:00,224.9,20.6,0
2016-09-01 16:00:00,183.1,21.1,0
2016-09-01 17:00:00,232.5,20.0,0
2016-09-01 18:00:00,290.0,18.3,0
2016-09-01 19:00:00,305.0,17.8,0
2016-09-01 20:00:00,286.4,17.2,0
2016-09-01 21:00:00,295.6,15.0,0
2016-09-01 22:00:00,217.5,13.3,0
2016-09-01 23:00:00,242.3,11.7,0
2016-09-02 00:00:00,188.4,13.9,0
2016-09-02 01:00:00,187.0,15.0,0
2016-09-02 02:00:00,199.4,13.5,0
2016-09-02 03:00:00,106.1,12.0,0
2016-09-02 04:00:00,188.0,12.8,0
2016-09-02 05:00:00,241.7,13.3,0
2016-09-02 06:00:00,238.3,11.1,0
2016-09-02 07:00:00,354.9,15.0,0
2016-09-02 08:00:00,387.3,15.6,0
2016-09-02 09:00:00,383.7,17.2,0
2016-09-02 10:00:00,249.3,18.9,0
2016-09-02 11:00:00,186.0,20.0,0
2016-09-02 12:00:00,240.2,20.6,0
2016-09-02 13:00:00,200.5,20.6,0
2016-09-02 14:00:00,240.0,21.1,0
2016-09-02 15:00:00,259.7,20.0,0
2016-09-02 16:00:00,322.0,19.4,0
2016-09-02 17:00:00,208.0,20.6,0
2016-09-02 18:00:00,242.3,18.3,0
2016-09-02 19:00:00,275.4,16.1,0
2016-09-02 20:00:00,196.6,15.0,0
2016-09-02 21:00:00,267.9,11.1,0
2016-09-02 22:00:00,273.9,10.0,0
2016-09-02 23:00:00,139.8,9.4,0
2016-09-03 00:00:00,341.1,8.3,0
2016-09-03 01:00:00,239.5,8.3,0
2016-09-03 02:00:00,380.5,8.9,0
2016-09-03 03:00:00,345.6,8.6,0
2016-09-03 04:00:00,290.6,8.3,0
2016-09-03 05:00:00,541.9,8.3,0
2016-09-03 06:00:00,478.2,7.8,0
2016-09-03 07:00:00,549.9,10.0,0
2016-09-03 08:00:00,462.2,12.0,0
2016-09-03 09:00:00,428.8,13.9,0
2016-09-03 10:00:00,421.5,17.8,0
2016-09-03 11:00:00,277.9,19.4,0
2016-09-03 12:00:00,227.1,20.6,0
2016-09-03 13:00:00,181.1,21.1,0
2016-09-03 14:00:00,277.6,22.2,0
2016-09-03 15:00:00,188.9,22.2,0
2016-09-03 16:00:00,233.9,22.2,0
2016-09-03 17:00:00,223.9,21.7,0
2016-09-03 18:00:00,281.3,20.0,0
2016-09-03 19:00:00,234.9,16.1,0
2016-09-03 20:00:00,155.8,13.6,0
2016-09-03 21:00:00,295.5,11.1,0
2016-09-03 22:00:00,170.4,10.0,0
2016-09-03 23:00:00,372.3,9.4,0
2016-09-04 00:00:00,249.4,9.4,0
2016-09-04 01:00:00,312.4,9.4,0
2016-09-04 02:00:00,344.9,9.4,0
2016-09-04 03:00:00,340.7,9.4,0
2016-09-04 04:00:00,444.3,9.4,0
2016-09-04 05:00:00,545.9,8.9,0
2016-09-04 06:00:00,454.7,9.4,0
2016-09-04 07:00:00,562.6,11.1,0
2016-09-04 08:00:00,544.4,14.4,0
2016-09-04 09:00:00,455.7,17.8,0
2016-09-04 10:00:00,358.7,20.0,0
2016-09-04 11:00:00,202.2,22.2,0
2016-09-04 12:00:00,186.9,23.9,0
2016-09-04 13:00:00,234.5,23.9,0
2016-09-04 14:00:00,161.3,25.6,0
2016-09-04 15:00:00,254.6,26.1,0
2016-09-04 16:00:00,318.3,26.1,0
2016-09-04 17:00:00,218.6,25.6,0
2016-09-04 18:00:00,239.8,23.3,0
2016-09-04 19:00:00,202.5,17.2,0
2016-09-04 20:00:00,167.4,16.1,0
2016-09-04 21:00:00,227.9,14.4,0
2016-09-04 22:00:00,196.7,16.1,0
2016-09-04 23:00:00,215.0,13.9,0
2016-09-05 00:00:00,245.1,15.0,0
2016-09-05 01:00:00,254.1,14.4,0
2016-09-05 02:00:00,285.5,13.9,0
2016-09-05 03:00:00,273.0,13.3,0
2016-09-05 04:00:00,210.0,12.8,0
2016-09-05 05:00:00,255.8,12.8,0
2016-09-05 06:00:00,347.7,12.8,0
2016-09-05 07:00:00,438.0,14.4,0
2016-09-05 08:00:00,430.5,18.0,0
2016-09-05 09:00:00,351.3,21.7,0
2016-09-05 10:00:00,232.6,23.9,0
2016-09-05 11:00:00,291.2,25.6,0
2016-09-05 12:00:00,181.4,27.2,0
2016-09-05 13:00:00,286.1,27.2,0
2016-09-05 14:00:00,196.1,27.2,0
2016-09-05 15:00:00,204.6,27.2,0
2016-09-05 16:00:00,186.6,27.2,0
2016-09-05 17:00:00,286.7,26.1,0
2016-09-05 18:00:00,266.6,24.4,0
2016-09-05 19:00:00,222.7,18.9,0
2016-09-05 20:00:00,169.0,20.6,0
2016-09-05 21:00:00,169.9,15.0,0
2016-09-05 22:00:00,284.3,13.3,0
2016-09-05 23:00:00,288.9,13.3,0
2016-09-06 00:00:00,229.4,12.8,0
2016-09-06 01:00:00,249.3,13.9,0
2016-09-06 02:00:00,247.6,10.6,0
2016-09-06 03:00:00,158.8,10.6,0
2016-09-06 04:00:00,139.6,10.6,0
2016-09-06 05:00:00,325.0,11.7,0
2016-09-06 06:00:00,348.8,11.1,0
2016-09-06 07:00:00,468.7,13.9,0
2016-09-06 08:00:00,477.3,17.8,0
2016-09-06 09:00:00,398.5,20.0,0
2016-09-06 10:00:00,206.8,22.8,0
2016-09-06 11:00:00,294.7,23.9,0
2016-09-06 12:00:00,117.0,26.1,0
2016-09-06 13:00:00,281.4,26.7,0
2016-09-06 14:00:00,174.3,27.2,0
2016-09-06 15:00:00,241.9,27.2,0
2016-09-06 16:00:00,221.7,27.2,0
2016-09-06 17:00:00,272.3,26.7,0
2016-09-06 18:00:00,246.9,25.0,0
2016-09-06 19:00:00,258.5,19.4,0
2016-09-06 20:00:00,329.2,17.8,0
2016-09-06 21:00:00,228.3,17.8,0
2016-09-06 22:00:00,273.2,17.2,0
2016-09-06 23:00:00,206.2,16.7,0
2016-09-07 00:00:00,244.8,15.6,0
2016-09-07 01:00:00,157.5,15.0,0
2016-09-07 02:00:00,112.2,14.4,0
2016-09-07 03:00:00,221.9,13.3,0
2016-09-07 04:00:00,197.5,13.9,0
2016-09-07 05:00:00,247.1,13.9,0
2016-09-07 06:00:00,254.3,13.9,0
2016-09-07 07:00:00,400.4,15.6,0
2016-09-07 08:00:00,375.4,19.4,0
2016-09-07 09:00:00,359.3,23.3,0
2016-09-07 10:00:00,237.3,27.2,0
2016-09-07 11:00:00,266.9,28.0,0
2016-09-07 12:00:00,152.6,29.4,0
2016-09-07 13:00:00,148.3,30.0,0
2016-09-07 14:00:00,261.8,30.0,0
2016-09-07 15:00:00,171.6,30.6,0
2016-09-07 16:00:00,249.5,30.6,0
2016-09-07 17:00:00,259.6,30.0,0
2016-09-07 18:00:00,317.7,25.6,0
2016-09-07 19:00:00,124.3,23.9,0
2016-09-07 20:00:00,279.3,23.3,0
2016-09-07 21:00:00,145.7,23.9,0
2016-09-07 22:00:00,138.0,22.8,0
2016-09-07 23:00:00,294.3,21.1,0
2016-09-08 00:00:00,305.5,20.6,0
2016-09-08 01:00:00,124.7,20.0,0
2016-09-08 02:00:00,189.6,20.0,0
2016-09-08 03:00:00,181.2,20.0,0
2016-09-08 04:00:00,83.2,19.4,0
2016-09-08 05:00:00,103.9,18.3,0
2016-09-08 06:00:00,158.4,18.9,0
2016-09-08 07:00:00,215.7,21.7,0
2016-09-08 08:00:00,334.3,24.4,0
2016-09-08 09:00:00,359.7,26.7,0
2016-09-08 10:00:00,277.2,28.3,0
2016-09-08 11:00:00,146.0,29.4,0
2016-09-08 12:00:00,230.6,30.0,0
2016-09-08 13:00:00,180.3,30.0,0
2016-09-08 14:00:00,112.5,31.7,0
2016-09-08 15:00:00,113.3,30.6,0
2016-09-08 16:00:00,247.8,22.8,0
2016-09-08 17:00:00,127.1,23.9,0
2016-09-08 18:00:00,115.2,22.8,0
2016-09-08 19:00:00,315.6,23.3,0
2016-09-08 20:00:00,204.8,22.8,0
2016-09-08 21:00:00,259.3,22.8,0
2016-09-08 22:00:00,154.5,22.8,0
2016-09-08 23:00:00,120.5,22.8,0
2016-09-09 00:00:00,219.9,22.8,0
2016-09-09 01:00:00,152.1,22.2,0
2016-09-09 02:00:00,90.6,22.8,0
2016-09-09 03:00:00,92.7,22.2,0
2016-09-09 04:00:00,241.6,22.2,0
2016-09-09 05:00:00,120.5,22.2,0
2016-09-09 06:00:00,182.6,21.7,0
2016-09-09 07:00:00,213.8,21.7,0
2016-09-09 08:00:00,135.8,22.2,0
2016-09-09 09:00:00,299.4,23.3,0
2016-09-09 10:00:00,137.9,23.9,0
2016-09-09 11:00:00,232.3,23.9,0
2016-09-09 12:00:00,152.9,24.4,0
2016-09-09 13:00:00,122.9,24.4,0
2016-09-09 14:00:00,253.6,25.0,0
2016-09-09 15:00:00,164.4,24.4,0
2016-09-09 16:00:00,117.4,25.0,0
2016-09-09 17:00:00,273.4,26.1,0
2016-09-09 18:00:00,341.4,23.9,0
2016-09-09 19:00:00,163.9,22.2,0
2016-09-09 20:00:00,195.0,20.0,0
2016-09-09 21:00:00,200.4,20.3,0
2016-09-09 22:00:00,102.2,20.6,0
2016-09-09 23:00:00,120.5,18.9,0
2016-09-10 00:00:00,240.6,18.9,0
2016-09-10 01:00:00,99.7,19.4,0
2016-09-10 02:00:00,272.9,19.4,0
2016-09-10 03:00:00,104.8,19.4,0
2016-09-10 04:00:00,287.6,20.0,0
2016-09-10 05:00:00,82.6,20.0,0
2016-09-10 06:00:00,95.3,20.0,0
2016-09-10 07:00:00,234.0,20.6,0
2016-09-10 08:00:00,122.8,21.7,0
2016-09-10 09:00:00,127.4,21.7,0
2016-09-10 10:00:00,265.5,24.4,0
2016-09-10 11:00:00,278.3,26.7,0
2016-09-10 12:00:00,138.4,27.8,0
2016-09-10 13:00:00,221.7,27.8,0
2016-09-10 14:00:00,214.2,29.4,0
2016-09-10 15:00:00,131.1,29.4,0
2016-09-10 16:00:00,119.5,29.4,0
2016-09-10 17:00:00,173.6,28.9,0
2016-09-10 18:00:00,199.1,28.3,0
2016-09-10 19:00:00,233.1,27.2,0
2016-09-10 20:00:00,158.0,27.0,0
2016-09-10 21:00:00,286.8,26.1,0
2016-09-10 22:00:00,125.3,25.6,0
2016-09-10 23:00:00,126.4,25.6,0
2016-09-11 00:00:00,150.6,25.0,0
2016-09-11 01:00:00,211.1,23.9,0
2016-09-11 02:00:00,93.0,22.8,0
2016-09-11 03:00:00,242.6,18.9,0
2016-09-11 04:00:00,137.9,16.7,0
2016-09-11 05:00:00,187.2,15.6,0
2016-09-11 06:00:00,201.3,15.6,0
2016-09-11 07:00:00,83.0,16.7,0
2016-09-11 08:00:00,287.2,17.2,0
2016-09-11 09:00:00,144.5,17.8,0
2016-09-11 10:00:00,273.5,18.9,0
2016-09-11 11:00:00,299.3,20.0,0
2016-09-11 12:00:00,191.7,20.0,0
2016-09-11 13:00:00,246.5,20.6,0
2016-09-11 14:00:00,98.7,20.0,0
2016-09-11 15:00:00,322.9,20.6,0
2016-09-11 16:00:00,285.7,20.6,0
2016-09-11 17:00:00,252.6,20.0,0
2016-09-11 18:00:00,245.3,17.8,0
2016-09-11 19:00:00,163.8,14.4,0
2016-09-11 20:00:00,210.1,12.2,0
2016-09-11 21:00:00,205.9,11.7,0
2016-09-11 22:00:00,263.3,10.0,0
2016-09-11 23:00:00,343.6,9.4,0
2016-09-12 00:00:00,265.6,9.4,0
2016-09-12 01:00:00,276.8,9.4,0
2016-09-12 02:00:00,380.3,9.4,0
2016-09-12 03:00:00,407.5,8.9,0
2016-09-12 04:00:00,504.2,8.9,0
2016-09-12 05:00:00,436.9,8.3,0
2016-09-12 06:00:00,477.3,8.3,0
2016-09-12 07:00:00,520.9,10.0,0
2016-09-12 08:00:00,564.9,14.4,0
2016-09-12 09:00:00,459.7,17.8,0
2016-09-12 10:00:00,304.8,20.0,0
2016-09-12 11:00:00,126.9,21.1,0
2016-09-12 12:00:00,241.5,22.2,0
2016-09-12 13:00:00,180.0,22.8,0
2016-09-12 14:00:00,130.9,23.3,0
2016-09-12 15:00:00,275.8,23.3,0
2016-09-12 16:00:00,238.2,23.3,0
2016-09-12 17:00:00,245.4,23.3,0
2016-09-12 18:00:00,258.3,21.7,0
2016-09-12 19:00:00,122.7,14.4,0
2016-09-12 20:00:00,238.8,13.3,0
2016-09-12 21:00:00,158.5,12.8,0
2016-09-12 22:00:00,268.8,15.0,0
2016-09-12 23:00:00,276.0,10.6,0
2016-09-13 00:00:00,217.7,10.0,0
2016-09-13 01:00:00,264.0,10.6,0
2016-09-13 02:00:00,184.2,11.1,0
2016-09-13 03:00:00,283.9,10.6,0
2016-09-13 04:00:00,245.6,10.6,0
2016-09-13 05:00:00,299.7,10.6,0
2016-09-13 06:00:00,413.2,10.6,0
2016-09-13 07:00:00,339.7,15.6,0
2016-09-13 08:00:00,474.9,17.8,0
2016-09-13 09:00:00,376.7,20.0,0
2016-09-13 10:00:00,192.4,22.2,0
2016-09-13 11:00:00,123.4,24.4,0
2016-09-13 12:00:00,290.9,26.1,0
2016-09-13 13:00:00,133.9,27.2,0
2016-09-13 14:00:00,126.4,27.2,0
2016-09-13 15:00:00,212.7,27.8,0
2016-09-13 16:00:00,193.4,27.8,0
2016-09-13 17:00:00,293.6,27.8,0
2016-09-13 18:00:00,196.8,26.7,0
2016-09-13 19:00:00,223.1,20.6,0
2016-09-13 20:00:00,169.8,17.8,0
2016-09-13 21:00:00,250.6,16.7,0
2016-09-13 22:00:00,173.5,15.6,0
2016-09-13 23:00:00,293.0,15.6,0
2016-09-14 00:00:00,211.8,14.4,0
2016-09-14 01:00:00,185.1,13.3,0
2016-09-14 02:00:00,199.4,13.9,0
2016-09-14 03:00:00,196.0,14.4,0
2016-09-14 04:00:00,92.7,16.1,0
2016-09-14 05:00:00,171.8,14.4,0
2016-09-14 06:00:00,197.2,14.4,0
2016-09-14 07:00:00,299.4,17.2,0
2016-09-14 08:00:00,279.9,20.6,0
2016-09-14 09:00:00,317.4,21.7,0
2016-09-14 10:00:00,249.2,22.2,0
2016-09-14 11:00:00,119.8,20.6,0
2016-09-14 12:00:00,308.4,19.4,0
2016-09-14 13:00:00,168.8,19.4,0
2016-09-14 14:00:00,250.6,20.6,0
2016-09-14 15:00:00,201.1,19.4,0
2016-09-14 16:00:00,325.1,18.9,0
2016-09-14 17:00:00,294.7,17.8,0
2016-09-14 18:00:00,296.5,16.7,0
2016-09-14 19:00:00,265.0,13.9,0
2016-09-14 20:00:00,186.8,12.8,0
2016-09-14 21:00:00,255.9,10.6,0
2016-09-14 22:00:00,310.2,10.0,0
2016-09-14 23:00:00,361.3,11.1,0
2016-09-15 00:00:00,460.0,8.9,0
2016-09-15 01:00:00,355.1,6.7,0
2016-09-15 02:00:00,432.5,6.1,0
2016-09-15 03:00:00,381.7,6.1,0
2016-09-15 04:00:00,489.2,5.0,0
2016-09-15 05:00:00,433.9,4.4,0
2016-09-15 06:00:00,603.3,5.0,0
2016-09-15 07:00:00,760.9,6.7,0
2016-09-15 08:00:00,746.1,9.4,0
2016-09-15 09:00:00,708.7,12.8,0
2016-09-15 10:00:00,525.2,15.0,0
2016-09-15 11:00:00,324.9,16.7,0
2016-09-15 12:00:00,266.6,18.3,0
2016-09-15 13:00:00,220.0,18.9,0
2016-09-15 14:00:00,247.5,19.4,0
2016-09-15 15:00:00,287.6,20.6,0
2016-09-15 16:00:00,271.0,20.6,0
2016-09-15 17:00:00,161.1,19.4,0
2016-09-15 18:00:00,315.0,16.1,0
2016-09-15 19:00:00,191.8,12.2,0
2016-09-15 20:00:00,323.9,10.6,0
2016-09-15 21:00:00,329.4,8.9,0
2016-09-15 22:00:00,466.4,9.4,0
2016-09-15 23:00:00,474.2,9.4,0
2016-09-16 00:00:00,527.7,8.3,0
2016-09-16 01:00:00,468.6,7.8,0
2016-09-16 02:00:00,477.1,7.5,0
2016-09-16 03:00:00,472.7,7.2,0
2016-09-16 04:00:00,466.4,6.7,0
2016-09-16 05:00:00,497.3,7.2,0
2016-09-16 06:00:00,572.4,7.2,0
2016-09-16 07:00:00,622.2,9.4,0
2016-09-16 08:00:00,634.3,13.9,0
2016-09-16 09:00:00,565.5,16.7,0
2016-09-16 10:00:00,420.3,18.9,0
2016-09-16 11:00:00,196.9,20.6,0
2016-09-16 12:00:00,145.9,22.2,0
2016-09-16 13:00:00,149.6,23.3,0
2016-09-16 14:00:00,299.0,23.9,0
2016-09-16 15:00:00,216.5,24.4,0
2016-09-16 16:00:00,291.7,23.9,0
2016-09-16 17:00:00,290.3,22.8,0
2016-09-16 18:00:00,200.1,20.6,0
2016-09-16 19:00:00,293.6,18.3,0
2016-09-16 20:00:00,144.8,17.8,0
2016-09-16 21:00:00,276.4,16.7,0
2016-09-16 22:00:00,140.3,16.7,0
2016-09-16 23:00:00,244.3,17.2,0
2016-09-17 00:00:00,189.4,16.1,0
2016-09-17 01:00:00,230.4,16.1,0
2016-09-17 02:00:00,173.4,16.1,0
2016-09-17 03:00:00,232.1,15.0,0
2016-09-17 04:00:00,169.4,15.0,0
2016-09-17 05:00:00,272.2,14.4,0
2016-09-17 06:00:00,167.1,14.4,0
2016-09-17 07:00:00,298.2,15.0,0
2016-09-17 08:00:00,158.1,16.7,0
2016-09-17 09:00:00,276.1,18.9,0
2016-09-17 10:00:00,290.6,21.1,0
2016-09-17 11:00:00,258.8,22.8,0
2016-09-17 12:00:00,282.8,22.2,0
2016-09-17 13:00:00,230.3,22.2,0
2016-09-17 14:00:00,254.8,21.7,0
2016-09-17 15:00:00,178.5,20.6,0
2016-09-17 16:00:00,209.6,20.6,0
2016-09-17 17:00:00,300.4,20.6,0
2016-09-17 18:00:00,352.2,20.0,0
2016-09-17 19:00:00,266.1,20.0,0
2016-09-17 20:00:00,207.6,20.0,0
2016-09-17 21:00:00,183.7,20.0,0
2016-09-17 22:00:00,241.7,20.0,0
2016-09-17 23:00:00,118.8,20.0,0
2016-09-18 00:00:00,163.6,21.1,0
2016-09-18 01:00:00,244.9,18.9,0
2016-09-18 02:00:00,197.0,18.9,0
2016-09-18 03:00:00,227.3,18.9,0
2016-09-18 04:00:00,295.5,18.9,0
2016-09-18 05:00:00,101.6,19.4,0
2016-09-18 06:00:00,278.1,18.9,0
2016-09-18 07:00:00,112.1,19.4,0
2016-09-18 08:00:00,261.0,21.1,0
2016-09-18 09:00:00,194.5,21.7,0
2016-09-18 10:00:00,179.0,22.2,0
2016-09-18 11:00:00,270.9,23.9,0
2016-09-18 12:00:00,251.1,24.4,0
2016-09-18 13:00:00,204.0,24.4,0
2016-09-18 14:00:00,307.8,24.4,0
2016-09-18 15:00:00,201.8,26.7,0
2016-09-18 16:00:00,107.4,25.6,0
2016-09-18 17:00:00,240.1,24.4,0
2016-09-18 18:00:00,172.8,22.2,0
2016-09-18 19:00:00,112.5,20.6,0
2016-09-18 20:00:00,287.1,20.6,0
2016-09-18 21:00:00,167.7,20.0,0
2016-09-18 22:00:00,276.5,18.9,0
2016-09-18 23:00:00,151.6,18.9,0
2016-09-19 00:00:00,347.1,18.9,0
2016-09-19 01:00:00,215.7,18.9,0
2016-09-19 02:00:00,208.7,18.3,0
2016-09-19 03:00:00,220.9,17.8,0
2016-09-19 04:00:00,191.1,17.2,0
2016-09-19 05:00:00,144.8,16.7,0
2016-09-19 06:00:00,262.0,16.7,0
2016-09-19 07:00:00,158.0,17.2,0
2016-09-19 08:00:00,333.9,19.4,0
2016-09-19 09:00:00,324.5,20.5,0
2016-09-19 10:00:00,329.0,21.7,0
2016-09-19 11:00:00,179.4,22.2,0
2016-09-19 12:00:00,170.3,22.8,0
2016-09-19 13:00:00,282.8,23.9,0
2016-09-19 14:00:00,133.9,24.4,0
2016-09-19 15:00:00,238.4,25.0,0
2016-09-19 16:00:00,159.4,25.0,0
2016-09-19 17:00:00,225.6,24.4,0
2016-09-19 18:00:00,216.9,21.1,0
2016-09-19 19:00:00,269.6,17.8,0
2016-09-19 20:00:00,220.7,16.7,0
2016-09-19 21:00:00,257.9,17.2,0
2016-09-19 22:00:00,160.1,16.1,0
2016-09-19 23:00:00,357.4,16.1,0
2016-09-20 00:00:00,156.5,15.6,0
2016-09-20 01:00:00,300.6,15.0,0
2016-09-20 02:00:00,138.9,15.0,0
2016-09-20 03:00:00,220.8,14.4,0
2016-09-20 04:00:00,207.7,14.4,0
2016-09-20 05:00:00,191.4,13.9,0
2016-09-20 06:00:00,293.4,13.9,0
2016-09-20 07:00:00,314.0,15.0,0
2016-09-20 08:00:00,375.1,18.9,0
2016-09-20 09:00:00,393.3,22.2,0
2016-09-20 10:00:00,275.4,23.9,0
2016-09-20 11:00:00,263.5,26.1,0
2016-09-20 12:00:00,154.6,27.2,0
2016-09-20 13:00:00,160.4,27.8,0
2016-09-20 14:00:00,124.8,28.3,0
2016-09-20 15:00:00,298.9,28.3,0
2016-09-20 16:00:00,173.5,27.8,0
2016-09-20 17:00:00,239.1,27.2,0
2016-09-20 18:00:00,304.2,22.2,0
2016-09-20 19:00:00,236.9,21.1,0
2016-09-20 20:00:00,299.2,20.6,0
2016-09-20 21:00:00,208.8,16.7,0
2016-09-20 22:00:00,208.6,15.6,0
2016-09-20 23:00:00,128.0,15.0,0
2016-09-21 00:00:00,292.6,14.4,0
2016-09-21 01:00:00,141.2,13.9,0
2016-09-21 02:00:00,236.1,13.3,0
2016-09-21 03:00:00,145.7,12.7,0
2016-09-21 04:00:00,298.5,12.1,0
2016-09-21 05:00:00,221.5,11.6,0
2016-09-21 06:00:00,289.5,11.0,0
2016-09-21 07:00:00,443.2,12.2,0
2016-09-21 08:00:00,447.5,15.6,0
2016-09-21 09:00:00,492.8,18.9,0
2016-09-21 10:00:00,273.0,21.1,0
2016-09-21 11:00:00,219.1,23.3,0
2016-09-21 12:00:00,210.6,24.4,0
2016-09-21 13:00:00,166.3,25.0,0
2016-09-21 14:00:00,215.5,25.6,0
2016-09-21 15:00:00,232.8,25.0,0
2016-09-21 16:00:00,233.3,25.0,0
2016-09-21 17:00:00,338.3,23.9,0
2016-09-21 18:00:00,227.9,18.9,0
2016-09-21 19:00:00,283.6,15.6,0
2016-09-21 20:00:00,111.6,15.0,0
2016-09-21 21:00:00,270.6,14.4,0
2016-09-21 22:00:00,208.5,14.4,0
2016-09-21 23:00:00,260.5,13.9,0
2016-09-22 00:00:00,230.2,12.8,0
2016-09-22 01:00:00,238.6,12.2,0
2016-09-22 02:00:00,287.5,12.2,0
2016-09-22 03:00:00,338.1,11.7,0
2016-09-22 04:00:00,275.7,12.8,0
2016-09-22 05:00:00,322.1,12.2,0
2016-09-22 06:00:00,323.3,12.8,0
2016-09-22 07:00:00,415.3,12.2,0
2016-09-22 08:00:00,432.9,17.8,0
2016-09-22 09:00:00,415.2,21.1,0
2016-09-22 10:00:00,251.9,23.9,0
2016-09-22 11:00:00,283.4,25.0,0
2016-09-22 12:00:00,118.7,26.7,0
2016-09-22 13:00:00,157.4,27.2,0
2016-09-22 14:00:00,212.9,28.3,0
2016-09-22 15:00:00,236.5,29.0,0
2016-09-22 16:00:00,266.2,29.0,0
2016-09-22 17:00:00,197.1,27.0,0
2016-09-22 18:00:00,245.5,22.8,0
2016-09-22 19:00:00,294.0,20.6,0
2016-09-22 20:00:00,215.3,16.1,0
2016-09-22 21:00:00,233.9,18.3,0
2016-09-22 22:00:00,216.0,20.0,0
2016-09-22 23:00:00,304.5,20.0,0
2016-09-23 00:00:00,241.3,20.6,0
2016-09-23 01:00:00,122.2,19.4,0
2016-09-23 02:00:00,263.3,18.9,0
2016-09-23 03:00:00,108.0,18.9,0
2016-09-23 04:00:00,95.7,19.4,0
2016-09-23 05:00:00,145.7,19.4,0
2016-09-23 06:00:00,232.8,17.8,0
2016-09-23 07:00:00,233.9,17.0,0
2016-09-23 08:00:00,282.3,19.4,0
2016-09-23 09:00:00,361.0,22.2,0
2016-09-23 10:00:00,274.2,22.8,0
2016-09-23 11:00:00,187.7,22.8,0
2016-09-23 12:00:00,268.5,21.1,0
2016-09-23 13:00:00,149.4,19.4,0
2016-09-23 14:00:00,249.1,18.9,0
2016-09-23 15:00:00,181.8,18.3,0
2016-09-23 16:00:00,325.6,17.8,0
2016-09-23 17:00:00,388.2,16.1,0
2016-09-23 18:00:00,284.0,15.0,0
2016-09-23 19:00:00,339.0,14.2,0
2016-09-23 20:00:00,233.4,13.3,0
2016-09-23 21:00:00,315.6,13.3,0
2016-09-23 22:00:00,308.8,12.8,0
2016-09-23 23:00:00,315.7,12.2,0
2016-09-24 00:00:00,320.3,11.7,0
2016-09-24 01:00:00,305.3,11.7,0
2016-09-24 02:00:00,439.7,9.4,0
2016-09-24 03:00:00,394.7,8.3,0
2016-09-24 04:00:00,432.0,6.7,0
2016-09-24 05:00:00,451.5,6.7,0
2016-09-24 06:00:00,462.0,6.7,0
2016-09-24 07:00:00,598.7,7.8,0
2016-09-24 08:00:00,560.4,9.9,0
2016-09-24 09:00:00,562.7,12.0,0
2016-09-24 10:00:00,555.1,15.0,0
2016-09-24 11:00:00,413.4,15.6,0
2016-09-24 12:00:00,312.3,16.1,0
2016-09-24 13:00:00,276.6,16.7,0
2016-09-24 14:00:00,308.2,17.2,0
2016-09-24 15:00:00,272.3,15.6,0
2016-09-24 16:00:00,277.2,16.1,0
2016-09-24 17:00:00,267.0,14.4,0
2016-09-24 18:00:00,318.5,12.8,0
2016-09-24 19:00:00,339.6,7.8,0
2016-09-24 20:00:00,402.7,5.6,0
2016-09-24 21:00:00,508.3,6.1,0
2016-09-24 22:00:00,605.5,5.0,0
2016-09-24 23:00:00,750.6,3.9,0
2016-09-25 00:00:00,599.5,3.9,0
2016-09-25 01:00:00,604.1,3.3,0
2016-09-25 02:00:00,623.5,4.4,0
2016-09-25 03:00:00,625.2,3.9,0
2016-09-25 04:00:00,618.5,2.2,0
2016-09-25 05:00:00,622.7,1.7,0
2016-09-25 06:00:00,773.9,2.2,0
2016-09-25 07:00:00,767.8,4.4,0
2016-09-25 08:00:00,819.7,7.8,0
2016-09-25 09:00:00,786.1,10.6,0
2016-09-25 10:00:00,640.9,12.8,0
2016-09-25 11:00:00,460.0,13.9,0
2016-09-25 12:00:00,509.4,15.6,0
2016-09-25 13:00:00,348.5,15.6,0
2016-09-25 14:00:00,349.9,16.1,0
2016-09-25 15:00:00,309.3,16.7,0
2016-09-25 16:00:00,324.6,16.1,0
2016-09-25 17:00:00,298.0,15.6,0
2016-09-25 18:00:00,344.4,10.6,0
2016-09-25 19:00:00,358.9,8.3,0
2016-09-25 20:00:00,533.5,7.2,0
2016-09-25 21:00:00,658.8,8.3,0
2016-09-25 22:00:00,659.8,7.8,0
2016-09-25 23:00:00,717.3,6.1,0
2016-09-26 00:00:00,703.8,5.6,0
2016-09-26 01:00:00,664.2,5.6,0
2016-09-26 02:00:00,720.6,6.7,0
2016-09-26 03:00:00,689.8,5.6,0
2016-09-26 04:00:00,647.0,6.7,0
2016-09-26 05:00:00,631.5,8.9,0
2016-09-26 06:00:00,649.0,8.3,0
2016-09-26 07:00:00,655.4,9.4,0
2016-09-26 08:00:00,696.1,12.2,0
2016-09-26 09:00:00,679.4,13.3,0
2016-09-26 10:00:00,619.9,16.7,0
2016-09-26 11:00:00,285.4,18.9,0
2016-09-26 12:00:00,278.3,19.4,0
2016-09-26 13:00:00,153.2,20.0,0
2016-09-26 14:00:00,278.0,19.4,0
2016-09-26 15:00:00,227.6,19.4,0
2016-09-26 16:00:00,316.6,18.9,0
2016-09-26 17:00:00,220.5,17.8,0
2016-09-26 18:00:00,396.9,17.2,0
2016-09-26 19:00:00,231.8,16.1,0
2016-09-26 20:00:00,300.5,14.4,0
2016-09-26 21:00:00,275.9,14.4,0
2016-09-26 22:00:00,316.7,14.4,0
2016-09-26 23:00:00,349.5,14.4,0
2016-09-27 00:00:00,367.7,15.0,0
2016-09-27 01:00:00,263.5,15.0,0
2016-09-27 02:00:00,238.2,14.4,0
2016-09-27 03:00:00,166.2,10.0,0
2016-09-27 04:00:00,329.5,8.9,0
2016-09-27 05:00:00,382.4,7.8,0
2016-09-27 06:00:00,526.6,10.0,0
2016-09-27 07:00:00,662.6,10.0,0
2016-09-27 08:00:00,736.4,13.9,0
2016-09-27 09:00:00,615.0,15.6,0
2016-09-27 10:00:00,382.5,17.8,0
2016-09-27 11:00:00,198.0,18.9,0
2016-09-27 12:00:00,256.7,20.0,0
2016-09-27 13:00:00,192.5,20.6,0
2016-09-27 14:00:00,295.4,20.0,0
2016-09-27 15:00:00,278.1,21.1,0
2016-09-27 16:00:00,280.3,20.6,0
2016-09-27 17:00:00,285.0,18.9,0
2016-09-27 18:00:00,212.1,13.3,0
2016-09-27 19:00:00,318.7,10.6,0
2016-09-27 20:00:00,399.1,11.1,0
2016-09-27 21:00:00,443.2,11.7,0
2016-09-27 22:00:00,529.6,10.6,0
2016-09-27 23:00:00,535.9,10.0,0
2016-09-28 00:00:00,593.0,9.4,0
2016-09-28 01:00:00,449.5,8.9,0
2016-09-28 02:00:00,555.8,9.4,0
2016-09-28 03:00:00,502.8,8.9,0
2016-09-28 04:00:00,535.5,8.9,0
2016-09-28 05:00:00,521.3,8.3,0
2016-09-28 06:00:00,613.1,8.3,0
2016-09-28 07:00:00,656.3,10.0,0
2016-09-28 08:00:00,704.8,13.3,0
2016-09-28 09:00:00,723.5,17.2,0
2016-09-28 10:00:00,460.4,20.0,0
2016-09-28 11:00:00,307.9,21.1,0
2016-09-28 12:00:00,132.9,22.2,0
2016-09-28 13:00:00,146.3,22.8,0
2016-09-28 14:00:00,220.8,22.2,0
2016-09-28 15:00:00,253.2,20.0,0
2016-09-28 16:00:00,332.3,20.0,0
2016-09-28 17:00:00,348.2,18.3,0
2016-09-28 18:00:00,279.2,16.7,0
2016-09-28 19:00:00,287.6,15.6,0
2016-09-28 20:00:00,193.8,13.3,0
2016-09-28 21:00:00,336.8,13.3,0
2016-09-28 22:00:00,386.4,14.4,0
2016-09-28 23:00:00,376.9,13.3,0
2016-09-29 00:00:00,229.6,12.8,0
2016-09-29 01:00:00,259.3,13.3,0
2016-09-29 02:00:00,243.6,13.3,0
2016-09-29 03:00:00,297.3,13.0,0
2016-09-29 04:00:00,248.5,12.8,0
2016-09-29 05:00:00,433.6,11.7,0
2016-09-29 06:00:00,553.5,11.1,0
2016-09-29 07:00:00,576.5,11.1,0
2016-09-29 08:00:00,681.5,11.7,0
2016-09-29 09:00:00,749.6,12.8,0
2016-09-29 10:00:00,571.1,12.8,0
2016-09-29 11:00:00,572.3,13.3,0
2016-09-29 12:00:00,531.4,13.9,0
2016-09-29 13:00:00,496.1,13.9,0
2016-09-29 14:00:00,380.9,14.4,0
2016-09-29 15:00:00,393.2,14.4,0
2016-09-29 16:00:00,386.5,14.4,0
2016-09-29 17:00:00,443.3,14.4,0
2016-09-29 18:00:00,433.6,12.8,0
2016-09-29 19:00:00,490.8,12.2,0
2016-09-29 20:00:00,386.4,11.7,0
2016-09-29 21:00:00,452.0,11.1,0
2016-09-29 22:00:00,430.6,11.7,0
2016-09-29 23:00:00,452.4,11.7,0
2016-09-30 00:00:00,375.2,11.7,0
2016-09-30 01:00:00,427.9,12.8,0
2016-09-30 02:00:00,436.3,11.1,0
2016-09-30 03:00:00,366.4,11.7,0
2016-09-30 04:00:00,314.0,11.7,0
2016-09-30 05:00:00,337.0,11.1,0
2016-09-30 06:00:00,604.7,10.6,0
2016-09-30 07:00:00,643.6,11.1,0
2016-09-30 08:00:00,671.8,11.1,0
2016-09-30 09:00:00,697.2,11.1,0
2016-09-30 10:00:00,630.9,12.2,0
2016-09-30 11:00:00,589.2,12.8,0
2016-09-30 12:00:00,415.1,13.9,0
2016-09-30 13:00:00,434.2,13.9,0
2016-09-30 14:00:00,398.1,13.9,0
2016-09-30 15:00:00,375.1,12.2,0
2016-09-30 16:00:00,507.3,11.7,0
2016-09-30 17:00:00,646.6,11.1,0
2016-09-30 18:00:00,684.9,10.6,0
2016-09-30 19:00:00,674.5,10.6,0
2016-09-30 20:00:00,571.2,10.6,0
2016-09-30 21:00:00,609.8,10.6,0
2016-09-30 22:00:00,517.4,10.6,0
2016-09-30 23:00:00,522.6,10.6,0
2016-10-01 00:00:00,557.9,10.6,0
2016-10-01 01:00:00,523.3,10.6,0
2016-10-01 02:00:00,498.7,10.6,0
2016-10-01 03:00:00,496.0,10.6,0
2016-10-01 04:00:00,479.5,10.6,0
2016-10-01 05:00:00,437.9,11.1,0
2016-10-01 06:00:00,480.9,11.1,0
2016-10-01 07:00:00,520.3,11.7,0
2016-10-01 08:00:00,451.9,12.2,0
2016-10-01 09:00:00,549.3,13.9,0
2016-10-01 10:00:00,475.5,15.0,0
2016-10-01 11:00:00,476.0,15.0,0
2016-10-01 12:00:00,426.0,15.0,0
2016-10-01 13:00:00,405.4,15.6,0
2016-10-01 14:00:00,466.4,16.1,0
2016-10-01 15:00:00,274.2,17.2,0
2016-10-01 16:00:00,273.2,17.2,0
2016-10-01 17:00:00,324.8,16.7,0
2016-10-01 18:00:00,310.7,16.1,0
2016-10-01 19:00:00,324.7,15.0,0
2016-10-01 20:00:00,420.3,15.0,0
2016-10-01 21:00:00,361.9,15.0,0
2016-10-01 22:00:00,395.4,15.0,0
2016-10-01 23:00:00,261.6,15.0,0
2016-10-02 00:00:00,354.0,14.4,0
2016-10-02 01:00:00,416.2,14.4,0
2016-10-02 02:00:00,337.4,14.4,0
2016-10-02 03:00:00,309.0,13.9,0
2016-10-02 04:00:00,320.3,13.9,0
2016-10-02 05:00:00,334.3,13.9,0
2016-10-02 06:00:00,380.1,13.9,0
2016-10-02 07:00:00,330.0,13.9,0
2016-10-02 08:00:00,426.7,14.4,0
2016-10-02 09:00:00,460.1,15.6,0
2016-10-02 10:00:00,433.0,16.7,0
2016-10-02 11:00:00,429.7,18.3,0
2016-10-02 12:00:00,323.7,18.9,0
2016-10-02 13:00:00,241.4,19.4,0
2016-10-02 14:00:00,207.4,19.4,0
2016-10-02 15:00:00,285.9,19.4,0
2016-10-02 16:00:00,267.2,18.9,0
2016-10-02 17:00:00,353.3,17.8,0
2016-10-02 18:00:00,303.9,16.7,0
2016-10-02 19:00:00,294.0,16.1,0
2016-10-02 20:00:00,422.0,15.6,0
2016-10-02 21:00:00,298.5,14.4,0
2016-10-02 22:00:00,281.8,14.4,0
2016-10-02 23:00:00,342.1,11.1,0
2016-10-03 00:00:00,299.3,11.7,0
2016-10-03 01:00:00,333.8,10.0,0
2016-10-03 02:00:00,326.6,10.0,0
2016-10-03 03:00:00,438.8,10.6,0
2016-10-03 04:00:00,431.9,12.2,0
2016-10-03 05:00:00,362.8,10.6,0
2016-10-03 06:00:00,367.9,11.7,0
2016-10-03 07:00:00,433.5,13.3,0
2016-10-03 08:00:00,539.2,13.9,0
2016-10-03 09:00:00,580.9,14.4,0
2016-10-03 10:00:00,471.8,16.0,0
2016-10-03 11:00:00,420.7,16.1,0
2016-10-03 12:00:00,281.9,16.7,0
2016-10-03 13:00:00,241.6,17.2,0
2016-10-03 14:00:00,255.7,17.8,0
2016-10-03 15:00:00,245.4,17.2,0
2016-10-03 16:00:00,284.1,17.2,0
2016-10-03 17:00:00,351.4,16.1,0
2016-10-03 18:00:00,299.6,14.4,0
2016-10-03 19:00:00,343.0,14.4,0
2016-10-03 20:00:00,357.4,12.8,0
2016-10-03 21:00:00,349.9,11.1,0
2016-10-03 22:00:00,337.8,10.6,0
2016-10-03 23:00:00,469.4,12.2,0
2016-10-04 00:00:00,463.1,12.8,0
2016-10-04 01:00:00,404.0,12.8,0
2016-10-04 02:00:00,316.9,13.3,0
2016-10-04 03:00:00,209.6,13.3,0
2016-10-04 04:00:00,255.7,13.3,0
2016-10-04 05:00:00,336.7,13.9,0
2016-10-04 06:00:00,324.5,13.9,0
2016-10-04 07:00:00,502.5,14.0,0
2016-10-04 08:00:00,499.4,15.0,0
2016-10-04 09:00:00,555.6,15.0,0
2016-10-04 10:00:00,419.7,15.0,0
2016-10-04 11:00:00,387.1,15.0,0
2016-10-04 12:00:00,325.9,16.7,0
2016-10-04 13:00:00,357.8,17.2,0
2016-10-04 14:00:00,342.8,17.8,0
2016-10-04 15:00:00,300.6,18.9,0
2016-10-04 16:00:00,278.7,18.0,0
2016-10-04 17:00:00,279.9,17.2,0
2016-10-04 18:00:00,297.5,14.4,0
2016-10-04 19:00:00,365.5,13.0,0
2016-10-04 20:00:00,397.5,11.7,0
2016-10-04 21:00:00,422.4,12.8,0
2016-10-04 22:00:00,508.6,12.8,0
2016-10-04 23:00:00,502.1,12.2,0
2016-10-05 00:00:00,539.3,11.1,0
2016-10-05 01:00:00,420.0,10.0,0
2016-10-05 02:00:00,595.1,9.4,0
2016-10-05 03:00:00,465.9,8.9,0
2016-10-05 04:00:00,482.8,6.7,0
2016-10-05 05:00:00,550.4,6.7,0
2016-10-05 06:00:00,676.7,8.3,0
2016-10-05 07:00:00,800.4,10.0,0
2016-10-05 08:00:00,827.4,12.8,0
2016-10-05 09:00:00,715.1,14.4,0
2016-10-05 10:00:00,506.8,16.7,0
2016-10-05 11:00:00,256.2,17.8,0
2016-10-05 12:00:00,289.7,17.0,0
2016-10-05 13:00:00,223.4,20.6,0
2016-10-05 14:00:00,297.1,20.0,0
2016-10-05 15:00:00,332.1,21.7,0
2016-10-05 16:00:00,296.1,20.6,0
2016-10-05 17:00:00,210.5,18.3,0
2016-10-05 18:00:00,366.9,14.4,0
2016-10-05 19:00:00,269.6,11.7,0
2016-10-05 20:00:00,369.1,11.7,0
2016-10-05 21:00:00,464.9,13.3,0
2016-10-05 22:00:00,442.2,10.6,0
2016-10-05 23:00:00,509.6,9.4,0
2016-10-06 00:00:00,479.3,8.3,0
2016-10-06 01:00:00,372.8,7.2,0
2016-10-06 02:00:00,358.8,7.8,0
2016-10-06 03:00:00,503.8,7.2,0
2016-10-06 04:00:00,524.3,8.3,0
2016-10-06 05:00:00,471.1,7.8,0
2016-10-06 06:00:00,591.1,7.8,0
2016-10-06 07:00:00,727.2,7.8,0
2016-10-06 08:00:00,850.4,12.2,0
2016-10-06 09:00:00,769.1,15.0,0
2016-10-06 10:00:00,585.3,16.7,0
2016-10-06 11:00:00,224.2,18.0,0
2016-10-06 12:00:00,265.1,20.6,0
2016-10-06 13:00:00,194.8,21.7,0
2016-10-06 14:00:00,273.4,22.8,0
2016-10-06 15:00:00,306.3,23.3,0
2016-10-06 16:00:00,297.5,23.9,0
2016-10-06 17:00:00,201.2,22.2,0
2016-10-06 18:00:00,248.2,14.4,0
2016-10-06 19:00:00,364.2,12.2,0
2016-10-06 20:00:00,297.5,13.3,0
2016-10-06 21:00:00,436.4,12.2,0
2016-10-06 22:00:00,449.5,11.7,0
2016-10-06 23:00:00,447.4,11.1,0
2016-10-07 00:00:00,485.3,10.6,0
2016-10-07 01:00:00,376.8,10.0,0
2016-10-07 02:00:00,282.0,9.4,0
2016-10-07 03:00:00,620.5,8.9,0
2016-10-07 04:00:00,549.0,8.9,0
2016-10-07 05:00:00,501.8,8.3,0
2016-10-07 06:00:00,615.3,8.0,0
2016-10-07 07:00:00,759.6,8.9,0
2016-10-07 08:00:00,694.9,12.2,0
2016-10-07 09:00:00,766.6,16.7,0
2016-10-07 10:00:00,529.3,18.9,0
2016-10-07 11:00:00,263.5,20.6,0
2016-10-07 12:00:00,170.0,22.2,0
2016-10-07 13:00:00,191.6,23.0,0
2016-10-07 14:00:00,283.5,23.3,0
2016-10-07 15:00:00,280.6,22.2,0
2016-10-07 16:00:00,352.1,22.2,0
2016-10-07 17:00:00,347.5,22.2,0
2016-10-07 18:00:00,219.4,18.9,0
2016-10-07 19:00:00,200.7,18.9,0
2016-10-07 20:00:00,294.1,18.3,0
2016-10-07 21:00:00,235.7,18.9,0
2016-10-07 22:00:00,230.7,17.8,0
2016-10-07 23:00:00,199.8,16.1,0
2016-10-08 00:00:00,313.8,14.4,0
2016-10-08 01:00:00,165.4,14.4,0
2016-10-08 02:00:00,277.2,14.4,0
2016-10-08 03:00:00,197.0,13.9,0
2016-10-08 04:00:00,269.9,13.9,0
2016-10-08 05:00:00,240.8,13.9,0
2016-10-08 06:00:00,366.5,13.9,0
2016-10-08 07:00:00,471.5,14.4,0
2016-10-08 08:00:00,407.0,14.4,0
2016-10-08 09:00:00,395.2,15.6,0
2016-10-08 10:00:00,429.7,15.6,0
2016-10-08 11:00:00,418.6,15.0,0
2016-10-08 12:00:00,417.5,16.1,0
2016-10-08 13:00:00,356.1,16.7,0
2016-10-08 14:00:00,275.7,16.7,0
2016-10-08 15:00:00,245.2,15.0,0
2016-10-08 16:00:00,351.1,15.0,0
2016-10-08 17:00:00,450.4,14.4,0
2016-10-08 18:00:00,456.5,14.4,0
2016-10-08 19:00:00,385.2,13.3,0
2016-10-08 20:00:00,385.0,12.8,0
2016-10-08 21:00:00,444.6,12.2,0
2016-10-08 22:00:00,504.9,11.7,0
2016-10-08 23:00:00,572.6,11.1,0
2016-10-09 00:00:00,599.2,10.0,0
2016-10-09 01:00:00,544.4,10.0,0
2016-10-09 02:00:00,581.6,9.4,0
2016-10-09 03:00:00,588.1,9.4,0
2016-10-09 04:00:00,485.7,9.4,0
2016-10-09 05:00:00,554.6,8.9,0
2016-10-09 06:00:00,606.4,8.3,0
2016-10-09 07:00:00,579.2,8.3,0
2016-10-09 08:00:00,716.3,8.9,0
2016-10-09 09:00:00,761.1,10.6,0
2016-10-09 10:00:00,782.2,11.7,0
2016-10-09 11:00:00,666.9,11.7,0
2016-10-09 12:00:00,619.0,13.3,0
2016-10-09 13:00:00,560.2,13.9,0
2016-10-09 14:00:00,514.4,12.8,0
2016-10-09 15:00:00,605.2,11.1,0
2016-10-09 16:00:00,727.8,10.6,0
2016-10-09 17:00:00,722.1,9.4,0
2016-10-09 18:00:00,778.4,8.9,0
2016-10-09 19:00:00,714.4,8.3,0
2016-10-09 20:00:00,735.9,7.2,0
2016-10-09 21:00:00,839.2,6.7,0
2016-10-09 22:00:00,838.8,5.6,0
2016-10-09 23:00:00,865.0,5.0,0
2016-10-10 00:00:00,848.2,6.1,0
2016-10-10 01:00:00,684.1,5.6,0
2016-10-10 02:00:00,603.1,5.6,0
2016-10-10 03:00:00,756.5,5.0,0
2016-10-10 04:00:00,785.6,5.6,0
2016-10-10 05:00:00,801.3,3.9,0
2016-10-10 06:00:00,1013.1,2.8,0
2016-10-10 07:00:00,1045.2,2.2,0
2016-10-10 08:00:00,1212.2,4.4,0
2016-10-10 09:00:00,1101.9,6.1,0
2016-10-10 10:00:00,967.0,7.2,0
2016-10-10 11:00:00,796.2,8.3,0
2016-10-10 12:00:00,852.9,9.4,0
2016-10-10 13:00:00,742.9,10.6,0
2016-10-10 14:00:00,725.5,10.6,0
2016-10-10 15:00:00,724.9,10.6,0
2016-10-10 16:00:00,628.6,10.6,0
2016-10-10 17:00:00,635.3,8.9,0
2016-10-10 18:00:00,683.4,6.7,0
2016-10-10 19:00:00,842.0,3.3,0
2016-10-10 20:00:00,913.3,2.8,0
2016-10-10 21:00:00,938.9,2.8,0
2016-10-10 22:00:00,948.0,0.0,0
2016-10-10 23:00:00,1006.6,0.0,0
2016-10-11 00:00:00,941.4,0.0,0
2016-10-11 01:00:00,940.5,0.0,0
2016-10-11 02:00:00,972.8,-0.6,0
2016-10-11 03:00:00,1126.7,-0.6,0
2016-10-11 04:00:00,1112.9,-1.1,0
2016-10-11 05:00:00,1132.0,-1.1,0
2016-10-11 06:00:00,1134.6,-1.7,0
2016-10-11 07:00:00,1331.1,-0.6,0
2016-10-11 08:00:00,1387.0,2.2,0
2016-10-11 09:00:00,1385.6,7.8,0
2016-10-11 10:00:00,973.1,12.2,0
2016-10-11 11:00:00,731.1,15.0,0
2016-10-11 12:00:00,564.3,16.7,0
2016-10-11 13:00:00,473.5,17.8,0
2016-10-11 14:00:00,348.9,18.3,0
2016-10-11 15:00:00,195.0,18.9,0
2016-10-11 16:00:00,316.8,16.7,0
2016-10-11 17:00:00,388.3,15.0,0
2016-10-11 18:00:00,426.0,12.2,0
2016-10-11 19:00:00,396.4,12.8,0
2016-10-11 20:00:00,519.8,12.2,0
2016-10-11 21:00:00,554.1,12.8,0
2016-10-11 22:00:00,527.8,12.2,0
2016-10-11 23:00:00,520.2,10.0,0
2016-10-12 00:00:00,581.2,10.6,0
2016-10-12 01:00:00,643.8,10.6,0
2016-10-12 02:00:00,564.9,10.6,0
2016-10-12 03:00:00,486.1,10.0,0
2016-10-12 04:00:00,469.2,10.0,0
2016-10-12 05:00:00,597.1,9.4,0
2016-10-12 06:00:00,645.3,8.9,0
2016-10-12 07:00:00,772.8,8.9,0
2016-10-12 08:00:00,807.3,10.6,0
2016-10-12 09:00:00,822.5,12.8,0
2016-10-12 10:00:00,671.8,14.4,0
2016-10-12 11:00:00,467.5,16.7,0
2016-10-12 12:00:00,265.9,18.3,0
2016-10-12 13:00:00,292.8,20.0,0
2016-10-12 14:00:00,260.5,20.6,0
2016-10-12 15:00:00,253.8,20.6,0
2016-10-12 16:00:00,290.1,20.0,0
2016-10-12 17:00:00,235.1,18.3,0
2016-10-12 18:00:00,350.4,16.1,0
2016-10-12 19:00:00,342.1,15.0,0
2016-10-12 20:00:00,351.0,13.9,0
2016-10-12 21:00:00,384.2,13.3,0
2016-10-12 22:00:00,484.5,12.2,0
2016-10-12 23:00:00,498.3,12.2,0
2016-10-13 00:00:00,458.6,11.7,0
2016-10-13 01:00:00,298.7,11.7,0
2016-10-13 02:00:00,534.7,11.7,0
2016-10-13 03:00:00,534.0,11.7,0
2016-10-13 04:00:00,457.2,11.7,0
2016-10-13 05:00:00,495.7,11.7,0
2016-10-13 06:00:00,533.7,11.7,0
2016-10-13 07:00:00,488.1,11.7,0
2016-10-13 08:00:00,674.1,11.7,0
2016-10-13 09:00:00,736.8,11.7,0
2016-10-13 10:00:00,679.6,12.2,0
2016-10-13 11:00:00,645.1,12.8,0
2016-10-13 12:00:00,548.6,13.9,0
2016-10-13 13:00:00,382.1,12.2,0
2016-10-13 14:00:00,451.8,11.7,0
2016-10-13 15:00:00,484.0,12.2,0
2016-10-13 16:00:00,650.2,12.2,0
2016-10-13 17:00:00,568.4,11.1,0
2016-10-13 18:00:00,644.7,8.9,0
2016-10-13 19:00:00,746.4,7.2,0
2016-10-13 20:00:00,676.7,6.1,0
2016-10-13 21:00:00,806.0,5.0,0
2016-10-13 22:00:00,844.3,2.8,0
2016-10-13 23:00:00,831.8,1.7,0
2016-10-14 00:00:00,844.6,2.2,0
2016-10-14 01:00:00,712.2,2.2,0
2016-10-14 02:00:00,663.1,3.9,0
2016-10-14 03:00:00,706.4,5.0,0
2016-10-14 04:00:00,714.6,3.9,0
2016-10-14 05:00:00,750.1,1.7,0
2016-10-14 06:00:00,950.8,0.0,0
2016-10-14 07:00:00,1075.8,-1.1,0
2016-10-14 08:00:00,1235.5,2.8,0
2016-10-14 09:00:00,1033.8,6.7,0
2016-10-14 10:00:00,972.0,7.8,0
2016-10-14 11:00:00,738.8,10.0,0
2016-10-14 12:00:00,741.1,10.6,0
2016-10-14 13:00:00,675.4,11.7,0
2016-10-14 14:00:00,633.7,12.2,0
2016-10-14 15:00:00,599.3,12.8,0
2016-10-14 16:00:00,674.5,12.8,0
2016-10-14 17:00:00,614.1,10.6,0
2016-10-14 18:00:00,512.3,5.6,0
2016-10-14 19:00:00,647.4,5.6,0
2016-10-14 20:00:00,855.6,3.9,0
2016-10-14 21:00:00,878.9,3.9,0
2016-10-14 22:00:00,885.9,2.8,0
2016-10-14 23:00:00,1088.9,2.2,0
2016-10-15 00:00:00,985.8,2.8,0
2016-10-15 01:00:00,868.7,2.8,0
2016-10-15 02:00:00,919.5,1.1,0
2016-10-15 03:00:00,829.2,1.1,0
2016-10-15 04:00:00,938.5,1.7,0
2016-10-15 05:00:00,978.0,1.1,0
2016-10-15 06:00:00,1004.0,1.1,0
2016-10-15 07:00:00,1099.0,0.6,0
2016-10-15 08:00:00,1113.7,7.2,0
2016-10-15 09:00:00,1017.7,10.0,0
2016-10-15 10:00:00,815.7,12.2,0
2016-10-15 11:00:00,640.4,14.4,0
2016-10-15 12:00:00,605.4,15.6,0
2016-10-15 13:00:00,474.3,17.2,0
2016-10-15 14:00:00,349.2,17.8,0
2016-10-15 15:00:00,286.1,18.9,0
2016-10-15 16:00:00,305.2,18.3,0
2016-10-15 17:00:00,308.1,16.1,0
2016-10-15 18:00:00,394.1,13.9,0
2016-10-15 19:00:00,445.0,13.9,0
2016-10-15 20:00:00,448.8,13.3,0
2016-10-15 21:00:00,517.4,12.8,0
2016-10-15 22:00:00,498.1,12.2,0
2016-10-15 23:00:00,470.5,12.2,0
2016-10-16 00:00:00,511.2,12.2,0
2016-10-16 01:00:00,419.6,12.2,0
2016-10-16 02:00:00,411.9,12.2,0
2016-10-16 03:00:00,439.6,12.8,0
2016-10-16 04:00:00,358.3,12.2,0
2016-10-16 05:00:00,365.4,12.2,0
2016-10-16 06:00:00,372.2,12.2,0
2016-10-16 07:00:00,482.3,12.8,0
2016-10-16 08:00:00,417.4,12.8,0
2016-10-16 09:00:00,525.0,13.9,0
2016-10-16 10:00:00,505.5,16.1,0
2016-10-16 11:00:00,464.9,18.3,0
2016-10-16 12:00:00,263.0,20.0,0
2016-10-16 13:00:00,222.2,22.2,0
2016-10-16 14:00:00,216.0,23.3,0
2016-10-16 15:00:00,247.0,23.3,0
2016-10-16 16:00:00,340.0,23.0,0
2016-10-16 17:00:00,267.9,21.1,0
2016-10-16 18:00:00,239.6,20.0,0
2016-10-16 19:00:00,227.2,17.2,0
2016-10-16 20:00:00,298.9,16.7,0
2016-10-16 21:00:00,324.2,16.7,0
2016-10-16 22:00:00,296.3,16.7,0
2016-10-16 23:00:00,288.9,16.7,0
2016-10-17 00:00:00,216.4,16.7,0
2016-10-17 01:00:00,255.5,17.2,0
2016-10-17 02:00:00,251.7,15.0,0
2016-10-17 03:00:00,182.6,15.6,0
2016-10-17 04:00:00,162.1,15.6,0
2016-10-17 05:00:00,221.8,15.6,0
2016-10-17 06:00:00,267.2,16.0,0
2016-10-17 07:00:00,410.9,16.1,0
2016-10-17 08:00:00,352.3,16.7,0
2016-10-17 09:00:00,405.5,17.2,0
2016-10-17 10:00:00,359.4,17.8,0
2016-10-17 11:00:00,352.3,18.3,0
2016-10-17 12:00:00,272.4,18.0,0
2016-10-17 13:00:00,214.6,20.0,0
2016-10-17 14:00:00,320.7,20.6,0
2016-10-17 15:00:00,214.8,21.1,0
2016-10-17 16:00:00,244.0,20.6,0
2016-10-17 17:00:00,283.7,20.0,0
2016-10-17 18:00:00,363.8,18.3,0
2016-10-17 19:00:00,373.6,18.3,0
2016-10-17 20:00:00,227.6,18.9,0
2016-10-17 21:00:00,319.3,18.3,0
2016-10-17 22:00:00,274.8,18.9,0
2016-10-17 23:00:00,233.3,19.4,0
2016-10-18 00:00:00,254.1,18.9,0
2016-10-18 01:00:00,192.0,18.3,0
2016-10-18 02:00:00,179.0,18.3,0
2016-10-18 03:00:00,230.0,18.3,0
2016-10-18 04:00:00,224.5,17.8,0
2016-10-18 05:00:00,186.8,17.2,0
2016-10-18 06:00:00,213.9,17.2,0
2016-10-18 07:00:00,281.8,17.2,0
2016-10-18 08:00:00,318.9,18.9,0
2016-10-18 09:00:00,397.3,21.1,0
2016-10-18 10:00:00,354.7,23.3,0
2016-10-18 11:00:00,256.6,25.0,0
2016-10-18 12:00:00,174.4,25.6,0
2016-10-18 13:00:00,327.2,26.7,0
2016-10-18 14:00:00,142.4,27.0,0
2016-10-18 15:00:00,227.8,26.7,0
2016-10-18 16:00:00,230.1,26.1,0
2016-10-18 17:00:00,228.3,26.1,0
2016-10-18 18:00:00,266.6,25.0,0
2016-10-18 19:00:00,383.2,25.0,0
2016-10-18 20:00:00,262.3,24.4,0
2016-10-18 21:00:00,235.2,23.9,0
2016-10-18 22:00:00,283.9,23.9,0
2016-10-18 23:00:00,275.2,18.3,0
2016-10-19 00:00:00,213.6,18.3,0
2016-10-19 01:00:00,205.4,18.3,0
2016-10-19 02:00:00,208.3,17.2,0
2016-10-19 03:00:00,219.8,16.7,0
2016-10-19 04:00:00,208.1,16.1,0
2016-10-19 05:00:00,179.6,16.1,0
2016-10-19 06:00:00,239.2,14.4,0
2016-10-19 07:00:00,225.8,14.4,0
2016-10-19 08:00:00,398.4,13.9,0
2016-10-19 09:00:00,509.9,13.9,0
2016-10-19 10:00:00,480.8,14.4,0
2016-10-19 11:00:00,416.0,15.6,0
2016-10-19 12:00:00,341.7,15.0,0
2016-10-19 13:00:00,298.7,17.2,0
2016-10-19 14:00:00,296.8,17.8,0
2016-10-19 15:00:00,194.7,17.8,0
2016-10-19 16:00:00,286.3,17.8,0
2016-10-19 17:00:00,243.3,16.1,0
2016-10-19 18:00:00,376.7,11.7,0
2016-10-19 19:00:00,400.5,9.4,0
2016-10-19 20:00:00,389.6,10.6,0
2016-10-19 21:00:00,490.6,9.4,0
2016-10-19 22:00:00,597.8,9.4,0
2016-10-19 23:00:00,616.0,9.4,0
2016-10-20 00:00:00,597.2,9.4,0
2016-10-20 01:00:00,552.0,8.9,0
2016-10-20 02:00:00,410.8,9.4,0
2016-10-20 03:00:00,387.4,10.0,0
2016-10-20 04:00:00,474.9,10.0,0
2016-10-20 05:00:00,372.9,10.6,0
2016-10-20 06:00:00,486.3,10.6,0
2016-10-20 07:00:00,602.3,11.1,0
2016-10-20 08:00:00,735.1,10.6,0
2016-10-20 09:00:00,685.9,11.7,0
2016-10-20 10:00:00,601.2,11.7,0
2016-10-20 11:00:00,589.6,12.8,0
2016-10-20 12:00:00,508.3,13.3,0
2016-10-20 13:00:00,492.3,15.0,0
2016-10-20 14:00:00,307.9,15.6,0
2016-10-20 15:00:00,329.2,16.7,0
2016-10-20 16:00:00,326.7,16.7,0
2016-10-20 17:00:00,299.4,16.7,0
2016-10-20 18:00:00,318.9,17.2,0
2016-10-20 19:00:00,452.5,17.8,0
2016-10-20 20:00:00,406.9,17.2,0
2016-10-20 21:00:00,338.4,13.0,0
2016-10-20 22:00:00,548.9,12.8,0
2016-10-20 23:00:00,573.2,12.2,0
2016-10-21 00:00:00,546.2,11.7,0
2016-10-21 01:00:00,514.5,11.7,0
2016-10-21 02:00:00,490.9,11.1,0
2016-10-21 03:00:00,500.4,11.7,0
2016-10-21 04:00:00,412.2,11.7,0
2016-10-21 05:00:00,335.6,11.7,0
2016-10-21 06:00:00,513.8,11.1,0
2016-10-21 07:00:00,555.5,10.6,0
2016-10-21 08:00:00,742.3,10.0,0
2016-10-21 09:00:00,719.3,10.0,0
2016-10-21 10:00:00,684.2,10.0,0
2016-10-21 11:00:00,737.9,10.0,0
2016-10-21 12:00:00,696.8,9.4,0
2016-10-21 13:00:00,766.1,9.4,0
2016-10-21 14:00:00,718.2,9.4,0
2016-10-21 15:00:00,730.3,9.4,0
2016-10-21 16:00:00,815.0,8.9,0
2016-10-21 17:00:00,897.7,8.9,0
2016-10-21 18:00:00,821.5,8.9,0
2016-10-21 19:00:00,858.9,8.3,0
2016-10-21 20:00:00,714.8,8.3,0
2016-10-21 21:00:00,743.5,7.8,0
2016-10-21 22:00:00,737.4,7.8,0
2016-10-21 23:00:00,822.6,7.2,0
2016-10-22 00:00:00,884.9,6.7,0
2016-10-22 01:00:00,796.7,6.1,0
2016-10-22 02:00:00,755.8,5.6,0
2016-10-22 03:00:00,714.2,5.6,0
2016-10-22 04:00:00,777.4,5.0,0
2016-10-22 05:00:00,823.8,5.0,0
2016-10-22 06:00:00,955.5,4.4,0
2016-10-22 07:00:00,977.1,4.4,0
2016-10-22 08:00:00,974.1,4.4,0
2016-10-22 09:00:00,1069.9,5.0,0
2016-10-22 10:00:00,1092.4,4.4,0
2016-10-22 11:00:00,1172.8,4.4,0
2016-10-22 12:00:00,1159.5,3.9,0
2016-10-22 13:00:00,1101.4,4.4,0
2016-10-22 14:00:00,1087.2,4.4,0
2016-10-22 15:00:00,1227.3,4.4,0
2016-10-22 16:00:00,1351.6,5.6,0
2016-10-22 17:00:00,1072.5,5.6,0
2016-10-22 18:00:00,1039.5,5.6,0
2016-10-22 19:00:00,979.8,5.6,0
2016-10-22 20:00:00,1110.4,5.6,0
2016-10-22 21:00:00,1128.6,5.6,0
2016-10-22 22:00:00,1147.2,5.6,0
2016-10-22 23:00:00,961.3,4.4,0
2016-10-23 00:00:00,915.1,5.0,0
2016-10-23 01:00:00,861.1,5.0,0
2016-10-23 02:00:00,976.4,5.0,0
2016-10-23 03:00:00,923.1,4.4,0
2016-10-23 04:00:00,948.5,5.0,0
2016-10-23 05:00:00,832.0,5.0,0
2016-10-23 06:00:00,973.0,5.0,0
2016-10-23 07:00:00,1066.0,6.1,0
2016-10-23 08:00:00,1146.8,6.7,0
2016-10-23 09:00:00,1037.9,7.2,0
2016-10-23 10:00:00,1040.8,8.9,0
2016-10-23 11:00:00,938.0,9.0,0
2016-10-23 12:00:00,932.2,9.4,0
2016-10-23 13:00:00,896.7,10.6,0
2016-10-23 14:00:00,882.5,11.1,0
2016-10-23 15:00:00,705.0,11.1,0
2016-10-23 16:00:00,768.7,10.6,0
2016-10-23 17:00:00,714.3,9.4,0
2016-10-23 18:00:00,746.6,6.7,0
2016-10-23 19:00:00,828.3,6.1,0
2016-10-23 20:00:00,867.9,6.7,0
2016-10-23 21:00:00,863.9,6.7,0
2016-10-23 22:00:00,918.2,6.1,0
2016-10-23 23:00:00,914.8,6.7,0
2016-10-24 00:00:00,753.3,8.3,0
2016-10-24 01:00:00,663.2,8.3,0
2016-10-24 02:00:00,681.9,7.8,0
2016-10-24 03:00:00,684.8,8.3,0
2016-10-24 04:00:00,745.7,7.8,0
2016-10-24 05:00:00,740.6,8.3,0
2016-10-24 06:00:00,772.7,8.3,0
2016-10-24 07:00:00,756.0,8.3,0
2016-10-24 08:00:00,928.5,7.2,0
2016-10-24 09:00:00,1037.9,7.8,0
2016-10-24 10:00:00,1094.0,7.2,0
2016-10-24 11:00:00,1109.1,6.7,0
2016-10-24 12:00:00,1007.5,6.1,0
2016-10-24 13:00:00,964.8,6.7,0
2016-10-24 14:00:00,931.4,6.7,0
2016-10-24 15:00:00,1010.9,7.2,0
2016-10-24 16:00:00,1030.2,5.6,0
2016-10-24 17:00:00,1007.2,6.1,0
2016-10-24 18:00:00,1009.6,5.6,0
2016-10-24 19:00:00,1044.0,5.6,0
2016-10-24 20:00:00,1021.0,6.1,0
2016-10-24 21:00:00,1101.2,6.1,0
2016-10-24 22:00:00,1129.5,5.6,0
2016-10-24 23:00:00,947.8,5.6,0
2016-10-25 00:00:00,846.6,4.4,0
2016-10-25 01:00:00,933.8,3.3,0
2016-10-25 02:00:00,1011.4,3.9,0
2016-10-25 03:00:00,1076.4,3.3,0
2016-10-25 04:00:00,991.7,3.9,0
2016-10-25 05:00:00,877.7,3.9,0
2016-10-25 06:00:00,928.5,3.9,0
2016-10-25 07:00:00,1167.0,3.9,0
2016-10-25 08:00:00,1448.7,3.9,0
2016-10-25 09:00:00,1435.4,3.9,0
2016-10-25 10:00:00,1251.7,4.4,0
2016-10-25 11:00:00,1053.1,5.0,0
2016-10-25 12:00:00,1068.2,6.1,1
2016-10-25 13:00:00,1083.2,6.1,1
2016-10-25 14:00:00,1098.3,6.1,1
2016-10-25 15:00:00,1113.4,5.6,1
2016-10-25 16:00:00,1128.5,5.6,1
2016-10-25 17:00:00,1143.5,3.9,1
2016-10-25 18:00:00,527.2,3.3,1
2016-10-25 19:00:00,624.6,3.3,1
2016-10-25 20:00:00,558.3,3.3,1
2016-10-25 21:00:00,530.1,3.3,1
2016-10-25 22:00:00,494.0,3.3,1
2016-10-25 23:00:00,493.3,2.8,1
2016-10-26 00:00:00,412.5,2.8,1
2016-10-26 01:00:00,412.3,2.2,1
2016-10-26 02:00:00,403.8,2.8,1
2016-10-26 03:00:00,418.3,2.2,1
2016-10-26 04:00:00,439.7,2.2,1
2016-10-26 05:00:00,395.3,2.2,1
2016-10-26 06:00:00,454.9,2.2,1
2016-10-26 07:00:00,480.6,1.7,1
2016-10-26 08:00:00,597.0,1.7,1
2016-10-26 09:00:00,639.8,2.2,1
2016-10-26 10:00:00,594.2,2.8,1
2016-10-26 11:00:00,1414.9,2.8,0
2016-10-26 12:00:00,1428.0,3.9,0
2016-10-26 13:00:00,1316.0,3.9,0
2016-10-26 14:00:00,1248.0,3.9,0
2016-10-26 15:00:00,1006.3,3.9,0
2016-10-26 16:00:00,1105.9,3.3,0
2016-10-26 17:00:00,1225.5,2.2,0
2016-10-26 18:00:00,1414.6,1.1,0
2016-10-26 19:00:00,1318.3,1.1,0
2016-10-26 20:00:00,1267.8,1.1,0
2016-10-26 21:00:00,1257.5,1.1,0
2016-10-26 22:00:00,1285.5,1.1,0
2016-10-26 23:00:00,1414.3,1.1,0
2016-10-27 00:00:00,1302.7,1.1,0
2016-10-27 01:00:00,1120.8,0.6,0
2016-10-27 02:00:00,1122.4,-0.6,0
2016-10-27 03:00:00,1265.8,-1.0,0
2016-10-27 04:00:00,1349.7,-0.6,0
2016-10-27 05:00:00,1279.3,-0.6,0
2016-10-27 06:00:00,1371.6,0.0,0
2016-10-27 07:00:00,1593.7,0.6,0
2016-10-27 08:00:00,1808.9,0.6,0
2016-10-27 09:00:00,1729.1,0.6,0
2016-10-27 10:00:00,1560.5,1.1,0
2016-10-27 11:00:00,1519.8,1.7,0
2016-10-27 12:00:00,1523.6,2.2,0
2016-10-27 13:00:00,1603.8,2.8,0
2016-10-27 14:00:00,1507.7,3.3,0
2016-10-27 15:00:00,1303.6,4.4,0
2016-10-27 16:00:00,1307.6,5.0,0
2016-10-27 17:00:00,1216.2,5.0,0
2016-10-27 18:00:00,1269.2,5.6,0
2016-10-27 19:00:00,1222.6,5.6,0
2016-10-27 20:00:00,1151.1,6.1,0
2016-10-27 21:00:00,1092.8,6.7,0
2016-10-27 22:00:00,1020.6,6.7,0
2016-10-27 23:00:00,1039.2,6.1,0
2016-10-28 00:00:00,933.4,5.0,0
2016-10-28 01:00:00,902.6,3.9,0
2016-10-28 02:00:00,942.2,2.8,0
2016-10-28 03:00:00,1126.2,2.2,0
2016-10-28 04:00:00,1218.8,1.7,0
2016-10-28 05:00:00,1178.9,2.2,0
2016-10-28 06:00:00,1308.9,2.2,0
2016-10-28 07:00:00,1429.1,2.2,0
2016-10-28 08:00:00,1648.1,1.7,0
2016-10-28 09:00:00,1646.0,2.2,0
2016-10-28 10:00:00,1562.1,2.2,0
2016-10-28 11:00:00,1489.5,2.8,0
2016-10-28 12:00:00,1376.9,3.3,0
2016-10-28 13:00:00,1375.0,3.9,0
2016-10-28 14:00:00,1474.1,6.7,0
2016-10-28 15:00:00,1188.8,6.7,0
2016-10-28 16:00:00,1000.1,5.6,0
2016-10-28 17:00:00,990.2,3.9,0
2016-10-28 18:00:00,1135.7,2.8,0
2016-10-28 19:00:00,1354.4,-1.1,0
2016-10-28 20:00:00,1416.4,-1.7,0
2016-10-28 21:00:00,1441.8,-2.2,0
2016-10-28 22:00:00,1364.0,-2.2,0
2016-10-28 23:00:00,1335.2,-2.2,0
2016-10-29 00:00:00,1313.1,-1.1,0
2016-10-29 01:00:00,1363.2,-0.6,0
2016-10-29 02:00:00,1318.7,-0.6,0
2016-10-29 03:00:00,1130.3,0.0,0
2016-10-29 04:00:00,1091.6,2.2,0
2016-10-29 05:00:00,1128.5,3.9,0
2016-10-29 06:00:00,1215.3,3.9,0
2016-10-29 07:00:00,1245.4,5.0,0
2016-10-29 08:00:00,1216.7,7.2,0
2016-10-29 09:00:00,1119.2,10.0,0
2016-10-29 10:00:00,1016.5,13.3,0
2016-10-29 11:00:00,684.4,15.0,0
2016-10-29 12:00:00,606.6,16.1,0
2016-10-29 13:00:00,464.5,17.2,0
2016-10-29 14:00:00,442.8,16.7,0
2016-10-29 15:00:00,300.8,20.0,0
2016-10-29 16:00:00,294.2,19.4,0
2016-10-29 17:00:00,290.0,18.3,0
2016-10-29 18:00:00,304.7,18.3,0
2016-10-29 19:00:00,362.7,15.6,0
2016-10-29 20:00:00,368.8,15.6,0
2016-10-29 21:00:00,387.2,16.1,0
2016-10-29 22:00:00,412.0,16.1,0
2016-10-29 23:00:00,330.5,14.4,0
2016-10-30 00:00:00,313.1,12.8,0
2016-10-30 01:00:00,521.9,12.2,0
2016-10-30 02:00:00,409.0,12.2,0
2016-10-30 03:00:00,454.7,11.7,0
2016-10-30 04:00:00,613.3,11.1,0
2016-10-30 05:00:00,598.4,10.6,0
2016-10-30 06:00:00,576.9,10.6,0
2016-10-30 07:00:00,676.6,10.0,0
2016-10-30 08:00:00,673.0,10.6,0
2016-10-30 09:00:00,688.1,10.6,0
2016-10-30 10:00:00,695.7,11.7,0
2016-10-30 11:00:00,786.3,11.1,0
2016-10-30 12:00:00,799.7,11.1,0
2016-10-30 13:00:00,686.9,10.6,0
2016-10-30 14:00:00,676.6,10.6,0
2016-10-30 15:00:00,748.0,9.4,0
2016-10-30 16:00:00,894.7,8.9,0
2016-10-30 17:00:00,933.1,7.0,0
2016-10-30 18:00:00,1012.9,6.7,0
2016-10-30 19:00:00,1009.1,5.6,0
2016-10-30 20:00:00,1035.1,5.6,0
2016-10-30 21:00:00,918.5,5.0,0
2016-10-30 22:00:00,984.9,5.0,0
2016-10-30 23:00:00,1038.4,5.0,0
2016-10-31 00:00:00,1053.6,3.9,0
2016-10-31 01:00:00,975.7,3.3,0
2016-10-31 02:00:00,821.6,3.3,0
2016-10-31 03:00:00,868.5,3.3,0
2016-10-31 04:00:00,981.6,2.8,0
2016-10-31 05:00:00,1032.3,1.7,0
2016-10-31 06:00:00,1266.6,1.2,0
2016-10-31 07:00:00,1268.5,0.6,0
2016-10-31 08:00:00,1347.0,2.2,0
2016-10-31 09:00:00,1300.5,3.9,0
2016-10-31 10:00:00,1155.5,4.4,0
2016-10-31 11:00:00,1099.8,4.4,0
2016-10-31 12:00:00,1068.7,5.0,0
2016-10-31 13:00:00,1124.6,5.0,0
2016-10-31 14:00:00,1041.2,5.6,0
2016-10-31 15:00:00,1045.9,6.1,0
2016-10-31 16:00:00,887.1,5.6,0
2016-10-31 17:00:00,837.6,3.3,0
2016-10-31 18:00:00,1077.1,0.0,0
2016-10-31 19:00:00,1275.2,-1.1,0
2016-10-31 20:00:00,1431.1,-1.1,0
2016-10-31 21:00:00,1379.0,-1.7,0
2016-10-31 22:00:00,1301.4,-1.1,0
2016-10-31 23:00:00,1309.4,-2.2,0
2016-11-01 00:00:00,1335.5,-1.7,0
2016-11-01 01:00:00,1324.8,-1.1,0
2016-11-01 02:00:00,1190.5,0.0,0
2016-11-01 03:00:00,1080.8,-1.1,0
2016-11-01 04:00:00,1008.9,1.1,0
2016-11-01 05:00:00,1152.0,0.6,0
2016-11-01 06:00:00,1343.8,1.7,0
2016-11-01 07:00:00,1440.2,2.2,0
2016-11-01 08:00:00,1449.9,3.3,0
2016-11-01 09:00:00,1298.9,5.6,0
2016-11-01 10:00:00,1118.6,7.2,0
2016-11-01 11:00:00,976.4,9.4,0
2016-11-01 12:00:00,794.5,11.7,0
2016-11-01 13:00:00,783.1,13.3,0
2016-11-01 14:00:00,636.4,13.3,0
2016-11-01 15:00:00,536.2,12.8,0
2016-11-01 16:00:00,583.2,11.7,0
2016-11-01 17:00:00,622.3,10.6,0
2016-11-01 18:00:00,787.8,10.6,0
2016-11-01 19:00:00,866.0,10.6,0
2016-11-01 20:00:00,854.4,10.0,0
2016-11-01 21:00:00,825.1,9.4,0
2016-11-01 22:00:00,704.1,9.4,0
2016-11-01 23:00:00,711.4,9.4,0
2016-11-02 00:00:00,611.4,9.4,0
2016-11-02 01:00:00,619.2,9.7,0
2016-11-02 02:00:00,599.4,9.9,0
2016-11-02 03:00:00,616.9,10.2,0
2016-11-02 04:00:00,671.3,10.5,0
2016-11-02 05:00:00,610.9,10.7,0
2016-11-02 06:00:00,670.5,11.0,0
2016-11-02 07:00:00,735.5,11.0,0
2016-11-02 08:00:00,795.7,13.0,0
2016-11-02 09:00:00,769.7,15.0,0
2016-11-02 10:00:00,707.6,16.0,0
2016-11-02 11:00:00,498.5,18.0,0
2016-11-02 12:00:00,327.2,19.0,0
2016-11-02 13:00:00,265.1,21.0,0
2016-11-02 14:00:00,249.5,21.0,0
2016-11-02 15:00:00,261.8,21.0,0
2016-11-02 16:00:00,294.3,20.0,0
2016-11-02 17:00:00,326.6,20.0,0
2016-11-02 18:00:00,500.0,17.0,0
2016-11-02 19:00:00,415.0,16.0,0
2016-11-02 20:00:00,387.4,16.0,0
2016-11-02 21:00:00,385.7,15.0,0
2016-11-02 22:00:00,327.4,13.9,0
2016-11-02 23:00:00,418.5,12.8,0
2016-11-03 00:00:00,418.3,13.3,0
2016-11-03 01:00:00,423.7,13.9,0
2016-11-03 02:00:00,376.8,13.3,0
2016-11-03 03:00:00,327.5,12.0,0
2016-11-03 04:00:00,322.4,12.8,0
2016-11-03 05:00:00,361.3,12.8,0
2016-11-03 06:00:00,408.7,13.9,0
2016-11-03 07:00:00,477.6,13.9,0
2016-11-03 08:00:00,567.9,14.4,0
2016-11-03 09:00:00,611.1,12.2,0
2016-11-03 10:00:00,830.3,11.1,0
2016-11-03 11:00:00,770.4,12.0,0
2016-11-03 12:00:00,752.8,11.0,0
2016-11-03 13:00:00,720.7,10.6,0
2016-11-03 14:00:00,629.9,11.1,0
2016-11-03 15:00:00,652.7,11.1,0
2016-11-03 16:00:00,736.3,11.1,0
2016-11-03 17:00:00,682.5,10.0,0
2016-11-03 18:00:00,654.8,10.6,0
2016-11-03 19:00:00,758.4,9.4,0
2016-11-03 20:00:00,691.4,9.4,0
2016-11-03 21:00:00,760.0,8.9,0
2016-11-03 22:00:00,777.7,8.9,0
2016-11-03 23:00:00,811.8,8.9,0
2016-11-04 00:00:00,720.0,8.3,0
2016-11-04 01:00:00,625.0,7.8,0
2016-11-04 02:00:00,594.1,7.2,0
2016-11-04 03:00:00,606.3,7.2,0
2016-11-04 04:00:00,669.9,6.1,0
2016-11-04 05:00:00,782.6,6.1,0
2016-11-04 06:00:00,828.6,5.6,0
2016-11-04 07:00:00,949.4,5.6,0
2016-11-04 08:00:00,1008.7,5.6,0
2016-11-04 09:00:00,1069.3,6.1,0
2016-11-04 10:00:00,969.1,6.7,0
2016-11-04 11:00:00,1046.0,6.7,0
2016-11-04 12:00:00,987.9,7.8,0
2016-11-04 13:00:00,799.4,8.9,0
2016-11-04 14:00:00,819.0,8.9,0
2016-11-04 15:00:00,756.1,8.9,0
2016-11-04 16:00:00,819.0,8.3,0
2016-11-04 17:00:00,777.9,6.1,0
2016-11-04 18:00:00,837.5,5.0,0
2016-11-04 19:00:00,899.5,2.2,0
2016-11-04 20:00:00,1080.3,-0.6,0
2016-11-04 21:00:00,1083.7,0.0,0
2016-11-04 22:00:00,1144.0,1.7,0
2016-11-04 23:00:00,995.7,5.0,0
2016-11-05 00:00:00,836.2,5.6,0
2016-11-05 01:00:00,814.4,6.1,0
2016-11-05 02:00:00,784.1,4.2,0
2016-11-05 03:00:00,790.8,2.2,0
2016-11-05 04:00:00,770.6,4.4,0
2016-11-05 05:00:00,794.2,6.1,0
2016-11-05 06:00:00,827.9,6.7,0
2016-11-05 07:00:00,765.2,7.2,0
2016-11-05 08:00:00,827.5,8.3,0
2016-11-05 09:00:00,927.2,8.9,0
2016-11-05 10:00:00,924.2,9.4,0
2016-11-05 11:00:00,896.5,10.6,0
2016-11-05 12:00:00,785.0,11.1,0
2016-11-05 13:00:00,617.5,12.8,0
2016-11-05 14:00:00,610.3,12.8,0
2016-11-05 15:00:00,583.8,12.8,0
2016-11-05 16:00:00,584.9,12.8,0
2016-11-05 17:00:00,521.4,10.0,0
2016-11-05 18:00:00,611.4,5.6,0
2016-11-05 19:00:00,679.0,8.3,0
2016-11-05 20:00:00,772.9,7.8,0
2016-11-05 21:00:00,927.1,8.3,0
2016-11-05 22:00:00,812.6,8.3,0
2016-11-05 23:00:00,800.8,10.0,0
2016-11-06 00:00:00,660.1,10.6,0
2016-11-06 01:00:00,618.5,10.0,0
2016-11-06 02:00:00,589.5,9.4,0
2016-11-06 03:00:00,677.4,9.4,0
2016-11-06 04:00:00,650.5,8.3,0
2016-11-06 05:00:00,726.6,7.2,0
2016-11-06 06:00:00,810.5,6.1,0
2016-11-06 07:00:00,913.1,4.4,0
2016-11-06 08:00:00,1026.5,4.4,0
2016-11-06 09:00:00,1091.7,5.6,0
2016-11-06 10:00:00,1023.0,6.1,0
2016-11-06 11:00:00,956.7,7.2,0
2016-11-06 12:00:00,897.3,7.2,0
2016-11-06 13:00:00,887.2,7.8,0
2016-11-06 14:00:00,937.0,8.3,0
2016-11-06 15:00:00,918.9,7.8,0
2016-11-06 16:00:00,835.7,6.7,0
2016-11-06 17:00:00,900.5,4.4,0
2016-11-06 18:00:00,962.5,3.3,0
2016-11-06 19:00:00,1068.3,3.3,0
2016-11-06 20:00:00,1336.9,2.2,0
2016-11-06 21:00:00,1160.8,0.6,0
2016-11-06 22:00:00,1151.0,-1.7,0
2016-11-06 23:00:00,1170.1,-2.2,0
2016-11-07 00:00:00,1275.1,-2.8,0
2016-11-07 01:00:00,1265.8,-2.8,0
2016-11-07 02:00:00,1086.1,-2.2,0
2016-11-07 03:00:00,1077.0,-2.2,0
2016-11-07 04:00:00,1128.0,-2.2,0
2016-11-07 05:00:00,1371.2,-2.2,0
2016-11-07 06:00:00,1543.3,-2.8,0
2016-11-07 07:00:00,1611.4,-2.8,0
2016-11-07 08:00:00,1595.8,-1.1,0
2016-11-07 09:00:00,1328.3,2.8,0
2016-11-07 10:00:00,1129.3,6.7,0
2016-11-07 11:00:00,862.1,10.0,0
2016-11-07 12:00:00,680.0,12.2,0
2016-11-07 13:00:00,695.4,12.8,0
2016-11-07 14:00:00,618.4,13.9,0
2016-11-07 15:00:00,507.5,13.9,0
2016-11-07 16:00:00,561.3,13.9,0
2016-11-07 17:00:00,644.6,8.3,0
2016-11-07 18:00:00,949.8,3.9,0
2016-11-07 19:00:00,1100.7,2.2,0
2016-11-07 20:00:00,1062.5,2.8,0
2016-11-07 21:00:00,1120.6,1.1,0
2016-11-07 22:00:00,1116.3,2.8,0
2016-11-07 23:00:00,1063.7,2.8,0
2016-11-08 00:00:00,1065.1,2.2,0
2016-11-08 01:00:00,1043.8,2.2,0
2016-11-08 02:00:00,1105.5,2.2,0
2016-11-08 03:00:00,1026.5,1.7,0
2016-11-08 04:00:00,905.7,1.7,0
2016-11-08 05:00:00,929.9,1.1,0
2016-11-08 06:00:00,1252.2,0.6,0
2016-11-08 07:00:00,1532.2,0.6,0
2016-11-08 08:00:00,1459.5,2.8,0
2016-11-08 09:00:00,1132.2,6.1,0
2016-11-08 10:00:00,911.9,11.1,0
2016-11-08 11:00:00,658.0,16.1,0
2016-11-08 12:00:00,445.5,18.9,0
2016-11-08 13:00:00,316.3,18.3,0
2016-11-08 14:00:00,152.8,18.9,0
2016-11-08 15:00:00,295.8,18.3,0
2016-11-08 16:00:00,358.4,17.2,0
2016-11-08 17:00:00,495.1,15.0,0
2016-11-08 18:00:00,603.1,12.2,0
2016-11-08 19:00:00,851.2,9.4,0
2016-11-08 20:00:00,644.3,8.3,0
2016-11-08 21:00:00,616.0,9.4,0
2016-11-08 22:00:00,582.9,8.9,0
2016-11-08 23:00:00,651.4,8.9,0
2016-11-09 00:00:00,673.7,8.3,0
2016-11-09 01:00:00,688.3,8.3,0
2016-11-09 02:00:00,683.4,8.3,0
2016-11-09 03:00:00,604.3,8.3,0
2016-11-09 04:00:00,539.7,8.9,0
2016-11-09 05:00:00,491.5,9.4,0
2016-11-09 06:00:00,612.3,9.4,0
2016-11-09 07:00:00,802.2,9.4,0
2016-11-09 08:00:00,836.8,9.4,0
2016-11-09 09:00:00,849.0,8.9,0
2016-11-09 10:00:00,988.7,7.8,0
2016-11-09 11:00:00,932.2,7.2,0
2016-11-09 12:00:00,932.3,6.1,0
2016-11-09 13:00:00,1088.0,5.6,0
2016-11-09 14:00:00,1075.7,5.6,0
2016-11-09 15:00:00,1052.9,4.4,0
2016-11-09 16:00:00,1049.6,4.4,0
2016-11-09 17:00:00,988.3,4.4,0
2016-11-09 18:00:00,1073.0,4.4,0
2016-11-09 19:00:00,1105.0,5.0,0
2016-11-09 20:00:00,1117.4,4.4,0
2016-11-09 21:00:00,1065.4,3.9,0
2016-11-09 22:00:00,929.0,3.9,0
2016-11-09 23:00:00,941.8,3.3,0
2016-11-10 00:00:00,920.4,2.2,0
2016-11-10 01:00:00,991.8,2.2,0
2016-11-10 02:00:00,1074.1,0.0,0
2016-11-10 03:00:00,939.3,0.0,0
2016-11-10 04:00:00,819.1,0.6,0
2016-11-10 05:00:00,934.4,1.1,0
2016-11-10 06:00:00,760.2,0.0,0
2016-11-10 07:00:00,855.1,-1.1,0
2016-11-10 08:00:00,950.5,-0.6,0
2016-11-10 09:00:00,906.5,4.4,0
2016-11-10 10:00:00,664.1,6.7,0
2016-11-10 11:00:00,504.2,8.9,0
2016-11-10 12:00:00,1254.3,10.6,0
2016-11-10 13:00:00,1529.9,11.1,0
2016-11-10 14:00:00,703.4,12.8,0
2016-11-10 15:00:00,402.2,13.9,0
2016-11-10 16:00:00,487.5,13.3,0
2016-11-10 17:00:00,545.6,11.7,0
2016-11-10 18:00:00,709.0,11.1,0
2016-11-10 19:00:00,870.8,11.7,0
2016-11-10 20:00:00,869.8,9.0,0
2016-11-10 21:00:00,833.5,10.0,0
2016-11-10 22:00:00,795.0,8.9,0
2016-11-10 23:00:00,763.4,2.8,0
2016-11-11 00:00:00,672.1,10.6,0
2016-11-11 01:00:00,637.0,10.0,0
2016-11-11 02:00:00,661.7,10.0,0
2016-11-11 03:00:00,587.3,10.0,0
2016-11-11 04:00:00,620.1,10.6,0
2016-11-11 05:00:00,583.6,10.6,0
2016-11-11 06:00:00,634.0,10.6,0
2016-11-11 07:00:00,740.0,9.4,0
2016-11-11 08:00:00,912.7,7.2,0
2016-11-11 09:00:00,1086.7,7.2,0
2016-11-11 10:00:00,1130.5,7.2,0
2016-11-11 11:00:00,1082.2,6.1,0
2016-11-11 12:00:00,989.7,5.6,0
2016-11-11 13:00:00,990.3,5.6,0
2016-11-11 14:00:00,1057.2,5.0,0
2016-11-11 15:00:00,1246.5,4.4,0
2016-11-11 16:00:00,1288.3,3.8,0
2016-11-11 17:00:00,1239.6,3.3,0
2016-11-11 18:00:00,1209.3,3.3,0
2016-11-11 19:00:00,1184.9,3.3,0
2016-11-11 20:00:00,1160.8,3.3,0
2016-11-11 21:00:00,1349.7,2.8,0
2016-11-11 22:00:00,1326.4,2.2,0
2016-11-11 23:00:00,1228.8,2.2,0
2016-11-12 00:00:00,1127.1,1.7,0
2016-11-12 01:00:00,1061.2,1.7,0
2016-11-12 02:00:00,1173.7,1.1,0
2016-11-12 03:00:00,1167.5,1.1,0
2016-11-12 04:00:00,1134.5,0.6,0
2016-11-12 05:00:00,1116.4,0.6,0
2016-11-12 06:00:00,1158.6,-0.6,0
2016-11-12 07:00:00,1335.6,-1.1,0
2016-11-12 08:00:00,1456.4,-0.6,0
2016-11-12 09:00:00,1572.9,1.7,0
2016-11-12 10:00:00,1297.6,2.8,0
2016-11-12 11:00:00,1172.2,3.3,0
2016-11-12 12:00:00,1098.9,4.4,0
2016-11-12 13:00:00,1212.7,4.4,0
2016-11-12 14:00:00,1116.0,5.6,0
2016-11-12 15:00:00,886.7,6.1,0
2016-11-12 16:00:00,815.6,6.1,0
2016-11-12 17:00:00,943.1,3.9,0
2016-11-12 18:00:00,1176.5,-0.6,0
2016-11-12 19:00:00,1328.1,-2.2,0
2016-11-12 20:00:00,1379.8,-1.0,0
2016-11-12 21:00:00,1346.2,-2.2,0
2016-11-12 22:00:00,1281.4,-3.3,0
2016-11-12 23:00:00,1161.1,-0.6,0
2016-11-13 00:00:00,1108.7,2.8,0
2016-11-13 01:00:00,1029.5,1.7,0
2016-11-13 02:00:00,963.7,1.1,0
2016-11-13 03:00:00,945.1,1.1,0
2016-11-13 04:00:00,903.8,2.2,0
2016-11-13 05:00:00,1028.7,-2.2,0
2016-11-13 06:00:00,1297.6,-2.8,0
2016-11-13 07:00:00,1407.1,-4.4,0
2016-11-13 08:00:00,1331.7,-2.2,0
2016-11-13 09:00:00,1218.7,6.7,0
2016-11-13 10:00:00,955.0,8.3,0
2016-11-13 11:00:00,855.6,10.0,0
2016-11-13 12:00:00,764.9,12.2,0
2016-11-13 13:00:00,653.2,13.9,0
2016-11-13 14:00:00,540.6,15.0,0
2016-11-13 15:00:00,452.8,15.0,0
2016-11-13 16:00:00,469.9,14.4,0
2016-11-13 17:00:00,647.6,11.7,0
2016-11-13 18:00:00,789.0,7.2,0
2016-11-13 19:00:00,994.1,1.7,0
2016-11-13 20:00:00,1052.8,7.2,0
2016-11-13 21:00:00,944.7,6.7,0
2016-11-13 22:00:00,870.9,-0.6,0
2016-11-13 23:00:00,902.3,-3.3,0
2016-11-14 00:00:00,1016.4,-3.5,0
2016-11-14 01:00:00,1030.0,-3.7,0
2016-11-14 02:00:00,1017.1,-3.9,0
2016-11-14 03:00:00,955.0,-4.2,0
2016-11-14 04:00:00,879.2,-4.4,0
2016-11-14 05:00:00,1137.0,-4.6,0
2016-11-14 06:00:00,1275.8,-4.8,0
2016-11-14 07:00:00,1599.7,-5.0,0
2016-11-14 08:00:00,1557.1,0.0,0
2016-11-14 09:00:00,1310.4,4.0,0
2016-11-14 10:00:00,994.7,9.0,0
2016-11-14 11:00:00,779.6,11.0,0
2016-11-14 12:00:00,696.8,13.0,0
2016-11-14 13:00:00,560.6,14.0,0
2016-11-14 14:00:00,510.0,15.0,0
2016-11-14 15:00:00,441.5,15.6,0
2016-11-14 16:00:00,484.0,13.9,0
2016-11-14 17:00:00,608.5,10.6,0
2016-11-14 18:00:00,909.3,7.2,0
2016-11-14 19:00:00,972.6,4.4,0
2016-11-14 20:00:00,879.3,5.0,0
2016-11-14 21:00:00,971.9,5.0,0
2016-11-14 22:00:00,948.2,4.4,0
2016-11-14 23:00:00,1018.8,2.8,0
2016-11-15 00:00:00,924.0,1.7,0
2016-11-15 01:00:00,898.9,3.3,0
2016-11-15 02:00:00,911.5,1.1,0
2016-11-15 03:00:00,964.1,-0.6,0
2016-11-15 04:00:00,991.2,1.1,0
2016-11-15 05:00:00,1075.8,2.8,0
2016-11-15 06:00:00,1086.9,2.2,0
2016-11-15 07:00:00,1203.9,2.2,0
2016-11-15 08:00:00,1316.2,3.3,0
2016-11-15 09:00:00,1144.0,6.0,0
2016-11-15 10:00:00,1015.8,8.3,0
2016-11-15 11:00:00,810.3,9.4,0
2016-11-15 12:00:00,724.8,11.1,0
2016-11-15 13:00:00,716.9,10.6,0
2016-11-15 14:00:00,741.4,10.6,0
2016-11-15 15:00:00,678.1,10.6,0
2016-11-15 16:00:00,763.7,8.9,0
2016-11-15 17:00:00,855.2,7.8,0
2016-11-15 18:00:00,893.8,7.8,0
2016-11-15 19:00:00,978.5,8.3,0
2016-11-15 20:00:00,909.5,7.8,0
2016-11-15 21:00:00,799.7,6.7,0
2016-11-15 22:00:00,793.6,6.7,0
2016-11-15 23:00:00,854.3,6.7,0
2016-11-16 00:00:00,846.9,6.1,0
2016-11-16 01:00:00,807.4,5.6,0
2016-11-16 02:00:00,728.2,4.4,0
2016-11-16 03:00:00,689.5,3.9,0
2016-11-16 04:00:00,698.5,3.9,0
2016-11-16 05:00:00,821.0,3.3,0
2016-11-16 06:00:00,1008.5,2.2,0
2016-11-16 07:00:00,1167.9,0.0,0
2016-11-16 08:00:00,1219.3,0.6,0
2016-11-16 09:00:00,1073.0,6.7,0
2016-11-16 10:00:00,911.1,8.9,0
2016-11-16 11:00:00,749.8,10.0,0
2016-11-16 12:00:00,653.5,11.1,0
2016-11-16 13:00:00,744.1,11.7,0
2016-11-16 14:00:00,630.1,11.1,0
2016-11-16 15:00:00,707.4,10.6,0
2016-11-16 16:00:00,654.5,10.0,0
2016-11-16 17:00:00,780.9,9.4,0
2016-11-16 18:00:00,922.5,9.4,0
2016-11-16 19:00:00,920.2,6.7,0
2016-11-16 20:00:00,851.1,6.7,0
2016-11-16 21:00:00,831.3,7.8,0
2016-11-16 22:00:00,818.8,7.8,0
2016-11-16 23:00:00,764.4,7.8,0
2016-11-17 00:00:00,654.1,7.8,0
2016-11-17 01:00:00,743.0,7.8,0
2016-11-17 02:00:00,631.1,7.2,0
2016-11-17 03:00:00,653.8,7.2,0
2016-11-17 04:00:00,650.1,7.2,0
2016-11-17 05:00:00,707.3,7.2,0
2016-11-17 06:00:00,743.7,6.7,0
2016-11-17 07:00:00,772.0,6.7,0
2016-11-17 08:00:00,975.6,6.7,0
2016-11-17 09:00:00,1052.3,6.7,0
2016-11-17 10:00:00,1028.0,7.2,0
2016-11-17 11:00:00,918.0,7.8,0
2016-11-17 12:00:00,865.5,7.8,0
2016-11-17 13:00:00,800.0,8.9,0
2016-11-17 14:00:00,711.5,9.4,0
2016-11-17 15:00:00,681.2,9.4,0
2016-11-17 16:00:00,722.7,8.9,0
2016-11-17 17:00:00,781.0,6.1,0
2016-11-17 18:00:00,929.4,3.9,0
2016-11-17 19:00:00,1132.1,2.2,0
2016-11-17 20:00:00,1112.1,1.7,0
2016-11-17 21:00:00,1124.3,0.6,0
2016-11-17 22:00:00,1092.8,1.1,0
2016-11-17 23:00:00,1137.3,0.6,0
2016-11-18 00:00:00,1120.7,0.6,0
2016-11-18 01:00:00,1037.0,0.6,0
2016-11-18 02:00:00,960.8,0.6,0
2016-11-18 03:00:00,951.7,1.1,0
2016-11-18 04:00:00,969.9,0.6,0
2016-11-18 05:00:00,1143.5,0.6,0
2016-11-18 06:00:00,1297.2,0.0,0
2016-11-18 07:00:00,1376.8,0.0,0
2016-11-18 08:00:00,1328.7,1.7,0
2016-11-18 09:00:00,1208.1,5.0,0
2016-11-18 10:00:00,918.7,10.0,0
2016-11-18 11:00:00,681.8,13.3,0
2016-11-18 12:00:00,514.9,16.1,0
2016-11-18 13:00:00,381.9,19.4,0
2016-11-18 14:00:00,210.8,20.6,0
2016-11-18 15:00:00,241.3,20.6,0
2016-11-18 16:00:00,404.4,18.9,0
2016-11-18 17:00:00,465.5,15.6,0
2016-11-18 18:00:00,636.1,11.7,0
2016-11-18 19:00:00,645.9,10.0,0
2016-11-18 20:00:00,552.4,12.8,0
2016-11-18 21:00:00,569.5,13.3,0
2016-11-18 22:00:00,590.0,13.3,0
2016-11-18 23:00:00,604.0,10.6,0
2016-11-19 00:00:00,628.1,8.9,0
2016-11-19 01:00:00,658.4,7.8,0
2016-11-19 02:00:00,656.2,7.8,0
2016-11-19 03:00:00,604.0,6.7,0
2016-11-19 04:00:00,563.4,6.7,0
2016-11-19 05:00:00,535.5,5.6,0
2016-11-19 06:00:00,595.4,7.8,0
2016-11-19 07:00:00,787.8,11.1,0
2016-11-19 08:00:00,828.9,11.7,0
2016-11-19 09:00:00,865.1,14.4,0
2016-11-19 10:00:00,691.2,15.6,0
2016-11-19 11:00:00,344.0,17.2,0
2016-11-19 12:00:00,210.2,18.9,0
2016-11-19 13:00:00,328.5,20.0,0
2016-11-19 14:00:00,263.0,20.0,0
2016-11-19 15:00:00,505.0,18.3,0
2016-11-19 16:00:00,843.6,10.0,0
2016-11-19 17:00:00,908.2,8.3,0
2016-11-19 18:00:00,1124.0,3.9,0
2016-11-19 19:00:00,1317.5,1.7,0
2016-11-19 20:00:00,1224.7,0.6,0
2016-11-19 21:00:00,1103.8,0.6,0
2016-11-19 22:00:00,1188.0,0.0,0
2016-11-19 23:00:00,1207.9,0.0,0
2016-11-20 00:00:00,1215.3,0.0,0
2016-11-20 01:00:00,992.2,0.6,0
2016-11-20 02:00:00,864.2,1.1,0
2016-11-20 03:00:00,992.6,0.6,0
2016-11-20 04:00:00,1085.0,0.0,0
2016-11-20 05:00:00,1220.1,0.0,0
2016-11-20 06:00:00,1160.2,0.0,0
2016-11-20 07:00:00,1143.5,0.0,0
2016-11-20 08:00:00,1249.3,-0.6,0
2016-11-20 09:00:00,1470.6,0.0,0
2016-11-20 10:00:00,1456.4,0.6,0
2016-11-20 11:00:00,1524.7,0.0,0
2016-11-20 12:00:00,1578.0,-0.6,0
2016-11-20 13:00:00,1543.5,-1.1,0
2016-11-20 14:00:00,1622.2,-1.1,0
2016-11-20 15:00:00,1720.8,-1.7,0
2016-11-20 16:00:00,1798.3,-2.2,0
2016-11-20 17:00:00,1694.5,-2.0,0
2016-11-20 18:00:00,1679.8,-2.8,0
2016-11-20 19:00:00,1803.0,-2.8,0
2016-11-20 20:00:00,1856.8,-2.8,0
2016-11-20 21:00:00,1847.4,-2.8,0
2016-11-20 22:00:00,1725.5,-2.8,0
2016-11-20 23:00:00,1581.2,-2.8,0
2016-11-21 00:00:00,1524.3,-2.8,0
2016-11-21 01:00:00,1525.0,-3.3,0
2016-11-21 02:00:00,1614.0,-3.3,0
2016-11-21 03:00:00,1495.3,-2.8,0
2016-11-21 04:00:00,1341.6,-3.3,0
2016-11-21 05:00:00,1431.7,-3.3,0
2016-11-21 06:00:00,1668.8,-3.3,0
2016-11-21 07:00:00,1721.7,-3.3,0
2016-11-21 08:00:00,1776.7,-3.3,0
2016-11-21 09:00:00,1707.2,-3.3,0
2016-11-21 10:00:00,1628.6,-2.8,0
2016-11-21 11:00:00,1480.1,-2.8,0
2016-11-21 12:00:00,1973.4,-2.8,0
2016-11-21 13:00:00,1870.7,-2.8,1
2016-11-21 14:00:00,1768.0,-2.2,0
2016-11-21 15:00:00,1499.3,-2.2,0
2016-11-21 16:00:00,1699.8,-2.2,0
2016-11-21 17:00:00,2084.8,-2.2,0
2016-11-21 18:00:00,1972.0,-2.2,0
2016-11-21 19:00:00,1614.0,-2.2,0
2016-11-21 20:00:00,1566.7,-2.2,0
2016-11-21 21:00:00,1625.4,-2.2,0
2016-11-21 22:00:00,1933.5,-2.2,0
2016-11-21 23:00:00,1889.9,-2.2,0
2016-11-22 00:00:00,1592.0,-1.7,0
2016-11-22 01:00:00,1431.6,-2.2,0
2016-11-22 02:00:00,1404.4,-1.7,0
2016-11-22 03:00:00,1544.9,-1.7,0
2016-11-22 04:00:00,1618.6,-2.2,0
2016-11-22 05:00:00,1586.8,-2.2,0
2016-11-22 06:00:00,1589.9,-2.8,0
2016-11-22 07:00:00,1779.0,-3.0,0
2016-11-22 08:00:00,2153.1,-2.8,0
2016-11-22 09:00:00,2086.8,-2.2,0
2016-11-22 10:00:00,1846.8,-2.2,0
2016-11-22 11:00:00,1804.7,-2.2,0
2016-11-22 12:00:00,1776.8,-2.2,0
2016-11-22 13:00:00,2003.2,-2.2,0
2016-11-22 14:00:00,1919.5,-1.7,0
2016-11-22 15:00:00,1686.0,-1.1,0
2016-11-22 16:00:00,1693.2,-0.6,0
2016-11-22 17:00:00,1757.3,-0.6,0
2016-11-22 18:00:00,1886.0,-0.6,0
2016-11-22 19:00:00,1932.6,-0.6,0
2016-11-22 20:00:00,1811.7,-0.6,0
2016-11-22 21:00:00,1642.5,-0.6,0
2016-11-22 22:00:00,1583.1,-0.6,0
2016-11-22 23:00:00,1694.1,-0.6,0
2016-11-23 00:00:00,1591.0,-1.1,0
2016-11-23 01:00:00,1669.8,-1.1,0
2016-11-23 02:00:00,1445.4,-1.1,0
2016-11-23 03:00:00,1415.2,-1.7,0
2016-11-23 04:00:00,1388.5,-1.7,0
2016-11-23 05:00:00,1630.0,-2.2,0
2016-11-23 06:00:00,1701.5,-2.8,0
2016-11-23 07:00:00,1745.7,-3.3,0
2016-11-23 08:00:00,1604.1,-3.3,0
2016-11-23 09:00:00,1557.9,-2.8,0
2016-11-23 10:00:00,2087.6,-2.8,0
2016-11-23 11:00:00,1969.6,-2.2,0
2016-11-23 12:00:00,1660.0,-1.7,0
2016-11-23 13:00:00,1293.5,-1.1,0
2016-11-23 14:00:00,1286.2,0.0,0
2016-11-23 15:00:00,1406.4,0.0,0
2016-11-23 16:00:00,1583.7,-0.6,0
2016-11-23 17:00:00,1668.0,-1.1,0
2016-11-23 18:00:00,1665.8,-1.1,0
2016-11-23 19:00:00,1600.0,-1.1,0
2016-11-23 20:00:00,1532.6,-1.1,0
2016-11-23 21:00:00,1494.3,-0.6,0
2016-11-23 22:00:00,1944.5,-0.6,0
2016-11-23 23:00:00,1781.0,-0.6,0
2016-11-24 00:00:00,1303.2,0.0,0
2016-11-24 01:00:00,1061.1,-0.6,0
2016-11-24 02:00:00,1406.6,0.0,0
2016-11-24 03:00:00,1553.0,0.0,0
2016-11-24 04:00:00,1469.6,1.1,0
2016-11-24 05:00:00,1200.6,1.1,0
2016-11-24 06:00:00,1274.0,1.7,0
2016-11-24 07:00:00,1547.4,1.7,0
2016-11-24 08:00:00,1606.5,1.7,0
2016-11-24 09:00:00,1666.2,1.7,0
2016-11-24 10:00:00,1394.6,1.7,0
2016-11-24 11:00:00,1397.2,1.7,0
2016-11-24 12:00:00,1387.7,2.2,0
2016-11-24 13:00:00,1530.2,2.2,0
2016-11-24 14:00:00,1508.0,1.7,0
2016-11-24 15:00:00,1402.9,2.2,0
2016-11-24 16:00:00,1282.4,2.2,0
2016-11-24 17:00:00,1333.0,2.2,0
2016-11-24 18:00:00,1438.3,2.2,0
2016-11-24 19:00:00,1558.2,2.8,0
2016-11-24 20:00:00,1336.6,2.8,0
2016-11-24 21:00:00,1230.6,3.3,0
2016-11-24 22:00:00,1244.1,3.3,0
2016-11-24 23:00:00,1326.8,3.9,0
2016-11-25 00:00:00,1255.1,3.9,0
2016-11-25 01:00:00,1262.2,2.2,0
2016-11-25 02:00:00,1115.7,2.2,0
2016-11-25 03:00:00,1072.0,2.2,0
2016-11-25 04:00:00,1174.1,2.8,0
2016-11-25 05:00:00,1308.0,2.2,0
2016-11-25 06:00:00,1266.5,2.2,0
2016-11-25 07:00:00,1332.3,2.2,0
2016-11-25 08:00:00,1198.0,2.2,0
2016-11-25 09:00:00,1287.0,3.9,0
2016-11-25 10:00:00,1268.1,5.6,0
2016-11-25 11:00:00,1211.1,7.2,0
2016-11-25 12:00:00,908.5,7.8,0
2016-11-25 13:00:00,857.9,7.8,0
2016-11-25 14:00:00,939.0,7.2,0
2016-11-25 15:00:00,1082.7,7.2,0
2016-11-25 16:00:00,1107.6,6.7,0
2016-11-25 17:00:00,1068.1,5.0,0
2016-11-25 18:00:00,944.5,5.6,0
2016-11-25 19:00:00,1038.6,5.0,0
2016-11-25 20:00:00,1113.1,4.4,0
2016-11-25 21:00:00,1155.0,3.9,0
2016-11-25 22:00:00,1187.8,3.9,0
2016-11-25 23:00:00,1083.4,3.3,0
2016-11-26 00:00:00,950.0,3.9,0
2016-11-26 01:00:00,992.9,3.9,0
2016-11-26 02:00:00,1071.3,3.9,0
2016-11-26 03:00:00,1159.7,2.2,0
2016-11-26 04:00:00,1178.7,2.8,0
2016-11-26 05:00:00,1118.1,2.8,0
2016-11-26 06:00:00,1071.6,3.3,0
2016-11-26 07:00:00,1219.1,2.2,0
2016-11-26 08:00:00,1412.0,2.2,0
2016-11-26 09:00:00,1354.1,2.2,0
2016-11-26 10:00:00,1249.6,2.8,0
2016-11-26 11:00:00,1105.3,3.3,0
2016-11-26 12:00:00,1168.8,2.8,0
2016-11-26 13:00:00,1344.5,3.3,0
2016-11-26 14:00:00,1331.6,3.9,0
2016-11-26 15:00:00,1191.9,3.3,0
2016-11-26 16:00:00,1155.7,2.8,0
2016-11-26 17:00:00,1255.0,2.8,0
2016-11-26 18:00:00,1352.4,2.0,0
2016-11-26 19:00:00,1389.7,2.2,0
2016-11-26 20:00:00,1408.5,2.2,0
2016-11-26 21:00:00,1275.6,1.7,0
2016-11-26 22:00:00,1223.1,1.7,0
2016-11-26 23:00:00,1290.2,2.2,0
2016-11-27 00:00:00,1334.5,2.2,0
2016-11-27 01:00:00,1302.1,2.2,0
2016-11-27 02:00:00,1114.5,2.2,0
2016-11-27 03:00:00,1112.0,2.2,0
2016-11-27 04:00:00,1026.4,2.2,0
2016-11-27 05:00:00,1215.6,1.7,0
2016-11-27 06:00:00,1240.6,1.1,0
2016-11-27 07:00:00,1401.2,1.7,0
2016-11-27 08:00:00,1374.6,1.7,0
2016-11-27 09:00:00,1414.5,1.7,0
2016-11-27 10:00:00,1426.1,2.8,0
2016-11-27 11:00:00,1291.3,2.8,0
2016-11-27 12:00:00,1383.0,3.3,0
2016-11-27 13:00:00,1252.0,3.9,0
2016-11-27 14:00:00,1321.1,3.9,0
2016-11-27 15:00:00,1204.7,5.0,0
2016-11-27 16:00:00,1190.5,4.4,0
2016-11-27 17:00:00,1183.8,3.9,0
2016-11-27 18:00:00,1407.4,3.3,0
2016-11-27 19:00:00,1503.7,2.2,0
2016-11-27 20:00:00,1445.2,1.1,0
2016-11-27 21:00:00,1271.7,0.6,0
2016-11-27 22:00:00,1243.3,0.0,0
2016-11-27 23:00:00,1294.1,0.6,0
2016-11-28 00:00:00,1316.1,-1.1,0
2016-11-28 01:00:00,1250.1,0.0,0
2016-11-28 02:00:00,1291.2,0.6,0
2016-11-28 03:00:00,1181.3,-1.7,0
2016-11-28 04:00:00,1183.9,-2.8,0
2016-11-28 05:00:00,1368.4,-2.8,0
2016-11-28 06:00:00,1505.1,-2.8,0
2016-11-28 07:00:00,1679.8,-2.2,0
2016-11-28 08:00:00,1732.3,-2.2,0
2016-11-28 09:00:00,1570.9,1.1,0
2016-11-28 10:00:00,1312.3,4.4,0
2016-11-28 11:00:00,1180.4,6.1,0
2016-11-28 12:00:00,1052.3,6.7,0
2016-11-28 13:00:00,893.8,7.8,0
2016-11-28 14:00:00,856.3,8.9,0
2016-11-28 15:00:00,828.3,9.4,0
2016-11-28 16:00:00,874.0,7.8,0
2016-11-28 17:00:00,1100.6,6.7,0
2016-11-28 18:00:00,1155.9,6.7,0
2016-11-28 19:00:00,1201.1,6.7,0
2016-11-28 20:00:00,1049.4,7.2,0
2016-11-28 21:00:00,977.9,6.7,0
2016-11-28 22:00:00,948.2,6.1,0
2016-11-28 23:00:00,976.1,6.1,0
2016-11-29 00:00:00,983.3,6.1,0
2016-11-29 01:00:00,998.1,6.1,0
2016-11-29 02:00:00,890.5,6.1,0
2016-11-29 03:00:00,725.0,6.1,0
2016-11-29 04:00:00,841.2,6.1,0
2016-11-29 05:00:00,916.6,6.1,0
2016-11-29 06:00:00,956.6,6.7,0
2016-11-29 07:00:00,1097.4,7.8,0
2016-11-29 08:00:00,1006.8,8.3,0
2016-11-29 09:00:00,953.5,8.9,0
2016-11-29 10:00:00,859.5,10.0,0
2016-11-29 11:00:00,825.8,10.6,0
2016-11-29 12:00:00,825.9,11.7,0
2016-11-29 13:00:00,772.1,11.7,0
2016-11-29 14:00:00,796.6,12.2,0
2016-11-29 15:00:00,746.2,12.2,0
2016-11-29 16:00:00,641.7,12.2,0
2016-11-29 17:00:00,696.5,11.7,0
2016-11-29 18:00:00,753.3,10.0,0
2016-11-29 19:00:00,916.6,10.0,0
2016-11-29 20:00:00,960.7,9.4,0
2016-11-29 21:00:00,840.0,9.4,0
2016-11-29 22:00:00,842.8,8.9,0
2016-11-29 23:00:00,778.2,8.9,0
2016-11-30 00:00:00,740.6,8.9,0
2016-11-30 01:00:00,759.1,7.8,0
2016-11-30 02:00:00,806.2,6.1,0
2016-11-30 03:00:00,773.8,5.6,0
2016-11-30 04:00:00,684.3,6.1,0
2016-11-30 05:00:00,651.9,6.1,0
2016-11-30 06:00:00,782.6,6.7,0
2016-11-30 07:00:00,866.7,8.9,0
2016-11-30 08:00:00,1030.9,9.4,0
2016-11-30 09:00:00,971.2,10.0,0
2016-11-30 10:00:00,818.4,10.6,0
2016-11-30 11:00:00,757.7,11.1,0
2016-11-30 12:00:00,744.2,11.7,0
2016-11-30 13:00:00,800.5,12.2,0
2016-11-30 14:00:00,854.7,11.7,0
2016-11-30 15:00:00,650.1,11.7,0
2016-11-30 16:00:00,713.5,11.7,0
2016-11-30 17:00:00,703.4,11.7,0
2016-11-30 18:00:00,880.8,11.7,0
2016-11-30 19:00:00,849.8,11.7,0
2016-11-30 20:00:00,810.4,11.1,0
2016-11-30 21:00:00,728.1,11.1,0
2016-11-30 22:00:00,734.5,10.6,0
2016-11-30 23:00:00,773.4,11.1,0
2016-12-01 00:00:00,638.6,9.7,0
2016-12-01 01:00:00,688.5,8.3,0
2016-12-01 02:00:00,758.1,7.8,0
2016-12-01 03:00:00,709.7,7.2,0
2016-12-01 04:00:00,777.0,7.2,0
2016-12-01 05:00:00,819.1,6.7,0
2016-12-01 06:00:00,939.6,5.6,0
2016-12-01 07:00:00,944.7,5.6,0
2016-12-01 08:00:00,1234.4,5.6,0
2016-12-01 09:00:00,1132.2,5.6,0
2016-12-01 10:00:00,1002.7,5.6,0
2016-12-01 11:00:00,982.8,5.0,0
2016-12-01 12:00:00,1200.0,4.4,0
2016-12-01 13:00:00,1166.7,5.0,0
2016-12-01 14:00:00,1001.2,5.0,0
2016-12-01 15:00:00,1005.2,5.0,1
2016-12-01 16:00:00,1009.1,5.0,1
2016-12-01 17:00:00,1013.1,4.4,1
2016-12-01 18:00:00,1017.0,3.9,1
2016-12-01 19:00:00,1021.0,3.9,1
2016-12-01 20:00:00,1024.9,3.9,1
2016-12-01 21:00:00,1520.9,2.8,1
2016-12-01 22:00:00,1578.5,3.3,1
2016-12-01 23:00:00,1512.0,3.3,1
2016-12-02 00:00:00,1360.9,2.8,1
2016-12-02 01:00:00,1398.3,2.8,1
2016-12-02 02:00:00,1310.5,3.3,1
2016-12-02 03:00:00,1362.0,2.8,1
2016-12-02 04:00:00,1403.8,3.3,1
2016-12-02 05:00:00,1351.6,3.3,1
2016-12-02 06:00:00,1383.1,3.3,1
2016-12-02 07:00:00,1653.3,3.3,1
2016-12-02 08:00:00,1713.7,3.3,1
2016-12-02 09:00:00,1671.6,3.9,1
2016-12-02 10:00:00,1612.9,4.4,1
2016-12-02 11:00:00,1565.3,4.4,1
2016-12-02 12:00:00,1478.1,2.8,1
2016-12-02 13:00:00,1450.9,1.7,1
2016-12-02 14:00:00,1493.5,3.3,1
2016-12-02 15:00:00,1434.2,3.9,1
2016-12-02 16:00:00,1565.5,3.9,1
2016-12-02 17:00:00,1624.5,3.3,1
2016-12-02 18:00:00,1598.0,3.0,1
2016-12-02 19:00:00,1595.2,2.8,1
2016-12-02 20:00:00,1559.9,2.2,1
2016-12-02 21:00:00,1459.6,2.2,1
2016-12-02 22:00:00,1504.4,1.1,1
2016-12-02 23:00:00,1522.4,1.1,1
2016-12-03 00:00:00,1414.5,1.1,1
2016-12-03 01:00:00,1362.1,1.7,1
2016-12-03 02:00:00,1311.6,1.7,1
2016-12-03 03:00:00,1344.9,1.7,1
2016-12-03 04:00:00,1408.3,1.1,1
2016-12-03 05:00:00,1464.2,1.1,1
2016-12-03 06:00:00,1456.1,1.1,1
2016-12-03 07:00:00,1574.9,0.6,1
2016-12-03 08:00:00,1674.5,1.1,1
2016-12-03 09:00:00,1692.4,0.6,1
2016-12-03 10:00:00,1650.9,0.6,1
2016-12-03 11:00:00,1587.4,1.1,1
2016-12-03 12:00:00,1652.5,1.7,1
2016-12-03 13:00:00,1573.3,2.2,1
2016-12-03 14:00:00,1564.9,1.7,1
2016-12-03 15:00:00,1508.3,1.7,1
2016-12-03 16:00:00,1606.1,1.7,1
2016-12-03 17:00:00,1616.6,1.1,1
2016-12-03 18:00:00,1670.3,1.1,1
2016-12-03 19:00:00,1622.5,1.7,1
2016-12-03 20:00:00,1665.8,1.7,1
2016-12-03 21:00:00,1669.6,1.1,1
2016-12-03 22:00:00,1649.0,1.1,1
2016-12-03 23:00:00,1622.1,1.1,1
2016-12-04 00:00:00,1513.6,0.6,1
2016-12-04 01:00:00,1462.8,0.6,1
2016-12-04 02:00:00,1418.6,0.6,1
2016-12-04 03:00:00,1440.2,0.6,1
2016-12-04 04:00:00,1395.0,0.6,1
2016-12-04 05:00:00,1495.0,0.0,1
2016-12-04 06:00:00,1469.4,0.6,1
2016-12-04 07:00:00,1634.4,0.0,1
2016-12-04 08:00:00,1803.2,0.0,1
2016-12-04 09:00:00,1841.6,0.6,1
2016-12-04 10:00:00,1774.9,1.7,1
2016-12-04 11:00:00,1639.6,1.7,1
2016-12-04 12:00:00,1598.2,2.2,1
2016-12-04 13:00:00,1665.6,2.2,1
2016-12-04 14:00:00,1772.8,2.2,1
2016-12-04 15:00:00,1695.0,1.7,1
2016-12-04 16:00:00,1611.2,1.1,1
2016-12-04 17:00:00,1543.5,-1.1,1
2016-12-04 18:00:00,1722.1,-1.1,1
2016-12-04 19:00:00,1852.8,-1.1,1
2016-12-04 20:00:00,1811.6,-0.6,1
2016-12-04 21:00:00,1579.9,0.0,1
2016-12-04 22:00:00,1462.3,1.1,1
2016-12-04 23:00:00,1523.8,1.7,1
2016-12-05 00:00:00,1608.3,1.7,1
2016-12-05 01:00:00,1566.2,1.7,1
2016-12-05 02:00:00,1397.4,0.0,1
2016-12-05 03:00:00,1300.1,0.0,1
2016-12-05 04:00:00,1352.2,0.0,1
2016-12-05 05:00:00,1543.6,0.6,1
2016-12-05 06:00:00,1647.2,0.8,1
2016-12-05 07:00:00,1721.0,1.1,1
2016-12-05 08:00:00,1839.8,1.7,1
2016-12-05 09:00:00,1642.8,2.2,1
2016-12-05 10:00:00,1525.6,3.0,1
2016-12-05 11:00:00,1569.7,3.3,1
2016-12-05 12:00:00,1421.2,3.9,1
2016-12-05 13:00:00,1164.4,3.9,1
2016-12-05 14:00:00,1129.9,3.9,1
2016-12-05 15:00:00,1135.0,3.3,1
2016-12-05 16:00:00,1217.3,3.3,1
2016-12-05 17:00:00,1424.9,2.8,1
2016-12-05 18:00:00,1448.5,2.8,1
2016-12-05 19:00:00,1396.2,2.8,1
2016-12-05 20:00:00,1319.4,2.8,1
2016-12-05 21:00:00,1276.8,1.1,1
2016-12-05 22:00:00,1331.9,-0.6,1
2016-12-05 23:00:00,1328.2,-2.2,1
2016-12-06 00:00:00,1259.6,-3.9,1
2016-12-06 01:00:00,1145.8,-4.4,1
2016-12-06 02:00:00,1116.0,-5.0,1
2016-12-06 03:00:00,1053.6,-5.0,1
2016-12-06 04:00:00,1182.1,-5.0,1
2016-12-06 05:00:00,1237.2,-5.0,1
2016-12-06 06:00:00,1233.0,-5.0,1
2016-12-06 07:00:00,1455.5,-4.4,1
2016-12-06 08:00:00,1464.3,-3.9,1
2016-12-06 09:00:00,1486.7,-1.1,1
2016-12-06 10:00:00,1399.5,0.6,1
2016-12-06 11:00:00,1202.8,2.8,1
2016-12-06 12:00:00,1197.3,3.0,1
2016-12-06 13:00:00,1252.4,3.3,1
2016-12-06 14:00:00,1311.4,3.3,1
2016-12-06 15:00:00,1289.1,3.3,1
2016-12-06 16:00:00,1482.4,3.3,0
2016-12-06 17:00:00,1419.3,2.8,0
2016-12-06 18:00:00,1386.8,1.7,0
2016-12-06 19:00:00,1425.5,0.6,0
2016-12-06 20:00:00,1644.8,0.6,0
2016-12-06 21:00:00,1641.9,0.6,0
2016-12-06 22:00:00,1441.8,0.6,0
2016-12-06 23:00:00,1334.7,0.6,0
2016-12-07 00:00:00,1316.0,0.6,0
2016-12-07 01:00:00,1433.2,1.1,0
2016-12-07 02:00:00,1341.8,1.1,0
2016-12-07 03:00:00,1148.7,1.1,0
2016-12-07 04:00:00,1095.9,1.1,0
2016-12-07 05:00:00,1193.8,1.1,0
2016-12-07 06:00:00,1452.6,1.1,0
2016-12-07 07:00:00,1652.4,1.7,0
2016-12-07 08:00:00,1575.6,1.7,0
2016-12-07 09:00:00,1327.1,2.2,0
2016-12-07 10:00:00,1263.1,3.3,0
2016-12-07 11:00:00,1301.8,3.9,0
2016-12-07 12:00:00,1252.1,5.0,0
2016-12-07 13:00:00,1144.4,4.4,0
2016-12-07 14:00:00,1037.3,5.0,0
2016-12-07 15:00:00,1100.1,4.4,0
2016-12-07 16:00:00,1353.9,3.3,0
2016-12-07 17:00:00,1368.6,1.7,0
2016-12-07 18:00:00,1454.2,0.6,0
2016-12-07 19:00:00,1309.1,0.0,0
2016-12-07 20:00:00,1333.8,-0.6,0
2016-12-07 21:00:00,1328.3,-1.1,0
2016-12-07 22:00:00,1419.1,-2.0,0
2016-12-07 23:00:00,1512.5,-2.2,0
2016-12-08 00:00:00,1261.8,-0.6,0
2016-12-08 01:00:00,1089.9,1.1,0
2016-12-08 02:00:00,1081.8,1.1,0
2016-12-08 03:00:00,1239.3,1.1,0
2016-12-08 04:00:00,1233.1,0.6,0
2016-12-08 05:00:00,1369.7,0.0,0
2016-12-08 06:00:00,1266.0,0.0,0
2016-12-08 07:00:00,1590.5,-0.6,0
2016-12-08 08:00:00,1588.6,-0.6,0
2016-12-08 09:00:00,1468.2,0.0,0
2016-12-08 10:00:00,1593.0,0.6,0
2016-12-08 11:00:00,1705.1,0.6,0
2016-12-08 12:00:00,1653.9,0.6,0
2016-12-08 13:00:00,1608.1,0.0,0
2016-12-08 14:00:00,1491.0,0.0,0
2016-12-08 15:00:00,1715.2,-2.2,0
2016-12-08 16:00:00,2000.1,-2.2,0
2016-12-08 17:00:00,1973.7,-2.8,0
2016-12-08 18:00:00,1748.1,-2.8,0
2016-12-08 19:00:00,1768.8,-2.8,0
2016-12-08 20:00:00,1825.5,-2.8,0
2016-12-08 21:00:00,1811.1,-3.3,0
2016-12-08 22:00:00,1912.9,-2.8,0
2016-12-08 23:00:00,1697.1,-2.8,0
2016-12-09 00:00:00,1466.7,-3.3,0
2016-12-09 01:00:00,1534.3,-3.3,0
2016-12-09 02:00:00,1505.2,-2.8,0
2016-12-09 03:00:00,1652.0,-2.2,0
2016-12-09 04:00:00,1633.5,-3.3,0
2016-12-09 05:00:00,1395.2,-3.3,0
2016-12-09 06:00:00,1499.7,-3.3,0
2016-12-09 07:00:00,1974.4,-3.3,0
2016-12-09 08:00:00,2229.4,-3.3,0
2016-12-09 09:00:00,2056.2,-3.9,0
2016-12-09 10:00:00,1957.8,-4.4,0
2016-12-09 11:00:00,1919.5,-3.9,0
2016-12-09 12:00:00,2047.6,-4.4,0
2016-12-09 13:00:00,2043.8,-3.3,0
2016-12-09 14:00:00,2048.0,-3.9,0
2016-12-09 15:00:00,1785.7,-4.4,0
2016-12-09 16:00:00,2023.4,-4.4,0
2016-12-09 17:00:00,2180.9,-5.0,0
2016-12-09 18:00:00,2251.4,-4.4,0
2016-12-09 19:00:00,2151.7,-3.9,0
2016-12-09 20:00:00,2006.7,-3.9,0
2016-12-09 21:00:00,1764.1,-3.9,0
2016-12-09 22:00:00,1821.0,-4.4,0
2016-12-09 23:00:00,1961.4,-4.4,0
2016-12-10 00:00:00,1879.0,-5.0,0
2016-12-10 01:00:00,1731.3,-5.6,0
2016-12-10 02:00:00,1551.9,-5.6,0
2016-12-10 03:00:00,1530.1,-6.7,0
2016-12-10 04:00:00,1637.9,-6.1,0
2016-12-10 05:00:00,1810.2,-8.3,0
2016-12-10 06:00:00,1840.6,-7.2,0
2016-12-10 07:00:00,1930.8,-6.1,0
2016-12-10 08:00:00,1937.0,-5.6,0
2016-12-10 09:00:00,2030.7,-5.0,0
2016-12-10 10:00:00,2052.1,-4.4,0
2016-12-10 11:00:00,2069.5,-1.7,0
2016-12-10 12:00:00,2136.1,-2.2,0
2016-12-10 13:00:00,1802.1,-3.3,0
2016-12-10 14:00:00,1798.2,-1.7,0
2016-12-10 15:00:00,1824.8,-3.9,0
2016-12-10 16:00:00,2056.6,-3.9,0
2016-12-10 17:00:00,1978.2,-5.0,0
2016-12-10 18:00:00,1988.1,-4.4,0
2016-12-10 19:00:00,1855.3,-4.4,0
2016-12-10 20:00:00,1923.1,-6.1,0
2016-12-10 21:00:00,2063.5,-5.6,0
2016-12-10 22:00:00,2075.0,-6.7,0
2016-12-10 23:00:00,1954.0,-8.3,0
2016-12-11 00:00:00,1692.6,-6.1,0
2016-12-11 01:00:00,1623.5,-6.7,0
2016-12-11 02:00:00,1722.7,-6.1,0
2016-12-11 03:00:00,1768.4,-6.1,0
2016-12-11 04:00:00,1763.7,-6.1,0
2016-12-11 05:00:00,1774.4,-6.1,0
2016-12-11 06:00:00,1698.3,-6.1,0
2016-12-11 07:00:00,1867.5,-6.1,0
2016-12-11 08:00:00,2231.8,-7.2,0
2016-12-11 09:00:00,2268.7,-6.1,0
2016-12-11 10:00:00,2123.7,-5.0,0
2016-12-11 11:00:00,1987.9,-4.4,0
2016-12-11 12:00:00,1813.4,-3.9,0
2016-12-11 13:00:00,2079.3,-3.9,0
2016-12-11 14:00:00,2224.5,-4.4,0
2016-12-11 15:00:00,2185.3,-4.4,0
2016-12-11 16:00:00,2031.9,-4.4,0
2016-12-11 17:00:00,1903.3,-4.4,0
2016-12-11 18:00:00,2036.7,-4.4,0
2016-12-11 19:00:00,2201.8,-4.4,0
2016-12-11 20:00:00,2178.0,-4.4,0
2016-12-11 21:00:00,1888.0,-3.9,0
2016-12-11 22:00:00,1681.4,-3.9,0
2016-12-11 23:00:00,1753.5,-3.3,0
2016-12-12 00:00:00,1900.6,-3.9,0
2016-12-12 01:00:00,1882.2,-3.3,0
2016-12-12 02:00:00,1503.5,-2.8,0
2016-12-12 03:00:00,1418.9,-2.2,0
2016-12-12 04:00:00,1520.5,-1.7,0
2016-12-12 05:00:00,1718.7,-1.7,0
2016-12-12 06:00:00,1789.2,-1.1,0
2016-12-12 07:00:00,1762.3,-0.6,0
2016-12-12 08:00:00,1947.3,0.0,0
2016-12-12 09:00:00,1714.6,0.6,0
2016-12-12 10:00:00,1738.9,1.7,0
2016-12-12 11:00:00,1959.1,1.7,0
2016-12-12 12:00:00,1790.2,2.2,0
2016-12-12 13:00:00,1435.0,3.3,0
2016-12-12 14:00:00,1403.5,3.3,0
2016-12-12 15:00:00,1441.7,3.9,0
2016-12-12 16:00:00,1560.5,3.3,0
2016-12-12 17:00:00,1749.3,2.8,0
2016-12-12 18:00:00,1741.0,1.1,0
2016-12-12 19:00:00,1591.3,0.6,0
2016-12-12 20:00:00,1589.5,0.6,0
2016-12-12 21:00:00,1575.7,0.0,0
2016-12-12 22:00:00,1715.5,0.0,0
2016-12-12 23:00:00,1680.3,0.0,0
2016-12-13 00:00:00,1535.8,0.0,0
2016-12-13 01:00:00,1293.5,-0.6,0
2016-12-13 02:00:00,1341.6,-0.6,0
2016-12-13 03:00:00,1382.2,-1.1,0
2016-12-13 04:00:00,1523.0,-0.6,0
2016-12-13 05:00:00,1557.7,-0.6,0
2016-12-13 06:00:00,1509.4,-1.1,0
2016-12-13 07:00:00,1813.5,-0.6,0
2016-12-13 08:00:00,1921.8,-1.7,0
2016-12-13 09:00:00,2019.8,-1.1,0
2016-12-13 10:00:00,1939.5,0.0,0
2016-12-13 11:00:00,1579.9,0.0,0
2016-12-13 12:00:00,1568.7,0.6,0
2016-12-13 13:00:00,1732.6,0.6,0
2016-12-13 14:00:00,1826.1,0.6,0
2016-12-13 15:00:00,1831.9,0.6,0
2016-12-13 16:00:00,1897.3,0.6,0
2016-12-13 17:00:00,1828.3,0.0,0
2016-12-13 18:00:00,1711.6,-1.0,0
2016-12-13 19:00:00,1841.3,-1.7,0
2016-12-13 20:00:00,1865.0,-1.7,0
2016-12-13 21:00:00,1687.7,-1.1,0
2016-12-13 22:00:00,1602.7,-1.1,0
2016-12-13 23:00:00,1473.2,-1.1,0
2016-12-14 00:00:00,1492.3,-1.1,0
2016-12-14 01:00:00,1498.4,-1.1,0
2016-12-14 02:00:00,1564.8,-1.1,0
2016-12-14 03:00:00,1310.3,-1.1,0
2016-12-14 04:00:00,1408.7,-3.3,0
2016-12-14 05:00:00,1601.7,-3.9,0
2016-12-14 06:00:00,1908.3,-4.4,0
2016-12-14 07:00:00,2033.6,-5.6,0
2016-12-14 08:00:00,2065.7,-6.7,0
2016-12-14 09:00:00,1981.6,-6.1,0
2016-12-14 10:00:00,2091.3,-5.0,0
2016-12-14 11:00:00,2206.8,-5.0,0
2016-12-14 12:00:00,2044.9,-5.0,0
2016-12-14 13:00:00,1825.3,-3.3,0
2016-12-14 14:00:00,1686.5,-3.9,0
2016-12-14 15:00:00,1822.9,-2.8,0
2016-12-14 16:00:00,2018.5,-3.3,0
2016-12-14 17:00:00,2054.6,-5.0,0
2016-12-14 18:00:00,1910.4,-5.0,0
2016-12-14 19:00:00,1789.6,-4.4,0
2016-12-14 20:00:00,1892.4,-3.9,0
2016-12-14 21:00:00,2048.5,-4.4,0
2016-12-14 22:00:00,2015.1,-5.0,0
2016-12-14 23:00:00,1922.1,-6.1,0
2016-12-15 00:00:00,1730.4,-6.7,0
2016-12-15 01:00:00,1691.4,-6.7,0
2016-12-15 02:00:00,1986.2,-8.3,0
2016-12-15 03:00:00,1988.3,-9.4,0
2016-12-15 04:00:00,1902.7,-10.6,0
2016-12-15 05:00:00,1860.9,-10.6,0
2016-12-15 06:00:00,2194.3,-10.6,0
2016-12-15 07:00:00,2304.8,-11.1,1
2016-12-15 08:00:00,2415.3,-11.1,1
2016-12-15 09:00:00,2525.8,-10.6,0
2016-12-15 10:00:00,2329.8,-11.1,0
2016-12-15 11:00:00,2387.3,-11.1,0
2016-12-15 12:00:00,2477.9,-10.6,0
2016-12-15 13:00:00,2416.3,-9.4,1
2016-12-15 14:00:00,2354.6,-8.3,0
2016-12-15 15:00:00,2247.7,-8.9,0
2016-12-15 16:00:00,2456.9,-9.4,0
2016-12-15 17:00:00,2445.8,-10.0,1
2016-12-15 18:00:00,2434.7,-10.0,1
2016-12-15 19:00:00,2423.6,-9.4,1
2016-12-15 20:00:00,2412.5,-8.9,0
2016-12-15 21:00:00,2306.3,-10.0,0
2016-12-15 22:00:00,2261.5,-10.0,0
2016-12-15 23:00:00,2381.0,-10.6,0
2016-12-16 00:00:00,2297.1,-11.1,0
2016-12-16 01:00:00,2261.0,-11.1,0
2016-12-16 02:00:00,2071.6,-12.2,0
2016-12-16 03:00:00,2018.7,-12.2,0
2016-12-16 04:00:00,2048.9,-11.7,0
2016-12-16 05:00:00,2334.6,-12.2,0
2016-12-16 06:00:00,2487.2,-12.2,0
2016-12-16 07:00:00,2520.5,-12.8,0
2016-12-16 08:00:00,2466.0,-13.9,0
2016-12-16 09:00:00,2441.6,-11.7,0
2016-12-16 10:00:00,2423.7,-10.6,1
2016-12-16 11:00:00,2405.7,-8.3,1
2016-12-16 12:00:00,2387.8,-7.8,0
2016-12-16 13:00:00,2164.7,-6.1,0
2016-12-16 14:00:00,2229.7,-6.7,0
2016-12-16 15:00:00,2454.4,-6.7,0
2016-12-16 16:00:00,2506.1,-7.2,0
2016-12-16 17:00:00,2383.4,-7.8,0
2016-12-16 18:00:00,2248.3,-7.8,0
2016-12-16 19:00:00,2219.1,-8.3,0
2016-12-16 20:00:00,2341.3,-8.3,0
2016-12-16 21:00:00,2410.6,-8.3,0
2016-12-16 22:00:00,2430.1,-8.3,0
2016-12-16 23:00:00,2121.6,-8.3,0
2016-12-17 00:00:00,1997.8,-8.3,0
2016-12-17 01:00:00,1912.2,-8.9,0
2016-12-17 02:00:00,1991.5,-8.9,0
2016-12-17 03:00:00,2068.4,-8.9,0
2016-12-17 04:00:00,2045.1,-8.3,0
2016-12-17 05:00:00,2102.8,-8.3,0
2016-12-17 06:00:00,1957.3,-8.3,0
2016-12-17 07:00:00,2126.1,-8.3,0
2016-12-17 08:00:00,2489.2,-7.2,0
2016-12-17 09:00:00,2365.4,-6.7,1
2016-12-17 10:00:00,2241.7,-5.6,0
2016-12-17 11:00:00,1982.0,-4.4,0
2016-12-17 12:00:00,1919.8,-3.3,0
2016-12-17 13:00:00,2153.4,-2.8,0
2016-12-17 14:00:00,2182.6,-2.2,0
2016-12-17 15:00:00,1934.4,-1.7,0
2016-12-17 16:00:00,1843.3,-0.6,0
2016-12-17 17:00:00,1718.6,0.0,0
2016-12-17 18:00:00,1948.6,0.6,0
2016-12-17 19:00:00,1978.5,1.1,0
2016-12-17 20:00:00,1793.2,1.1,0
2016-12-17 21:00:00,1602.7,2.2,0
2016-12-17 22:00:00,1503.5,2.8,0
2016-12-17 23:00:00,1557.6,3.3,0
2016-12-18 00:00:00,1502.0,3.9,0
2016-12-18 01:00:00,1330.4,4.4,0
2016-12-18 02:00:00,1131.5,5.6,0
2016-12-18 03:00:00,1133.8,5.0,0
2016-12-18 04:00:00,1107.3,6.7,0
2016-12-18 05:00:00,1255.3,7.2,0
2016-12-18 06:00:00,1290.4,6.1,0
2016-12-18 07:00:00,1521.4,2.8,0
2016-12-18 08:00:00,1495.8,1.1,0
2016-12-18 09:00:00,1581.9,1.1,0
2016-12-18 10:00:00,1822.5,0.6,0
2016-12-18 11:00:00,1870.2,-1.1,0
2016-12-18 12:00:00,1904.1,-1.1,0
2016-12-18 13:00:00,1756.6,-1.7,0
2016-12-18 14:00:00,1668.9,-2.2,0
2016-12-18 15:00:00,1678.4,-2.8,0
2016-12-18 16:00:00,1803.5,-3.3,0
2016-12-18 17:00:00,2089.2,-4.4,0
2016-12-18 18:00:00,2072.9,-4.4,0
2016-12-18 19:00:00,2109.3,-5.6,0
2016-12-18 20:00:00,2047.7,-6.7,0
2016-12-18 21:00:00,2009.5,-7.8,0
2016-12-18 22:00:00,2232.0,-8.3,0
2016-12-18 23:00:00,2297.5,-8.3,0
2016-12-19 00:00:00,2018.6,-8.3,0
2016-12-19 01:00:00,1794.5,-8.9,0
2016-12-19 02:00:00,1817.6,-8.9,0
2016-12-19 03:00:00,2055.2,-10.0,0
2016-12-19 04:00:00,2173.0,-11.1,0
2016-12-19 05:00:00,2072.2,-11.7,0
2016-12-19 06:00:00,2069.3,-12.2,0
2016-12-19 07:00:00,2282.4,-14.4,0
2016-12-19 08:00:00,2598.1,-14.4,0
2016-12-19 09:00:00,2508.7,-12.2,1
2016-12-19 10:00:00,2419.3,-8.3,1
2016-12-19 11:00:00,2329.9,-7.8,1
2016-12-19 12:00:00,2240.5,-5.6,1
2016-12-19 13:00:00,2151.1,-4.4,0
2016-12-19 14:00:00,2008.9,-3.3,0
2016-12-19 15:00:00,1970.6,-3.9,0
2016-12-19 16:00:00,1947.8,-3.3,0
2016-12-19 17:00:00,1842.7,-7.8,0
2016-12-19 18:00:00,2070.3,-11.7,0
2016-12-19 19:00:00,2302.7,-11.1,0
2016-12-19 20:00:00,2382.7,-12.2,0
2016-12-19 21:00:00,2140.5,-13.3,0
2016-12-19 22:00:00,2034.9,-13.3,0
2016-12-19 23:00:00,2064.4,-14.4,0
2016-12-20 00:00:00,2140.2,-13.3,0
2016-12-20 01:00:00,2168.6,-12.2,0
2016-12-20 02:00:00,2023.8,-11.1,0
2016-12-20 03:00:00,1917.4,-12.2,0
2016-12-20 04:00:00,2002.8,-14.4,0
2016-12-20 05:00:00,2274.4,-13.9,0
2016-12-20 06:00:00,2514.0,-13.3,1
2016-12-20 07:00:00,2753.6,-11.7,0
2016-12-20 08:00:00,2570.9,-11.1,0
2016-12-20 09:00:00,2562.3,-8.9,0
2016-12-20 10:00:00,2515.6,-6.7,0
2016-12-20 11:00:00,2506.0,-5.0,0
2016-12-20 12:00:00,2126.7,-3.3,0
2016-12-20 13:00:00,2044.3,-3.3,0
2016-12-20 14:00:00,2103.0,-2.8,0
2016-12-20 15:00:00,2169.9,-2.2,0
2016-12-20 16:00:00,2235.1,-2.2,0
2016-12-20 17:00:00,1966.7,-2.0,0
2016-12-20 18:00:00,1961.9,-2.2,0
2016-12-20 19:00:00,1948.4,-2.2,0
2016-12-20 20:00:00,2185.9,-3.3,0
2016-12-20 21:00:00,2245.7,-2.8,0
2016-12-20 22:00:00,1973.1,-2.8,0
2016-12-20 23:00:00,1823.3,-2.8,0
2016-12-21 00:00:00,1841.2,-4.4,0
2016-12-21 01:00:00,2010.6,-5.6,0
2016-12-21 02:00:00,1906.2,-9.4,0
2016-12-21 03:00:00,1728.9,-8.3,0
2016-12-21 04:00:00,1829.3,-10.6,0
2016-12-21 05:00:00,2026.8,-10.6,0
2016-12-21 06:00:00,2427.8,-11.1,0
2016-12-21 07:00:00,2425.0,-10.0,0
2016-12-21 08:00:00,2335.8,-11.1,0
2016-12-21 09:00:00,2156.6,-5.6,0
2016-12-21 10:00:00,2089.8,-1.7,0
2016-12-21 11:00:00,1984.9,-0.6,0
2016-12-21 12:00:00,1973.6,0.6,0
2016-12-21 13:00:00,1498.5,1.1,0
2016-12-21 14:00:00,1531.4,1.1,0
2016-12-21 15:00:00,1767.4,1.1,0
2016-12-21 16:00:00,1840.9,0.0,0
2016-12-21 17:00:00,1855.1,-1.1,0
2016-12-21 18:00:00,1732.8,-1.1,0
2016-12-21 19:00:00,1551.7,-1.1,0
2016-12-21 20:00:00,1817.2,-0.6,0
2016-12-21 21:00:00,1838.7,-0.6,0
2016-12-21 22:00:00,1771.0,0.0,0
2016-12-21 23:00:00,1628.9,0.0,0
2016-12-22 00:00:00,1583.9,-1.1,0
2016-12-22 01:00:00,1582.1,-1.1,0
2016-12-22 02:00:00,1743.0,-1.1,0
2016-12-22 03:00:00,1696.9,-0.6,0
2016-12-22 04:00:00,1500.7,0.0,0
2016-12-22 05:00:00,1514.0,0.0,0
2016-12-22 06:00:00,1667.1,-1.1,0
2016-12-22 07:00:00,2025.1,-1.1,0
2016-12-22 08:00:00,1960.3,-2.8,0
2016-12-22 09:00:00,1686.5,0.0,0
2016-12-22 10:00:00,1533.9,0.6,0
2016-12-22 11:00:00,1617.6,1.0,0
2016-12-22 12:00:00,1798.7,1.1,0
2016-12-22 13:00:00,1810.7,1.1,0
2016-12-22 14:00:00,1642.4,1.1,0
2016-12-22 15:00:00,1525.1,1.1,0
2016-12-22 16:00:00,1481.4,1.1,0
2016-12-22 17:00:00,1793.8,0.6,0
2016-12-22 18:00:00,1756.5,1.1,0
2016-12-22 19:00:00,1594.0,1.0,0
2016-12-22 20:00:00,1436.5,1.1,0
2016-12-22 21:00:00,1485.5,1.1,0
2016-12-22 22:00:00,1639.7,1.1,0
2016-12-22 23:00:00,1739.3,1.1,0
2016-12-23 00:00:00,1503.4,1.1,0
2016-12-23 01:00:00,1286.4,1.1,0
2016-12-23 02:00:00,1335.8,1.1,0
2016-12-23 03:00:00,1576.2,0.6,0
2016-12-23 04:00:00,1630.6,0.0,0
2016-12-23 05:00:00,1582.9,-3.3,0
2016-12-23 06:00:00,1581.4,-3.9,0
2016-12-23 07:00:00,1709.0,-6.7,0
2016-12-23 08:00:00,1937.5,-7.2,0
2016-12-23 09:00:00,1864.9,-2.2,0
2016-12-23 10:00:00,1581.9,1.1,0
2016-12-23 11:00:00,1251.7,2.2,0
2016-12-23 12:00:00,1268.9,2.8,0
2016-12-23 13:00:00,1259.3,3.3,0
2016-12-23 14:00:00,1306.6,3.9,0
2016-12-23 15:00:00,1393.5,3.9,0
2016-12-23 16:00:00,1294.5,3.3,0
2016-12-23 17:00:00,1442.3,1.7,0
2016-12-23 18:00:00,1503.0,1.1,0
2016-12-23 19:00:00,1511.9,0.6,0
2016-12-23 20:00:00,1479.7,1.7,0
2016-12-23 21:00:00,1487.5,1.1,0
2016-12-23 22:00:00,1491.4,1.1,0
2016-12-23 23:00:00,1497.5,1.7,0
2016-12-24 00:00:00,1374.3,1.7,0
2016-12-24 01:00:00,1301.5,1.7,0
2016-12-24 02:00:00,1330.3,1.7,0
2016-12-24 03:00:00,1283.6,2.2,0
2016-12-24 04:00:00,1296.2,2.8,0
2016-12-24 05:00:00,1253.3,2.8,0
2016-12-24 06:00:00,1309.0,2.8,0
2016-12-24 07:00:00,1422.2,3.3,0
2016-12-24 08:00:00,1404.0,3.3,0
2016-12-24 09:00:00,1329.3,3.3,0
2016-12-24 10:00:00,1259.7,3.3,0
2016-12-24 11:00:00,1247.1,3.3,0
2016-12-24 12:00:00,1165.3,4.4,0
2016-12-24 13:00:00,1225.8,5.0,0
2016-12-24 14:00:00,1146.1,3.9,0
2016-12-24 15:00:00,1201.4,3.3,0
2016-12-24 16:00:00,1378.4,2.8,0
2016-12-24 17:00:00,1385.5,2.2,0
2016-12-24 18:00:00,1410.7,2.2,0
2016-12-24 19:00:00,1395.2,2.2,0
2016-12-24 20:00:00,1363.2,2.2,0
2016-12-24 21:00:00,1312.0,2.2,0
2016-12-24 22:00:00,1343.9,1.7,0
2016-12-24 23:00:00,1413.2,1.7,0
2016-12-25 00:00:00,1498.1,1.7,0
2016-12-25 01:00:00,1289.9,1.1,0
2016-12-25 02:00:00,1201.3,1.1,0
2016-12-25 03:00:00,1195.8,1.1,0
2016-12-25 04:00:00,1256.4,1.7,0
2016-12-25 05:00:00,1409.7,1.7,0
2016-12-25 06:00:00,1334.1,1.7,0
2016-12-25 07:00:00,1408.7,1.7,0
2016-12-25 08:00:00,1270.5,1.7,0
2016-12-25 09:00:00,1418.1,2.2,0
2016-12-25 10:00:00,1501.2,1.7,0
2016-12-25 11:00:00,1525.2,1.7,0
2016-12-25 12:00:00,1447.2,1.1,0
2016-12-25 13:00:00,1285.1,1.1,0
2016-12-25 14:00:00,1283.3,0.6,0
2016-12-25 15:00:00,1430.4,0.6,0
2016-12-25 16:00:00,1647.3,0.6,0
2016-12-25 17:00:00,1480.4,-1.7,0
2016-12-25 18:00:00,1379.4,-2.8,0
2016-12-25 19:00:00,1600.8,-3.9,0
2016-12-25 20:00:00,1759.1,-6.7,0
2016-12-25 21:00:00,1798.3,-7.8,0
2016-12-25 22:00:00,1800.4,-7.2,0
2016-12-25 23:00:00,1827.4,-7.2,0
2016-12-26 00:00:00,1588.7,-6.1,0
2016-12-26 01:00:00,1599.9,-6.7,0
2016-12-26 02:00:00,1665.7,-3.9,0
2016-12-26 03:00:00,1716.8,-2.8,0
2016-12-26 04:00:00,1657.4,-2.2,0
2016-12-26 05:00:00,1555.9,-1.7,0
2016-12-26 06:00:00,1529.8,-1.7,0
2016-12-26 07:00:00,1714.5,-1.1,0
2016-12-26 08:00:00,1859.3,-0.6,0
2016-12-26 09:00:00,1820.1,0.6,0
2016-12-26 10:00:00,1608.8,1.1,0
2016-12-26 11:00:00,1328.2,1.7,0
2016-12-26 12:00:00,1400.4,1.7,0
2016-12-26 13:00:00,1535.8,2.2,0
2016-12-26 14:00:00,1519.3,2.8,0
2016-12-26 15:00:00,1502.9,3.3,0
2016-12-26 16:00:00,1266.2,3.3,0
2016-12-26 17:00:00,1245.8,3.9,0
2016-12-26 18:00:00,1239.6,3.9,0
2016-12-26 19:00:00,1391.9,4.4,0
2016-12-26 20:00:00,1288.6,4.4,0
2016-12-26 21:00:00,1192.5,5.0,0
2016-12-26 22:00:00,1113.2,5.0,0
2016-12-26 23:00:00,1137.1,5.6,0
2016-12-27 00:00:00,1166.5,6.1,0
2016-12-27 01:00:00,1080.7,6.7,0
2016-12-27 02:00:00,1005.9,6.7,0
2016-12-27 03:00:00,888.7,7.8,0
2016-12-27 04:00:00,864.5,6.7,0
2016-12-27 05:00:00,954.0,5.0,0
2016-12-27 06:00:00,1074.1,7.2,0
2016-12-27 07:00:00,1228.3,6.7,0
2016-12-27 08:00:00,1277.9,5.0,0
2016-12-27 09:00:00,1130.5,5.0,0
2016-12-27 10:00:00,1125.3,5.0,0
2016-12-27 11:00:00,1159.9,5.0,0
2016-12-27 12:00:00,1156.8,2.8,0
2016-12-27 13:00:00,1221.5,2.8,0
2016-12-27 14:00:00,1205.6,2.2,0
2016-12-27 15:00:00,1431.3,1.7,0
2016-12-27 16:00:00,1411.9,1.7,0
2016-12-27 17:00:00,1474.6,1.1,0
2016-12-27 18:00:00,1359.9,0.6,0
2016-12-27 19:00:00,1325.7,0.6,0
2016-12-27 20:00:00,1460.1,0.6,0
2016-12-27 21:00:00,1583.2,0.0,0
2016-12-27 22:00:00,1687.7,-0.6,0
2016-12-27 23:00:00,1465.7,-0.6,0
2016-12-28 00:00:00,1253.2,-0.6,0
2016-12-28 01:00:00,1279.8,-0.6,0
2016-12-28 02:00:00,1491.2,-1.1,0
2016-12-28 03:00:00,1557.1,-1.7,0
2016-12-28 04:00:00,1537.3,-1.7,0
2016-12-28 05:00:00,1390.3,-2.2,0
2016-12-28 06:00:00,1501.3,-2.8,0
2016-12-28 07:00:00,1814.1,-3.3,0
2016-12-28 08:00:00,1926.5,-3.3,0
2016-12-28 09:00:00,1763.7,-2.8,0
2016-12-28 10:00:00,1620.5,-2.8,0
2016-12-28 11:00:00,1478.6,-1.7,0
2016-12-28 12:00:00,1516.0,-0.6,0
2016-12-28 13:00:00,1500.8,-1.1,0
2016-12-28 14:00:00,1488.8,-1.7,0
2016-12-28 15:00:00,1381.1,-1.7,0
2016-12-28 16:00:00,1388.1,-0.6,0
2016-12-28 17:00:00,1507.7,-2.2,0
2016-12-28 18:00:00,1691.6,-2.8,0
2016-12-28 19:00:00,1715.1,-2.8,0
2016-12-28 20:00:00,1588.5,-3.3,0
2016-12-28 21:00:00,1503.6,-3.3,0
2016-12-28 22:00:00,1632.9,-4.4,0
2016-12-28 23:00:00,1892.7,-3.9,0
2016-12-29 00:00:00,1719.2,-3.3,0
2016-12-29 01:00:00,1504.7,-2.8,0
2016-12-29 02:00:00,1389.9,-2.8,0
2016-12-29 03:00:00,1472.0,-2.8,0
2016-12-29 04:00:00,1646.9,-2.2,0
2016-12-29 05:00:00,1735.5,-1.7,0
2016-12-29 06:00:00,1595.2,-1.7,0
2016-12-29 07:00:00,1469.9,-2.2,0
2016-12-29 08:00:00,1702.4,-1.7,0
2016-12-29 09:00:00,1811.5,-1.1,0
2016-12-29 10:00:00,1695.8,0.0,0
2016-12-29 11:00:00,1461.7,0.6,0
2016-12-29 12:00:00,1349.2,0.6,0
2016-12-29 13:00:00,1307.4,2.2,0
2016-12-29 14:00:00,1349.9,3.3,0
2016-12-29 15:00:00,1306.0,2.2,0
2016-12-29 16:00:00,1234.9,2.2,0
2016-12-29 17:00:00,1434.1,2.2,0
2016-12-29 18:00:00,1603.7,0.0,0
2016-12-29 19:00:00,1537.0,0.0,0
2016-12-29 20:00:00,1488.6,0.6,0
2016-12-29 21:00:00,1347.4,0.0,0
2016-12-29 22:00:00,1395.3,-0.6,0
2016-12-29 23:00:00,1578.6,-1.7,0
2016-12-30 00:00:00,1613.2,-1.7,0
2016-12-30 01:00:00,1472.6,-1.1,0
2016-12-30 02:00:00,1350.3,-1.1,0
2016-12-30 03:00:00,1310.1,-0.6,0
2016-12-30 04:00:00,1412.1,-1.7,0
2016-12-30 05:00:00,1620.0,-1.1,0
2016-12-30 06:00:00,1681.5,-1.1,0
2016-12-30 07:00:00,1555.5,-1.1,0
2016-12-30 08:00:00,1550.9,-1.1,0
2016-12-30 09:00:00,1559.5,-1.1,0
2016-12-30 10:00:00,1725.9,-1.1,0
2016-12-30 11:00:00,1800.5,-1.1,0
2016-12-30 12:00:00,1551.4,-1.1,0
2016-12-30 13:00:00,1503.3,-1.7,0
2016-12-30 14:00:00,1612.6,-1.7,0
2016-12-30 15:00:00,1725.7,-2.2,0
2016-12-30 16:00:00,1870.5,-1.7,0
2016-12-30 17:00:00,1661.0,-2.2,0
2016-12-30 18:00:00,1684.8,-2.2,0
2016-12-30 19:00:00,1727.5,-3.3,0
2016-12-30 20:00:00,1907.8,-3.3,0
2016-12-30 21:00:00,2012.5,-3.9,0
2016-12-30 22:00:00,1792.4,-3.9,0
2016-12-30 23:00:00,1675.6,-4.4,0
2016-12-31 00:00:00,1658.6,-4.4,0
2016-12-31 01:00:00,1720.5,-3.9,0
2016-12-31 02:00:00,1728.1,-3.9,0
2016-12-31 03:00:00,1568.7,-3.9,0
2016-12-31 04:00:00,1533.0,-3.9,0
2016-12-31 05:00:00,1612.9,-3.3,0
2016-12-31 06:00:00,1841.2,-3.3,0
2016-12-31 07:00:00,1907.4,-3.3,0
2016-12-31 08:00:00,1875.9,-3.3,0
2016-12-31 09:00:00,1713.0,-2.8,0
2016-12-31 10:00:00,1605.7,-1.7,0
2016-12-31 11:00:00,1637.2,-0.6,0
2016-12-31 12:00:00,1496.9,2.2,0
2016-12-31 13:00:00,1297.3,2.8,0
2016-12-31 14:00:00,1254.6,3.0,0
2016-12-31 15:00:00,1314.4,2.8,0
2016-12-31 16:00:00,1473.5,2.8,0
2016-12-31 17:00:00,1602.2,2.2,0
2016-12-31 18:00:00,1478.9,1.7,0
2016-12-31 19:00:00,1516.7,0.8,0
2016-12-31 20:00:00,1449.7,0.0,0
2016-12-31 21:00:00,1496.3,0.6,0
2016-12-31 22:00:00,1545.9,1.7,0
2016-12-31 23:00:00,1538.3,2.2,0
2017-01-01 00:00:00,1251.4,2.8,0
2017-01-01 01:00:00,1105.6,2.8,0
2017-01-01 02:00:00,1172.9,3.3,0
2017-01-01 03:00:00,1345.0,1.1,0
2017-01-01 04:00:00,1463.2,1.7,0
2017-01-01 05:00:00,1384.5,0.6,0
2017-01-01 06:00:00,1448.4,0.0,0
2017-01-01 07:00:00,1480.9,-1.1,0
2017-01-01 08:00:00,1768.8,-1.1,0
2017-01-01 09:00:00,1795.6,-0.6,0
2017-01-01 10:00:00,1555.5,0.0,0
2017-01-01 11:00:00,1208.8,1.1,0
2017-01-01 12:00:00,1112.5,1.7,0
2017-01-01 13:00:00,1316.7,2.2,0
2017-01-01 14:00:00,1373.9,2.2,0
2017-01-01 15:00:00,1169.4,2.8,0
2017-01-01 16:00:00,1007.2,3.3,0
2017-01-01 17:00:00,1180.0,-0.6,0
2017-01-01 18:00:00,1467.0,-2.8,0
2017-01-01 19:00:00,1572.2,-3.3,0
2017-01-01 20:00:00,1583.2,-3.9,0
2017-01-01 21:00:00,1611.2,-4.4,0
2017-01-01 22:00:00,1528.9,-5.0,0
2017-01-01 23:00:00,1531.8,-4.4,0
2017-01-02 00:00:00,1618.7,-3.9,0
2017-01-02 01:00:00,1603.6,-3.3,0
2017-01-02 02:00:00,1456.1,-2.8,0
2017-01-02 03:00:00,1399.6,-3.9,0
2017-01-02 04:00:00,1477.0,-3.6,0
2017-01-02 05:00:00,1756.8,-3.3,0
2017-01-02 06:00:00,1822.3,-3.3,0
2017-01-02 07:00:00,1719.0,-1.7,0
2017-01-02 08:00:00,1551.4,0.0,0
2017-01-02 09:00:00,1536.1,1.1,0
2017-01-02 10:00:00,1456.7,1.7,0
2017-01-02 11:00:00,1569.1,2.2,0
2017-01-02 12:00:00,1445.7,2.2,0
2017-01-02 13:00:00,1398.0,2.8,0
2017-01-02 14:00:00,1409.0,3.0,0
2017-01-02 15:00:00,1313.8,2.8,0
2017-01-02 16:00:00,1288.1,2.2,0
2017-01-02 17:00:00,1480.9,2.2,0
2017-01-02 18:00:00,1481.0,1.7,0
2017-01-02 19:00:00,1491.6,1.7,0
2017-01-02 20:00:00,1319.5,1.7,0
2017-01-02 21:00:00,1433.3,1.7,0
2017-01-02 22:00:00,1273.4,1.7,0
2017-01-02 23:00:00,1416.1,1.7,0
2017-01-03 00:00:00,1511.2,1.7,0
2017-01-03 01:00:00,1354.6,1.7,0
2017-01-03 02:00:00,1231.6,1.7,0
2017-01-03 03:00:00,1164.4,1.7,0
2017-01-03 04:00:00,1185.2,1.7,0
2017-01-03 05:00:00,1398.8,2.0,0
2017-01-03 06:00:00,1468.2,2.2,0
2017-01-03 07:00:00,1500.0,2.2,0
2017-01-03 08:00:00,1376.2,2.2,0
2017-01-03 09:00:00,1306.9,2.8,0
2017-01-03 10:00:00,1396.2,3.3,0
2017-01-03 11:00:00,1376.5,3.9,0
2017-01-03 12:00:00,1355.8,3.9,0
2017-01-03 13:00:00,1175.5,3.3,0
2017-01-03 14:00:00,1218.9,3.3,0
2017-01-03 15:00:00,1265.9,3.3,0
2017-01-03 16:00:00,1360.3,3.3,0
2017-01-03 17:00:00,1539.7,3.3,0
2017-01-03 18:00:00,1266.1,3.3,0
2017-01-03 19:00:00,1201.2,3.3,0
2017-01-03 20:00:00,1225.9,2.8,0
2017-01-03 21:00:00,1365.4,2.8,0
2017-01-03 22:00:00,1439.1,2.8,0
2017-01-03 23:00:00,1342.1,2.8,0
2017-01-04 00:00:00,1125.8,2.8,0
2017-01-04 01:00:00,1043.5,2.8,0
2017-01-04 02:00:00,1136.1,3.3,0
2017-01-04 03:00:00,1203.0,3.3,0
2017-01-04 04:00:00,1220.6,3.9,0
2017-01-04 05:00:00,1172.1,3.9,0
2017-01-04 06:00:00,1056.5,4.4,0
2017-01-04 07:00:00,1184.6,4.4,0
2017-01-04 08:00:00,1228.1,4.4,0
2017-01-04 09:00:00,1181.7,3.9,0
2017-01-04 10:00:00,1378.7,3.9,0
2017-01-04 11:00:00,1439.7,3.9,0
2017-01-04 12:00:00,1419.0,2.8,0
2017-01-04 13:00:00,1278.2,3.9,0
2017-01-04 14:00:00,1252.6,2.8,0
2017-01-04 15:00:00,1329.7,1.7,0
2017-01-04 16:00:00,1590.3,0.0,0
2017-01-04 17:00:00,1770.4,-1.7,0
2017-01-04 18:00:00,1793.4,-2.8,0
2017-01-04 19:00:00,1797.5,-3.3,0
2017-01-04 20:00:00,1650.1,-3.9,0
2017-01-04 21:00:00,1686.8,-3.9,0
2017-01-04 22:00:00,1844.0,-4.4,0
2017-01-04 23:00:00,2051.6,-6.1,0
2017-01-05 00:00:00,1921.0,-7.2,0
2017-01-05 01:00:00,1648.4,-7.2,0
2017-01-05 02:00:00,1611.7,-7.2,0
2017-01-05 03:00:00,1765.7,-7.8,0
2017-01-05 04:00:00,1970.9,-7.2,0
2017-01-05 05:00:00,1968.7,-7.8,0
2017-01-05 06:00:00,1918.5,-7.8,0
2017-01-05 07:00:00,1962.3,-8.3,0
2017-01-05 08:00:00,2180.1,-8.9,0
2017-01-05 09:00:00,2255.9,-8.3,0
2017-01-05 10:00:00,2213.8,-6.7,0
2017-01-05 11:00:00,1927.3,-6.1,0
2017-01-05 12:00:00,1734.3,-3.9,0
2017-01-05 13:00:00,1857.8,-4.4,0
2017-01-05 14:00:00,1997.2,-4.4,0
2017-01-05 15:00:00,1989.2,-3.9,0
2017-01-05 16:00:00,1909.9,-4.4,0
2017-01-05 17:00:00,1804.8,-5.0,0
2017-01-05 18:00:00,1784.4,-5.6,0
2017-01-05 19:00:00,2020.7,-6.1,0
2017-01-05 20:00:00,2112.4,-6.1,0
2017-01-05 21:00:00,1902.4,-6.1,0
2017-01-05 22:00:00,1765.6,-6.7,0
2017-01-05 23:00:00,1822.4,-6.7,0
2017-01-06 00:00:00,1935.5,-6.7,0
2017-01-06 01:00:00,1949.3,-6.7,0
2017-01-06 02:00:00,1746.2,-7.2,0
2017-01-06 03:00:00,1641.3,-7.8,0
2017-01-06 04:00:00,1842.2,-8.3,0
2017-01-06 05:00:00,2149.8,-9.4,0
2017-01-06 06:00:00,2284.2,-10.6,0
2017-01-06 07:00:00,2167.9,-11.7,0
2017-01-06 08:00:00,2117.1,-12.2,0
2017-01-06 09:00:00,2115.3,-10.0,0
2017-01-06 10:00:00,2303.4,-8.9,0
2017-01-06 11:00:00,2212.2,-8.9,0
2017-01-06 12:00:00,1901.3,-8.9,0
2017-01-06 13:00:00,1928.2,-7.2,0
2017-01-06 14:00:00,1986.7,-8.3,0
2017-01-06 15:00:00,2203.4,-6.7,0
2017-01-06 16:00:00,2204.2,-7.8,0
2017-01-06 17:00:00,2073.5,-9.4,0
2017-01-06 18:00:00,1926.2,-8.3,0
2017-01-06 19:00:00,2066.6,-8.3,0
2017-01-06 20:00:00,2291.4,-9.4,0
2017-01-06 21:00:00,2334.4,-12.8,0
2017-01-06 22:00:00,2248.9,-14.4,0
2017-01-06 23:00:00,2175.0,-13.3,0
2017-01-07 00:00:00,2065.8,-13.9,0
2017-01-07 01:00:00,2207.5,-13.9,0
2017-01-07 02:00:00,2259.9,-12.8,0
2017-01-07 03:00:00,2190.3,-12.2,0
2017-01-07 04:00:00,2056.6,-12.8,0
2017-01-07 05:00:00,2013.3,-15.0,0
2017-01-07 06:00:00,2332.1,-16.7,0
2017-01-07 07:00:00,2381.3,-16.7,1
2017-01-07 08:00:00,2430.5,-15.6,1
2017-01-07 09:00:00,2479.7,-12.2,0
2017-01-07 10:00:00,2230.1,-8.3,0
2017-01-07 11:00:00,2116.2,-8.9,0
2017-01-07 12:00:00,2172.0,-8.3,0
2017-01-07 13:00:00,2047.2,-7.2,0
2017-01-07 14:00:00,2010.9,-8.3,0
2017-01-07 15:00:00,1856.4,-8.9,0
2017-01-07 16:00:00,1990.8,-8.3,0
2017-01-07 17:00:00,2216.4,-8.3,0
2017-01-07 18:00:00,2378.8,-8.9,0
2017-01-07 19:00:00,2326.7,-8.9,0
2017-01-07 20:00:00,2110.3,-9.4,0
2017-01-07 21:00:00,2036.7,-10.0,0
2017-01-07 22:00:00,2269.8,-10.6,0
2017-01-07 23:00:00,2479.6,-10.6,0
2017-01-08 00:00:00,2326.6,-11.7,0
2017-01-08 01:00:00,2007.9,-12.2,0
2017-01-08 02:00:00,2017.6,-12.2,0
2017-01-08 03:00:00,2200.4,-13.3,0
2017-01-08 04:00:00,2388.6,-13.9,0
2017-01-08 05:00:00,2320.5,-12.8,0
2017-01-08 06:00:00,2201.7,-13.3,0
2017-01-08 07:00:00,2293.4,-13.3,0
2017-01-08 08:00:00,2585.8,-12.8,0
2017-01-08 09:00:00,2545.4,-11.1,1
2017-01-08 10:00:00,2504.9,-10.0,0
2017-01-08 11:00:00,2170.9,-8.9,0
2017-01-08 12:00:00,2066.3,-8.3,0
2017-01-08 13:00:00,2253.5,-8.9,0
2017-01-08 14:00:00,2470.4,-8.3,0
2017-01-08 15:00:00,2437.5,-9.4,0
2017-01-08 16:00:00,2223.9,-9.4,0
2017-01-08 17:00:00,2315.5,-10.6,0
2017-01-08 18:00:00,2550.8,-10.6,0
2017-01-08 19:00:00,2491.9,-11.1,1
2017-01-08 20:00:00,2433.0,-11.7,1
2017-01-08 21:00:00,2374.1,-11.7,0
2017-01-08 22:00:00,2336.8,-12.2,0
2017-01-08 23:00:00,2520.6,-12.8,0
2017-01-09 00:00:00,2457.0,-13.3,1
2017-01-09 01:00:00,2393.5,-13.9,0
2017-01-09 02:00:00,2182.9,-15.0,0
2017-01-09 03:00:00,2186.8,-13.3,0
2017-01-09 04:00:00,2287.2,-11.7,1
2017-01-09 05:00:00,2387.5,-12.2,1
2017-01-09 06:00:00,2487.9,-12.8,1
2017-01-09 07:00:00,2588.3,-13.3,0
2017-01-09 08:00:00,2691.3,-12.2,0
2017-01-09 09:00:00,2623.4,-11.1,1
2017-01-09 10:00:00,2555.4,-10.6,1
2017-01-09 11:00:00,2487.5,-9.4,1
2017-01-09 12:00:00,2419.5,-8.3,0
2017-01-09 13:00:00,2355.9,-7.8,0
2017-01-09 14:00:00,2455.8,-7.2,0
2017-01-09 15:00:00,2378.8,-6.7,1
2017-01-09 16:00:00,2301.9,-6.1,1
2017-01-09 17:00:00,2225.0,-7.8,0
2017-01-09 18:00:00,2275.1,-8.3,0
2017-01-09 19:00:00,2314.6,-8.3,1
2017-01-09 20:00:00,2354.0,-8.9,1
2017-01-09 21:00:00,2393.4,-8.9,0
2017-01-09 22:00:00,2134.3,-8.9,0
2017-01-09 23:00:00,2160.1,-8.9,0
2017-01-10 00:00:00,2252.3,-8.9,0
2017-01-10 01:00:00,2233.0,-8.9,0
2017-01-10 02:00:00,2202.8,-8.9,0
2017-01-10 03:00:00,1972.4,-8.3,0
2017-01-10 04:00:00,1996.2,-8.3,0
2017-01-10 05:00:00,2240.7,-8.3,0
2017-01-10 06:00:00,2484.7,-7.8,0
2017-01-10 07:00:00,2459.4,-7.2,1
2017-01-10 08:00:00,2434.0,-7.2,0
2017-01-10 09:00:00,2324.8,-6.7,0
2017-01-10 10:00:00,2326.3,-6.7,0
2017-01-10 11:00:00,2320.5,-6.7,1
2017-01-10 12:00:00,2314.8,-6.1,1
2017-01-10 13:00:00,2309.0,-5.0,0
2017-01-10 14:00:00,2088.4,-5.0,0
2017-01-10 15:00:00,2204.4,-5.0,0
2017-01-10 16:00:00,2423.3,-3.9,0
2017-01-10 17:00:00,2424.2,-3.3,0
2017-01-10 18:00:00,2109.2,-3.3,0
2017-01-10 19:00:00,1833.7,-2.8,0
2017-01-10 20:00:00,2040.8,-2.8,0
2017-01-10 21:00:00,2071.4,-2.2,0
2017-01-10 22:00:00,2071.4,-1.7,0
2017-01-10 23:00:00,1741.1,-2.2,0
2017-01-11 00:00:00,1565.9,-1.7,0
2017-01-11 01:00:00,1666.8,-1.1,0
2017-01-11 02:00:00,1713.4,0.0,0
2017-01-11 03:00:00,1688.7,0.6,0
2017-01-11 04:00:00,1484.8,1.7,0
2017-01-11 05:00:00,1297.9,2.2,0
2017-01-11 06:00:00,1490.0,2.8,0
2017-01-11 07:00:00,1677.1,2.8,0
2017-01-11 08:00:00,1742.2,2.8,0
2017-01-11 09:00:00,1654.1,4.4,0
2017-01-11 10:00:00,1364.9,5.6,0
2017-01-11 11:00:00,1098.9,6.7,0
2017-01-11 12:00:00,1057.6,7.2,0
2017-01-11 13:00:00,1017.5,8.9,0
2017-01-11 14:00:00,1071.8,8.3,0
2017-01-11 15:00:00,1206.5,7.2,0
2017-01-11 16:00:00,1189.4,6.7,0
2017-01-11 17:00:00,1128.7,6.1,0
2017-01-11 18:00:00,1296.7,6.1,0
2017-01-11 19:00:00,1203.2,6.1,0
2017-01-11 20:00:00,1078.1,6.1,0
2017-01-11 21:00:00,1025.2,6.7,0
2017-01-11 22:00:00,1036.4,6.7,0
2017-01-11 23:00:00,1098.8,6.1,0
2017-01-12 00:00:00,1152.3,6.1,0
2017-01-12 01:00:00,1009.8,6.1,0
2017-01-12 02:00:00,893.4,6.1,0
2017-01-12 03:00:00,916.4,6.7,0
2017-01-12 04:00:00,984.3,7.2,0
2017-01-12 05:00:00,1047.1,7.8,0
2017-01-12 06:00:00,1033.4,8.3,0
2017-01-12 07:00:00,1020.9,8.3,0
2017-01-12 08:00:00,940.9,8.3,0
2017-01-12 09:00:00,979.6,8.9,0
2017-01-12 10:00:00,1039.7,9.4,0
2017-01-12 11:00:00,984.4,9.4,0
2017-01-12 12:00:00,1005.2,9.4,0
2017-01-12 13:00:00,805.6,10.0,0
2017-01-12 14:00:00,944.7,10.0,0
2017-01-12 15:00:00,921.0,10.0,0
2017-01-12 16:00:00,991.6,9.4,0
2017-01-12 17:00:00,1019.7,10.0,0
2017-01-12 18:00:00,894.2,10.0,0
2017-01-12 19:00:00,817.5,7.8,0
2017-01-12 20:00:00,985.1,8.9,0
2017-01-12 21:00:00,1216.8,5.0,0
2017-01-12 22:00:00,1254.6,4.4,0
2017-01-12 23:00:00,1230.2,3.9,0
2017-01-13 00:00:00,1019.4,3.4,0
2017-01-13 01:00:00,1074.6,2.8,0
2017-01-13 02:00:00,1227.3,1.7,0
2017-01-13 03:00:00,1242.4,1.1,0
2017-01-13 04:00:00,1396.3,0.6,0
2017-01-13 05:00:00,1282.4,0.6,0
2017-01-13 06:00:00,1398.6,-0.6,0
2017-01-13 07:00:00,1726.0,-1.7,0
2017-01-13 08:00:00,1954.1,-2.2,0
2017-01-13 09:00:00,1923.8,-2.2,0
2017-01-13 10:00:00,1825.3,-2.2,0
2017-01-13 11:00:00,1699.7,-2.8,0
2017-01-13 12:00:00,1635.4,-1.7,0
2017-01-13 13:00:00,1756.0,-2.2,0
2017-01-13 14:00:00,1806.2,-3.3,0
2017-01-13 15:00:00,1633.3,-2.8,0
2017-01-13 16:00:00,1763.4,-3.3,0
2017-01-13 17:00:00,1669.6,-3.3,0
2017-01-13 18:00:00,2057.6,-3.9,0
2017-01-13 19:00:00,2062.8,-5.0,0
2017-01-13 20:00:00,1884.8,-5.0,0
2017-01-13 21:00:00,1705.9,-4.4,0
2017-01-13 22:00:00,1665.1,-5.0,0
2017-01-13 23:00:00,2001.4,-5.6,0
2017-01-14 00:00:00,1921.5,-6.1,0
2017-01-14 01:00:00,1775.9,-6.1,0
2017-01-14 02:00:00,1560.8,-6.1,0
2017-01-14 03:00:00,1622.6,-6.7,0
2017-01-14 04:00:00,1882.8,-7.8,0
2017-01-14 05:00:00,1926.7,-7.8,0
2017-01-14 06:00:00,1918.0,-7.8,0
2017-01-14 07:00:00,1928.4,-7.8,0
2017-01-14 08:00:00,1952.7,-7.2,0
2017-01-14 09:00:00,2225.4,-6.1,0
2017-01-14 10:00:00,2172.6,-5.0,0
2017-01-14 11:00:00,2065.8,-4.4,0
2017-01-14 12:00:00,1737.0,-3.9,0
2017-01-14 13:00:00,1792.1,-3.3,0
2017-01-14 14:00:00,2042.1,-2.8,0
2017-01-14 15:00:00,1991.0,-2.8,0
2017-01-14 16:00:00,1892.5,-2.8,0
2017-01-14 17:00:00,1719.4,-2.8,0
2017-01-14 18:00:00,1816.0,-2.2,0
2017-01-14 19:00:00,1987.4,-2.2,0
2017-01-14 20:00:00,1889.0,-2.2,0
2017-01-14 21:00:00,1597.7,-3.3,0
2017-01-14 22:00:00,1675.9,-7.2,0
2017-01-14 23:00:00,1861.6,-8.9,0
2017-01-15 00:00:00,1895.2,-8.9,0
2017-01-15 01:00:00,1831.5,-8.9,0
2017-01-15 02:00:00,1663.4,-7.8,0
2017-01-15 03:00:00,1588.2,-6.7,0
2017-01-15 04:00:00,1780.2,-5.0,0
2017-01-15 05:00:00,1916.0,-4.4,0
2017-01-15 06:00:00,1885.6,-4.4,0
2017-01-15 07:00:00,1683.6,-3.9,0
2017-01-15 08:00:00,1833.5,-3.3,0
2017-01-15 09:00:00,2027.5,-3.3,0
2017-01-15 10:00:00,2137.1,-2.8,0
2017-01-15 11:00:00,1924.4,-2.8,0
2017-01-15 12:00:00,1678.3,-2.8,0
2017-01-15 13:00:00,1767.8,-2.8,0
2017-01-15 14:00:00,1943.0,-2.8,0
2017-01-15 15:00:00,2014.9,-2.2,0
2017-01-15 16:00:00,1795.6,-2.2,0
2017-01-15 17:00:00,1667.1,-2.2,0
2017-01-15 18:00:00,1836.0,-2.8,0
2017-01-15 19:00:00,1967.7,-3.9,0
2017-01-15 20:00:00,2125.8,-6.7,0
2017-01-15 21:00:00,2007.9,-10.0,0
2017-01-15 22:00:00,1931.2,-10.0,0
2017-01-15 23:00:00,1874.3,-10.6,0
2017-01-16 00:00:00,2018.8,-10.0,0
2017-01-16 01:00:00,2031.3,-10.0,0
2017-01-16 02:00:00,1913.4,-10.6,0
2017-01-16 03:00:00,1726.9,-10.6,0
2017-01-16 04:00:00,1861.8,-11.1,0
2017-01-16 05:00:00,2074.2,-10.6,0
2017-01-16 06:00:00,2215.6,-7.8,0
2017-01-16 07:00:00,2254.0,-7.8,0
2017-01-16 08:00:00,2169.0,-8.9,0
2017-01-16 09:00:00,2050.8,-5.6,0
2017-01-16 10:00:00,1980.4,-1.1,0
2017-01-16 11:00:00,1814.3,1.1,0
2017-01-16 12:00:00,1308.2,2.8,0
2017-01-16 13:00:00,1094.4,4.4,0
2017-01-16 14:00:00,1122.3,5.0,0
2017-01-16 15:00:00,1313.0,4.4,0
2017-01-16 16:00:00,1404.9,3.3,0
2017-01-16 17:00:00,1439.3,2.8,0
2017-01-16 18:00:00,1377.1,-0.6,0
2017-01-16 19:00:00,1457.9,-0.6,0
2017-01-16 20:00:00,1441.6,0.0,0
2017-01-16 21:00:00,1566.8,0.0,0
2017-01-16 22:00:00,1480.1,1.1,0
2017-01-16 23:00:00,1403.1,1.1,0
2017-01-17 00:00:00,1267.6,0.6,0
2017-01-17 01:00:00,1334.8,1.1,0
2017-01-17 02:00:00,1452.3,1.7,0
2017-01-17 03:00:00,1380.5,0.6,0
2017-01-17 04:00:00,1187.8,1.1,0
2017-01-17 05:00:00,1165.1,0.6,0
2017-01-17 06:00:00,1568.2,0.6,0
2017-01-17 07:00:00,1743.2,0.6,0
2017-01-17 08:00:00,1719.8,1.1,0
2017-01-17 09:00:00,1528.6,1.7,0
2017-01-17 10:00:00,1584.4,1.7,0
2017-01-17 11:00:00,1626.3,2.2,0
2017-01-17 12:00:00,1722.8,2.2,0
2017-01-17 13:00:00,1660.5,2.2,0
2017-01-17 14:00:00,1459.1,2.2,0
2017-01-17 15:00:00,1432.8,2.8,0
2017-01-17 16:00:00,1525.1,2.8,0
2017-01-17 17:00:00,1659.7,3.3,0
2017-01-17 18:00:00,1631.4,3.3,0
2017-01-17 19:00:00,1497.2,3.3,0
2017-01-17 20:00:00,1392.7,3.3,0
2017-01-17 21:00:00,1324.6,3.3,0
2017-01-17 22:00:00,1258.1,3.3,0
2017-01-17 23:00:00,1342.4,2.8,0
2017-01-18 00:00:00,1361.9,2.8,0
2017-01-18 01:00:00,1339.8,2.8,0
2017-01-18 02:00:00,1210.9,2.8,0
2017-01-18 03:00:00,1085.7,3.3,0
2017-01-18 04:00:00,986.8,2.8,0
2017-01-18 05:00:00,1312.8,3.3,0
2017-01-18 06:00:00,1434.4,3.3,0
2017-01-18 07:00:00,1625.6,3.3,0
2017-01-18 08:00:00,1390.7,2.8,0
2017-01-18 09:00:00,1305.1,3.3,0
2017-01-18 10:00:00,1406.4,4.0,0
2017-01-18 11:00:00,1540.9,2.8,0
2017-01-18 12:00:00,1465.3,2.8,0
2017-01-18 13:00:00,1523.8,2.8,0
2017-01-18 14:00:00,1393.2,2.8,0
2017-01-18 15:00:00,1514.0,2.2,0
2017-01-18 16:00:00,1477.3,2.2,0
2017-01-18 17:00:00,1528.7,2.2,0
2017-01-18 18:00:00,1399.3,2.2,0
2017-01-18 19:00:00,1333.9,1.7,0
2017-01-18 20:00:00,1369.1,2.2,0
2017-01-18 21:00:00,1457.3,1.7,0
2017-01-18 22:00:00,1473.6,1.7,0
2017-01-18 23:00:00,1395.6,2.2,0
2017-01-19 00:00:00,1279.9,1.7,0
2017-01-19 01:00:00,1176.1,2.2,0
2017-01-19 02:00:00,1171.3,2.2,0
2017-01-19 03:00:00,1188.6,2.2,0
2017-01-19 04:00:00,1104.1,2.8,0
2017-01-19 05:00:00,1205.7,2.8,0
2017-01-19 06:00:00,1209.6,2.2,0
2017-01-19 07:00:00,1493.3,2.2,0
2017-01-19 08:00:00,1637.0,2.2,0
2017-01-19 09:00:00,1478.9,2.0,0
2017-01-19 10:00:00,1449.8,1.7,0
2017-01-19 11:00:00,1493.4,1.7,0
2017-01-19 12:00:00,1377.3,1.7,0
2017-01-19 13:00:00,1595.1,2.2,0
2017-01-19 14:00:00,1525.6,1.7,0
2017-01-19 15:00:00,1600.2,1.7,0
2017-01-19 16:00:00,1348.5,2.2,0
2017-01-19 17:00:00,1368.0,1.7,0
2017-01-19 18:00:00,1484.6,1.7,0
2017-01-19 19:00:00,1539.0,1.1,0
2017-01-19 20:00:00,1540.2,1.1,0
2017-01-19 21:00:00,1372.7,1.1,0
2017-01-19 22:00:00,1259.6,1.1,0
2017-01-19 23:00:00,1439.4,1.1,0
2017-01-20 00:00:00,1508.9,1.1,0
2017-01-20 01:00:00,1489.2,0.6,0
2017-01-20 02:00:00,1255.8,1.1,0
2017-01-20 03:00:00,1150.1,1.1,0
2017-01-20 04:00:00,1242.5,1.1,0
2017-01-20 05:00:00,1430.0,1.1,0
2017-01-20 06:00:00,1592.1,1.1,0
2017-01-20 07:00:00,1678.0,1.7,0
2017-01-20 08:00:00,1519.0,1.1,0
2017-01-20 09:00:00,1514.3,1.7,0
2017-01-20 10:00:00,1531.5,2.8,0
2017-01-20 11:00:00,1543.6,3.3,0
2017-01-20 12:00:00,1556.8,3.9,0
2017-01-20 13:00:00,1283.0,3.9,0
2017-01-20 14:00:00,1322.0,4.4,0
2017-01-20 15:00:00,1329.8,3.9,0
2017-01-20 16:00:00,1401.9,3.9,0
2017-01-20 17:00:00,1414.1,3.9,0
2017-01-20 18:00:00,1270.6,3.9,0
2017-01-20 19:00:00,1244.3,3.9,0
2017-01-20 20:00:00,1242.5,3.9,0
2017-01-20 21:00:00,1451.9,4.4,0
2017-01-20 22:00:00,1278.4,4.4,0
2017-01-20 23:00:00,1197.8,4.4,0
2017-01-21 00:00:00,1062.8,4.4,0
2017-01-21 01:00:00,1014.2,4.4,0
2017-01-21 02:00:00,1047.8,5.0,0
2017-01-21 03:00:00,1221.9,5.0,0
2017-01-21 04:00:00,1085.4,5.0,0
2017-01-21 05:00:00,1006.2,5.0,0
2017-01-21 06:00:00,940.3,5.6,0
2017-01-21 07:00:00,1154.0,5.0,0
2017-01-21 08:00:00,1334.3,5.6,0
2017-01-21 09:00:00,1253.9,6.1,0
2017-01-21 10:00:00,1083.1,7.8,0
2017-01-21 11:00:00,890.4,9.4,0
2017-01-21 12:00:00,767.5,11.7,0
2017-01-21 13:00:00,794.2,11.7,0
2017-01-21 14:00:00,840.0,13.3,0
2017-01-21 15:00:00,880.4,12.2,0
2017-01-21 16:00:00,695.7,11.7,0
2017-01-21 17:00:00,723.6,10.6,0
2017-01-21 18:00:00,946.3,7.8,0
2017-01-21 19:00:00,1005.5,6.1,0
2017-01-21 20:00:00,965.0,8.3,0
2017-01-21 21:00:00,805.4,9.4,0
2017-01-21 22:00:00,830.6,8.9,0
2017-01-21 23:00:00,899.7,8.9,0
2017-01-22 00:00:00,872.9,8.9,0
2017-01-22 01:00:00,903.3,8.3,0
2017-01-22 02:00:00,851.8,6.7,0
2017-01-22 03:00:00,809.0,5.0,0
2017-01-22 04:00:00,756.2,5.6,0
2017-01-22 05:00:00,963.6,4.4,0
2017-01-22 06:00:00,1162.8,3.3,0
2017-01-22 07:00:00,1196.9,2.8,0
2017-01-22 08:00:00,1299.8,2.8,0
2017-01-22 09:00:00,1126.3,3.9,0
2017-01-22 10:00:00,1066.8,5.0,0
2017-01-22 11:00:00,1087.7,6.7,0
2017-01-22 12:00:00,944.0,8.9,0
2017-01-22 13:00:00,850.9,12.8,0
2017-01-22 14:00:00,720.4,13.9,0
2017-01-22 15:00:00,721.6,11.1,0
2017-01-22 16:00:00,778.3,10.0,0
2017-01-22 17:00:00,900.2,7.2,0
2017-01-22 18:00:00,921.0,6.1,0
2017-01-22 19:00:00,987.4,6.1,0
2017-01-22 20:00:00,941.8,5.6,0
2017-01-22 21:00:00,978.3,4.4,0
2017-01-22 22:00:00,956.5,4.4,0
2017-01-22 23:00:00,1058.3,4.4,0
2017-01-23 00:00:00,936.7,5.0,0
2017-01-23 01:00:00,890.5,5.0,0
2017-01-23 02:00:00,873.0,8.3,0
2017-01-23 03:00:00,949.4,7.8,0
2017-01-23 04:00:00,794.5,6.7,0
2017-01-23 05:00:00,888.5,6.1,0
2017-01-23 06:00:00,939.8,5.0,0
2017-01-23 07:00:00,1128.9,5.0,0
2017-01-23 08:00:00,1320.0,4.4,0
2017-01-23 09:00:00,1343.7,4.4,0
2017-01-23 10:00:00,1163.5,3.9,0
2017-01-23 11:00:00,1180.7,3.9,1
2017-01-23 12:00:00,1197.8,4.4,1
2017-01-23 13:00:00,1214.9,4.4,1
2017-01-23 14:00:00,1232.1,4.4,1
2017-01-23 15:00:00,1249.2,3.9,1
2017-01-23 16:00:00,1266.3,3.3,1
2017-01-23 17:00:00,1717.4,2.2,1
2017-01-23 18:00:00,1859.3,1.7,1
2017-01-23 19:00:00,1944.2,1.0,1
2017-01-23 20:00:00,1813.3,0.0,1
2017-01-23 21:00:00,1842.2,0.0,1
2017-01-23 22:00:00,1767.9,0.0,1
2017-01-23 23:00:00,1742.4,0.0,1
2017-01-24 00:00:00,1725.7,0.0,1
2017-01-24 01:00:00,1735.9,0.0,1
2017-01-24 02:00:00,1675.4,0.0,1
2017-01-24 03:00:00,1540.2,0.0,1
2017-01-24 04:00:00,1504.0,-0.6,1
2017-01-24 05:00:00,1635.2,-0.6,1
2017-01-24 06:00:00,1914.5,-1.1,1
2017-01-24 07:00:00,2054.3,-1.1,1
2017-01-24 08:00:00,2086.8,-1.1,1
2017-01-24 09:00:00,1963.9,-1.1,1
2017-01-24 10:00:00,1902.9,-0.6,1
2017-01-24 11:00:00,1591.7,-0.6,0
2017-01-24 12:00:00,1666.5,-0.6,0
2017-01-24 13:00:00,1577.3,-0.6,0
2017-01-24 14:00:00,1638.9,-1.1,0
2017-01-24 15:00:00,1833.5,-1.1,0
2017-01-24 16:00:00,1891.8,-1.1,0
2017-01-24 17:00:00,1752.8,-1.7,0
2017-01-24 18:00:00,1590.8,-2.2,0
2017-01-24 19:00:00,1678.5,-2.2,0
2017-01-24 20:00:00,1833.8,-2.2,0
2017-01-24 21:00:00,1813.3,-2.2,0
2017-01-24 22:00:00,1601.7,-2.2,0
2017-01-24 23:00:00,1457.0,-2.2,0
2017-01-25 00:00:00,1344.2,-2.2,0
2017-01-25 01:00:00,1613.3,-1.7,0
2017-01-25 02:00:00,1493.4,-1.7,0
2017-01-25 03:00:00,1325.5,-1.1,0
2017-01-25 04:00:00,1246.0,-1.1,0
2017-01-25 05:00:00,1380.9,-0.6,0
2017-01-25 06:00:00,1699.1,-0.6,0
2017-01-25 07:00:00,1793.8,-1.1,0
2017-01-25 08:00:00,1743.0,-1.1,0
2017-01-25 09:00:00,1618.8,-0.6,0
2017-01-25 10:00:00,1594.2,0.0,0
2017-01-25 11:00:00,1630.1,1.1,0
2017-01-25 12:00:00,1638.4,1.1,0
2017-01-25 13:00:00,1447.7,3.9,0
2017-01-25 14:00:00,1305.0,2.8,0
2017-01-25 15:00:00,1252.2,3.3,0
2017-01-25 16:00:00,1522.5,2.2,0
2017-01-25 17:00:00,1625.2,1.7,0
2017-01-25 18:00:00,1598.8,1.7,0
2017-01-25 19:00:00,1386.3,2.2,0
2017-01-25 20:00:00,1354.5,2.8,0
2017-01-25 21:00:00,1326.5,2.8,0
2017-01-25 22:00:00,1374.3,2.2,0
2017-01-25 23:00:00,1309.0,3.3,0
2017-01-26 00:00:00,1089.8,3.3,0
2017-01-26 01:00:00,1006.1,3.3,0
2017-01-26 02:00:00,1039.6,3.3,0
2017-01-26 03:00:00,1165.9,2.8,0
2017-01-26 04:00:00,1192.7,3.4,0
2017-01-26 05:00:00,1151.2,3.9,0
2017-01-26 06:00:00,1239.1,3.3,0
2017-01-26 07:00:00,1284.9,3.9,0
2017-01-26 08:00:00,1357.6,3.3,0
2017-01-26 09:00:00,1506.0,3.9,0
2017-01-26 10:00:00,1308.0,4.4,0
2017-01-26 11:00:00,1272.7,3.9,0
2017-01-26 12:00:00,1349.1,3.9,0
2017-01-26 13:00:00,1386.0,3.3,0
2017-01-26 14:00:00,1260.2,2.8,0
2017-01-26 15:00:00,1425.0,2.2,0
2017-01-26 16:00:00,1418.0,2.2,0
2017-01-26 17:00:00,1456.5,1.7,0
2017-01-26 18:00:00,1600.1,1.7,0
2017-01-26 19:00:00,1410.0,1.1,0
2017-01-26 20:00:00,1484.2,1.1,0
2017-01-26 21:00:00,1448.0,1.1,0
2017-01-26 22:00:00,1470.6,0.6,0
2017-01-26 23:00:00,1420.4,1.1,0
2017-01-27 00:00:00,1410.4,1.1,0
2017-01-27 01:00:00,1286.2,1.7,0
2017-01-27 02:00:00,1205.6,1.1,0
2017-01-27 03:00:00,1152.5,0.6,0
2017-01-27 04:00:00,1355.5,0.6,0
2017-01-27 05:00:00,1443.6,0.3,0
2017-01-27 06:00:00,1532.2,0.0,0
2017-01-27 07:00:00,1718.9,0.0,0
2017-01-27 08:00:00,1770.3,-0.6,0
2017-01-27 09:00:00,1724.8,-0.6,0
2017-01-27 10:00:00,1724.2,0.0,0
2017-01-27 11:00:00,1674.0,0.0,0
2017-01-27 12:00:00,1771.8,0.6,0
2017-01-27 13:00:00,1765.7,0.0,0
2017-01-27 14:00:00,1562.7,0.0,0
2017-01-27 15:00:00,1541.7,0.0,0
2017-01-27 16:00:00,1716.5,0.6,0
2017-01-27 17:00:00,1857.5,0.0,0
2017-01-27 18:00:00,1756.3,0.0,0
2017-01-27 19:00:00,1723.3,-0.6,0
2017-01-27 20:00:00,1624.7,-1.7,0
2017-01-27 21:00:00,1616.3,-1.1,0
2017-01-27 22:00:00,1731.9,-1.7,0
2017-01-27 23:00:00,1661.0,-1.7,0
2017-01-28 00:00:00,1596.2,-1.7,0
2017-01-28 01:00:00,1321.5,-1.7,0
2017-01-28 02:00:00,1377.5,-1.7,0
2017-01-28 03:00:00,1444.5,-2.2,0
2017-01-28 04:00:00,1526.5,-2.2,0
2017-01-28 05:00:00,1612.1,-2.2,0
2017-01-28 06:00:00,1503.1,-2.2,0
2017-01-28 07:00:00,1526.1,-2.2,0
2017-01-28 08:00:00,1860.7,-2.2,0
2017-01-28 09:00:00,2012.7,-2.2,0
2017-01-28 10:00:00,1984.0,-2.8,0
2017-01-28 11:00:00,1828.8,-2.8,0
2017-01-28 12:00:00,1848.9,-2.2,0
2017-01-28 13:00:00,1853.5,-1.7,0
2017-01-28 14:00:00,1983.7,-2.8,0
2017-01-28 15:00:00,1838.9,-2.2,0
2017-01-28 16:00:00,1589.0,-1.7,0
2017-01-28 17:00:00,1681.4,-1.7,0
2017-01-28 18:00:00,1872.0,-1.7,0
2017-01-28 19:00:00,1914.7,-1.7,0
2017-01-28 20:00:00,1772.0,-1.7,0
2017-01-28 21:00:00,1661.2,-1.7,0
2017-01-28 22:00:00,1579.6,-1.7,0
2017-01-28 23:00:00,1608.6,-1.7,0
2017-01-29 00:00:00,1700.4,-1.7,0
2017-01-29 01:00:00,1644.6,-1.7,0
2017-01-29 02:00:00,1454.1,-1.7,0
2017-01-29 03:00:00,1324.1,-1.7,0
2017-01-29 04:00:00,1413.4,-1.7,0
2017-01-29 05:00:00,1515.0,-1.7,0
2017-01-29 06:00:00,1715.0,-1.7,0
2017-01-29 07:00:00,1775.4,-2.2,0
2017-01-29 08:00:00,1692.6,-2.2,0
2017-01-29 09:00:00,1851.4,-2.8,0
2017-01-29 10:00:00,1935.0,-2.2,0
2017-01-29 11:00:00,1951.0,-1.7,0
2017-01-29 12:00:00,1841.5,-3.0,0
2017-01-29 13:00:00,1712.3,-1.7,0
2017-01-29 14:00:00,1783.4,-1.1,0
2017-01-29 15:00:00,1889.4,-1.1,0
2017-01-29 16:00:00,1812.1,-2.2,0
2017-01-29 17:00:00,1757.1,-2.8,0
2017-01-29 18:00:00,1829.4,-3.3,0
2017-01-29 19:00:00,1935.8,-3.3,0
2017-01-29 20:00:00,1991.5,-3.9,0
2017-01-29 21:00:00,1984.9,-5.0,0
2017-01-29 22:00:00,1777.1,-5.0,0
2017-01-29 23:00:00,1681.5,-5.0,0
2017-01-30 00:00:00,1728.5,-6.1,0
2017-01-30 01:00:00,1834.6,-7.2,0
2017-01-30 02:00:00,1853.4,-7.2,0
2017-01-30 03:00:00,1669.0,-7.2,0
2017-01-30 04:00:00,1608.0,-7.2,0
2017-01-30 05:00:00,1675.7,-6.7,0
2017-01-30 06:00:00,2113.6,-7.0,0
2017-01-30 07:00:00,2302.9,-7.2,0
2017-01-30 08:00:00,2311.6,-7.2,0
2017-01-30 09:00:00,2129.1,-6.7,0
2017-01-30 10:00:00,2077.0,-5.6,0
2017-01-30 11:00:00,2020.2,-6.1,0
2017-01-30 12:00:00,2158.4,-5.0,0
2017-01-30 13:00:00,2229.9,-5.6,0
2017-01-30 14:00:00,2076.0,-5.6,0
2017-01-30 15:00:00,1898.6,-5.6,0
2017-01-30 16:00:00,1889.7,-7.2,0
2017-01-30 17:00:00,1995.5,-7.2,0
2017-01-30 18:00:00,2341.5,-8.9,0
2017-01-30 19:00:00,2430.4,-8.9,0
2017-01-30 20:00:00,2185.1,-10.0,0
2017-01-30 21:00:00,2117.6,-13.9,0
2017-01-30 22:00:00,2055.7,-13.9,0
2017-01-30 23:00:00,2081.8,-13.9,0
2017-01-31 00:00:00,2183.8,-15.0,0
2017-01-31 01:00:00,2137.0,-12.2,0
2017-01-31 02:00:00,1898.4,-11.1,0
2017-01-31 03:00:00,1699.9,-10.6,0
2017-01-31 04:00:00,1820.3,-10.0,0
2017-01-31 05:00:00,2105.4,-9.4,0
2017-01-31 06:00:00,2260.8,-8.9,0
2017-01-31 07:00:00,2365.3,-7.8,0
2017-01-31 08:00:00,2453.8,-7.2,0
2017-01-31 09:00:00,2399.3,-7.2,0
2017-01-31 10:00:00,2221.5,-5.6,0
2017-01-31 11:00:00,2318.0,-5.6,0
2017-01-31 12:00:00,2259.9,-4.4,1
2017-01-31 13:00:00,2201.8,-3.3,0
2017-01-31 14:00:00,2006.2,-3.9,0
2017-01-31 15:00:00,2035.4,-3.3,0
2017-01-31 16:00:00,2174.5,-3.3,0
2017-01-31 17:00:00,2070.6,-3.9,1
2017-01-31 18:00:00,1966.8,-3.9,0
2017-01-31 19:00:00,1881.9,-3.3,0
2017-01-31 20:00:00,1940.5,-3.3,0
2017-01-31 21:00:00,2001.0,-3.3,0
2017-01-31 22:00:00,2040.4,-2.8,0
2017-01-31 23:00:00,1685.8,-2.2,0
2017-02-01 00:00:00,1541.5,-2.2,0
2017-02-01 01:00:00,1369.2,-1.1,0
2017-02-01 02:00:00,1557.3,-1.1,0
2017-02-01 03:00:00,1536.8,-0.6,0
2017-02-01 04:00:00,1504.9,0.0,0
2017-02-01 05:00:00,1415.8,0.0,0
2017-02-01 06:00:00,1620.7,0.0,0
2017-02-01 07:00:00,1895.5,0.0,0
2017-02-01 08:00:00,2105.8,0.0,0
2017-02-01 09:00:00,1798.8,0.0,0
2017-02-01 10:00:00,1676.6,0.6,0
2017-02-01 11:00:00,1600.3,1.7,0
2017-02-01 12:00:00,1558.8,1.1,0
2017-02-01 13:00:00,1558.3,1.1,0
2017-02-01 14:00:00,1480.4,1.1,0
2017-02-01 15:00:00,1425.5,1.1,0
2017-02-01 16:00:00,1393.6,1.1,0
2017-02-01 17:00:00,1511.4,0.6,0
2017-02-01 18:00:00,1748.2,-0.6,0
2017-02-01 19:00:00,1889.4,-1.7,0
2017-02-01 20:00:00,1796.5,-2.2,0
2017-02-01 21:00:00,1504.8,-2.2,0
2017-02-01 22:00:00,1519.9,-2.8,0
2017-02-01 23:00:00,1612.7,-7.2,0
2017-02-02 00:00:00,1769.5,-3.9,0
2017-02-02 01:00:00,1674.8,-3.3,0
2017-02-02 02:00:00,1347.5,-3.3,0
2017-02-02 03:00:00,1393.6,-2.8,0
2017-02-02 04:00:00,1401.5,-2.2,0
2017-02-02 05:00:00,1718.0,-3.3,0
2017-02-02 06:00:00,1835.8,-3.3,0
2017-02-02 07:00:00,1901.2,-2.8,0
2017-02-02 08:00:00,1893.6,-3.9,0
2017-02-02 09:00:00,1940.1,-3.9,0
2017-02-02 10:00:00,2127.7,-3.9,0
2017-02-02 11:00:00,2041.5,-3.3,0
2017-02-02 12:00:00,1993.1,-3.3,0
2017-02-02 13:00:00,1747.4,-3.3,0
2017-02-02 14:00:00,1787.5,-2.8,0
2017-02-02 15:00:00,1802.8,-1.7,0
2017-02-02 16:00:00,1852.7,-2.8,0
2017-02-02 17:00:00,1888.7,-2.8,0
2017-02-02 18:00:00,1991.5,-3.9,0
2017-02-02 19:00:00,2140.8,-5.0,0
2017-02-02 20:00:00,2138.8,-5.0,0
2017-02-02 21:00:00,2033.7,-5.6,0
2017-02-02 22:00:00,2084.1,-6.1,0
2017-02-02 23:00:00,1891.2,-6.1,0
2017-02-03 00:00:00,1658.8,-7.2,0
2017-02-03 01:00:00,1615.6,-7.2,0
2017-02-03 02:00:00,1794.7,-7.8,0
2017-02-03 03:00:00,1825.9,-7.8,0
2017-02-03 04:00:00,1806.1,-7.8,0
2017-02-03 05:00:00,1833.0,-8.3,0
2017-02-03 06:00:00,1953.5,-8.3,0
2017-02-03 07:00:00,2112.9,-8.3,0
2017-02-03 08:00:00,2452.8,-8.3,0
2017-02-03 09:00:00,2480.0,-8.3,0
2017-02-03 10:00:00,2307.6,-7.8,0
2017-02-03 11:00:00,2146.4,-7.0,0
2017-02-03 12:00:00,2118.5,-7.2,0
2017-02-03 13:00:00,2212.2,-6.1,0
2017-02-03 14:00:00,2359.2,-6.1,0
2017-02-03 15:00:00,2203.8,-6.1,0
2017-02-03 16:00:00,2212.5,-6.7,0
2017-02-03 17:00:00,2185.2,-7.2,0
2017-02-03 18:00:00,2383.6,-7.8,0
2017-02-03 19:00:00,2334.3,-7.8,1
2017-02-03 20:00:00,2284.9,-8.9,1
2017-02-03 21:00:00,2235.6,-9.4,0
2017-02-03 22:00:00,2145.6,-9.4,0
2017-02-03 23:00:00,2010.1,-9.4,0
2017-02-04 00:00:00,2121.8,-8.9,0
2017-02-04 01:00:00,2136.9,-8.3,0
2017-02-04 02:00:00,1813.5,-8.9,0
2017-02-04 03:00:00,1702.8,-8.9,0
2017-02-04 04:00:00,1859.3,-8.3,0
2017-02-04 05:00:00,2051.4,-8.9,0
2017-02-04 06:00:00,2102.9,-8.9,0
2017-02-04 07:00:00,2289.7,-9.4,0
2017-02-04 08:00:00,2324.3,-9.4,0
2017-02-04 09:00:00,2372.2,-8.9,0
2017-02-04 10:00:00,2540.9,-7.2,0
2017-02-04 11:00:00,2164.1,-6.7,0
2017-02-04 12:00:00,1993.4,-5.6,0
2017-02-04 13:00:00,2043.2,-5.0,0
2017-02-04 14:00:00,2035.1,-3.3,0
2017-02-04 15:00:00,1857.4,-2.8,0
2017-02-04 16:00:00,1582.1,-2.8,0
2017-02-04 17:00:00,1284.1,-3.3,0
2017-02-04 18:00:00,1073.5,-4.4,1
2017-02-04 19:00:00,862.9,-6.7,0
2017-02-04 20:00:00,1912.8,-9.4,0
2017-02-04 21:00:00,2005.6,-7.2,0
2017-02-04 22:00:00,1652.0,-5.0,0
2017-02-04 23:00:00,1601.2,-5.0,0
2017-02-05 00:00:00,1518.2,-5.0,0
2017-02-05 01:00:00,1759.9,-4.4,0
2017-02-05 02:00:00,1760.7,-4.4,0
2017-02-05 03:00:00,1603.7,-4.4,0
2017-02-05 04:00:00,1522.6,-4.4,0
2017-02-05 05:00:00,1393.5,-3.9,0
2017-02-05 06:00:00,1543.7,-3.3,0
2017-02-05 07:00:00,1811.8,-3.3,0
2017-02-05 08:00:00,1978.7,-2.2,0
2017-02-05 09:00:00,1779.0,-1.7,0
2017-02-05 10:00:00,1605.6,-1.1,0
2017-02-05 11:00:00,1489.9,-0.6,0
2017-02-05 12:00:00,1723.3,-0.6,0
2017-02-05 13:00:00,1862.3,-0.6,0
2017-02-05 14:00:00,1782.1,0.0,0
2017-02-05 15:00:00,1554.3,0.0,0
2017-02-05 16:00:00,1392.9,0.6,0
2017-02-05 17:00:00,1568.3,0.6,0
2017-02-05 18:00:00,1632.1,1.1,0
2017-02-05 19:00:00,1713.1,1.1,0
2017-02-05 20:00:00,1695.6,0.6,0
2017-02-05 21:00:00,1579.7,0.0,0
2017-02-05 22:00:00,1530.7,0.0,0
2017-02-05 23:00:00,1495.0,0.0,0
2017-02-06 00:00:00,1526.9,-1.1,0
2017-02-06 01:00:00,1592.1,-1.7,0
2017-02-06 02:00:00,1611.9,-2.2,0
2017-02-06 03:00:00,1527.9,-2.8,0
2017-02-06 04:00:00,1519.1,-3.3,0
2017-02-06 05:00:00,1506.8,-3.9,0
2017-02-06 06:00:00,1802.4,-5.6,1
2017-02-06 07:00:00,2098.0,-5.6,0
2017-02-06 08:00:00,2186.6,-5.6,0
2017-02-06 09:00:00,2010.0,-5.0,0
2017-02-06 10:00:00,1818.7,-3.9,0
2017-02-06 11:00:00,1625.3,-3.3,0
2017-02-06 12:00:00,1768.6,-1.7,0
2017-02-06 13:00:00,1848.8,-1.1,0
2017-02-06 14:00:00,1645.9,0.0,0
2017-02-06 15:00:00,1405.1,1.1,0
2017-02-06 16:00:00,1268.7,2.2,0
2017-02-06 17:00:00,1381.5,1.1,0
2017-02-06 18:00:00,1738.6,-0.6,0
2017-02-06 19:00:00,1866.8,-2.2,0
2017-02-06 20:00:00,1781.9,-2.8,0
2017-02-06 21:00:00,1586.8,-2.2,0
2017-02-06 22:00:00,1397.5,-2.2,0
2017-02-06 23:00:00,1470.1,-1.7,0
2017-02-07 00:00:00,1529.1,-1.1,0
2017-02-07 01:00:00,1512.6,-1.1,0
2017-02-07 02:00:00,1457.7,-1.1,0
2017-02-07 03:00:00,1451.8,-1.1,0
2017-02-07 04:00:00,1254.5,-0.6,0
2017-02-07 05:00:00,1315.5,0.0,0
2017-02-07 06:00:00,1626.0,0.0,0
2017-02-07 07:00:00,1824.1,0.6,0
2017-02-07 08:00:00,1888.1,1.1,0
2017-02-07 09:00:00,1512.7,1.7,0
2017-02-07 10:00:00,1486.0,2.2,0
2017-02-07 11:00:00,1560.7,3.9,0
2017-02-07 12:00:00,1608.9,3.0,0
2017-02-07 13:00:00,1532.2,3.9,0
2017-02-07 14:00:00,1448.8,3.9,0
2017-02-07 15:00:00,1351.8,4.4,0
2017-02-07 16:00:00,1272.4,3.9,0
2017-02-07 17:00:00,1380.4,4.4,0
2017-02-07 18:00:00,1420.9,5.0,0
2017-02-07 19:00:00,1412.5,5.0,0
2017-02-07 20:00:00,1171.0,5.0,0
2017-02-07 21:00:00,1080.7,5.6,0
2017-02-07 22:00:00,1029.2,5.6,0
2017-02-07 23:00:00,1113.2,6.1,0
2017-02-08 00:00:00,1128.7,6.1,0
2017-02-08 01:00:00,1075.3,7.2,0
2017-02-08 02:00:00,904.0,8.9,0
2017-02-08 03:00:00,806.9,9.4,0
2017-02-08 04:00:00,732.8,10.0,0
2017-02-08 05:00:00,786.2,10.0,0
2017-02-08 06:00:00,942.1,9.4,0
2017-02-08 07:00:00,1139.2,7.2,0
2017-02-08 08:00:00,1479.8,3.9,0
2017-02-08 09:00:00,1404.9,3.3,0
2017-02-08 10:00:00,1559.9,3.3,0
2017-02-08 11:00:00,1358.0,3.0,0
2017-02-08 12:00:00,1351.2,2.2,0
2017-02-08 13:00:00,1426.9,2.8,0
2017-02-08 14:00:00,1269.8,1.7,0
2017-02-08 15:00:00,1323.4,2.2,0
2017-02-08 16:00:00,1403.3,1.1,0
2017-02-08 17:00:00,1577.3,-0.6,0
2017-02-08 18:00:00,1691.6,-1.0,0
2017-02-08 19:00:00,1728.3,-2.2,0
2017-02-08 20:00:00,1597.3,-2.2,0
2017-02-08 21:00:00,1576.8,-2.8,0
2017-02-08 22:00:00,1462.1,-2.8,0
2017-02-08 23:00:00,1639.9,-3.4,0
2017-02-09 00:00:00,1635.6,-3.9,0
2017-02-09 01:00:00,1705.6,-4.4,0
2017-02-09 02:00:00,1569.3,-5.6,0
2017-02-09 03:00:00,1458.1,-6.7,0
2017-02-09 04:00:00,1471.2,-6.7,0
2017-02-09 05:00:00,1854.0,-7.2,0
2017-02-09 06:00:00,1979.3,-7.8,0
2017-02-09 07:00:00,2152.8,-8.3,0
2017-02-09 08:00:00,2234.0,-9.4,0
2017-02-09 09:00:00,2276.2,-9.4,0
2017-02-09 10:00:00,2368.8,-9.4,0
2017-02-09 11:00:00,2387.9,-8.9,0
2017-02-09 12:00:00,2382.4,-8.9,0
2017-02-09 13:00:00,2225.5,-8.9,0
2017-02-09 14:00:00,2126.5,-9.0,0
2017-02-09 15:00:00,2106.5,-10.0,0
2017-02-09 16:00:00,2157.8,-10.0,0
2017-02-09 17:00:00,2279.1,-10.0,0
2017-02-09 18:00:00,2376.7,-10.6,1
2017-02-09 19:00:00,2474.3,-10.0,0
2017-02-09 20:00:00,2405.6,-9.4,0
2017-02-09 21:00:00,2287.6,-10.0,0
2017-02-09 22:00:00,2105.1,-9.4,0
2017-02-09 23:00:00,1998.8,-9.4,0
2017-02-10 00:00:00,2023.5,-8.9,0
2017-02-10 01:00:00,1980.8,-8.9,0
2017-02-10 02:00:00,1931.1,-8.9,0
2017-02-10 03:00:00,1969.0,-8.3,0
2017-02-10 04:00:00,1987.2,-8.3,0
2017-02-10 05:00:00,1996.7,-7.8,0
2017-02-10 06:00:00,2230.9,-8.9,0
2017-02-10 07:00:00,2374.6,-8.3,1
2017-02-10 08:00:00,2518.2,-8.3,0
2017-02-10 09:00:00,2529.9,-7.8,0
2017-02-10 10:00:00,2407.4,-7.2,0
2017-02-10 11:00:00,2137.5,-6.7,0
2017-02-10 12:00:00,2046.2,-5.6,0
2017-02-10 13:00:00,1956.0,-5.0,0
2017-02-10 14:00:00,1961.3,-3.9,0
2017-02-10 15:00:00,1917.7,-4.4,0
2017-02-10 16:00:00,2139.5,-3.9,0
2017-02-10 17:00:00,2288.0,-4.4,0
2017-02-10 18:00:00,2158.4,-4.4,0
2017-02-10 19:00:00,2281.0,-5.6,0
2017-02-10 20:00:00,2038.5,-5.6,0
2017-02-10 21:00:00,1964.0,-5.6,0
2017-02-10 22:00:00,1958.9,-5.6,0
2017-02-10 23:00:00,1921.4,-5.6,0
2017-02-11 00:00:00,1856.3,-5.0,0
2017-02-11 01:00:00,1813.6,-4.4,0
2017-02-11 02:00:00,1808.8,-3.9,0
2017-02-11 03:00:00,1740.6,-3.9,0
2017-02-11 04:00:00,1585.8,-3.3,0
2017-02-11 05:00:00,1624.6,-3.3,0
2017-02-11 06:00:00,1668.2,-2.8,0
2017-02-11 07:00:00,1944.2,-2.2,0
2017-02-11 08:00:00,2060.5,-1.7,0
2017-02-11 09:00:00,1928.3,-0.6,0
2017-02-11 10:00:00,1776.6,1.7,0
2017-02-11 11:00:00,1577.5,1.7,0
2017-02-11 12:00:00,1487.3,3.3,0
2017-02-11 13:00:00,1396.0,3.9,0
2017-02-11 14:00:00,1382.7,3.9,0
2017-02-11 15:00:00,1453.1,3.3,0
2017-02-11 16:00:00,1453.3,2.8,0
2017-02-11 17:00:00,1463.7,2.2,0
2017-02-11 18:00:00,1524.8,1.7,0
2017-02-11 19:00:00,1486.2,1.7,0
2017-02-11 20:00:00,1574.0,1.1,0
2017-02-11 21:00:00,1550.6,0.0,0
2017-02-11 22:00:00,1414.2,0.0,0
2017-02-11 23:00:00,1333.3,0.0,0
2017-02-12 00:00:00,1318.3,0.0,0
2017-02-12 01:00:00,1355.6,0.0,0
2017-02-12 02:00:00,1407.5,0.0,0
2017-02-12 03:00:00,1383.4,0.6,0
2017-02-12 04:00:00,1299.2,0.6,0
2017-02-12 05:00:00,1182.7,0.6,0
2017-02-12 06:00:00,1257.3,1.1,0
2017-02-12 07:00:00,1507.4,1.1,1
2017-02-12 08:00:00,1757.6,1.1,0
2017-02-12 09:00:00,1767.0,1.1,0
2017-02-12 10:00:00,1661.8,0.6,0
2017-02-12 11:00:00,1633.9,0.6,0
2017-02-12 12:00:00,1535.2,0.6,0
2017-02-12 13:00:00,1811.9,0.6,0
2017-02-12 14:00:00,1792.7,0.6,0
2017-02-12 15:00:00,1768.0,0.0,0
2017-02-12 16:00:00,1484.7,0.6,0
2017-02-12 17:00:00,1543.2,0.6,0
2017-02-12 18:00:00,1533.4,1.1,0
2017-02-12 19:00:00,1729.1,1.1,0
2017-02-12 20:00:00,1569.7,1.7,0
2017-02-12 21:00:00,1410.9,1.7,0
2017-02-12 22:00:00,1287.3,1.1,0
2017-02-12 23:00:00,1360.3,1.1,0
2017-02-13 00:00:00,1500.5,0.2,0
2017-02-13 01:00:00,1648.4,-0.6,0
2017-02-13 02:00:00,1541.7,-1.7,0
2017-02-13 03:00:00,1481.6,-2.2,0
2017-02-13 04:00:00,1428.6,-2.8,0
2017-02-13 05:00:00,1559.4,-2.8,0
2017-02-13 06:00:00,1872.4,-2.8,0
2017-02-13 07:00:00,2108.7,-3.3,0
2017-02-13 08:00:00,2171.9,-2.8,0
2017-02-13 09:00:00,2033.8,-2.8,0
2017-02-13 10:00:00,1967.7,-3.3,0
2017-02-13 11:00:00,1833.8,-2.8,0
2017-02-13 12:00:00,2055.5,-2.8,0
2017-02-13 13:00:00,2179.8,-3.3,0
2017-02-13 14:00:00,2063.0,-3.3,0
2017-02-13 15:00:00,2056.8,-3.3,0
2017-02-13 16:00:00,1905.3,-3.9,0
2017-02-13 17:00:00,1917.8,-3.9,0
2017-02-13 18:00:00,2279.4,-3.9,0
2017-02-13 19:00:00,2265.3,-4.4,0
2017-02-13 20:00:00,2130.7,-4.4,0
2017-02-13 21:00:00,1844.4,-4.4,0
2017-02-13 22:00:00,1656.6,-4.4,0
2017-02-13 23:00:00,1813.9,-4.4,0
2017-02-14 00:00:00,1977.7,-4.4,0
2017-02-14 01:00:00,1884.9,-4.4,0
2017-02-14 02:00:00,1574.9,-4.4,0
2017-02-14 03:00:00,1449.2,-5.0,0
2017-02-14 04:00:00,1662.8,-6.1,0
2017-02-14 05:00:00,1865.4,-8.3,0
2017-02-14 06:00:00,2059.0,-10.6,0
2017-02-14 07:00:00,2124.5,-10.6,0
2017-02-14 08:00:00,2189.6,-6.1,0
2017-02-14 09:00:00,2108.1,-4.4,0
2017-02-14 10:00:00,1863.4,-1.1,0
2017-02-14 11:00:00,1613.1,0.6,0
2017-02-14 12:00:00,1560.4,1.1,0
2017-02-14 13:00:00,1274.1,2.2,0
2017-02-14 14:00:00,1253.9,3.9,0
2017-02-14 15:00:00,1118.9,5.0,0
2017-02-14 16:00:00,1131.0,5.6,0
2017-02-14 17:00:00,1122.9,3.9,0
2017-02-14 18:00:00,1201.5,3.3,0
2017-02-14 19:00:00,1374.5,2.8,0
2017-02-14 20:00:00,1332.4,2.8,0
2017-02-14 21:00:00,1358.9,3.3,0
2017-02-14 22:00:00,1178.8,2.8,0
2017-02-14 23:00:00,1173.8,2.2,0
2017-02-15 00:00:00,1241.3,2.2,0
2017-02-15 01:00:00,1288.3,2.2,0
2017-02-15 02:00:00,1290.8,2.8,0
2017-02-15 03:00:00,1191.7,1.7,0
2017-02-15 04:00:00,1075.2,2.2,0
2017-02-15 05:00:00,1197.2,0.6,0
2017-02-15 06:00:00,1517.2,0.6,0
2017-02-15 07:00:00,1642.4,1.7,0
2017-02-15 08:00:00,1624.0,1.7,0
2017-02-15 09:00:00,1554.8,0.0,0
2017-02-15 10:00:00,1672.3,0.0,0
2017-02-15 11:00:00,1766.6,0.0,0
2017-02-15 12:00:00,1706.9,0.6,0
2017-02-15 13:00:00,1483.8,0.6,0
2017-02-15 14:00:00,1542.4,0.0,0
2017-02-15 15:00:00,1665.2,-1.1,0
2017-02-15 16:00:00,1628.5,0.6,0
2017-02-15 17:00:00,1620.4,0.6,0
2017-02-15 18:00:00,1588.1,-1.1,0
2017-02-15 19:00:00,1534.8,-1.1,0
2017-02-15 20:00:00,1658.8,-1.7,0
2017-02-15 21:00:00,1845.3,-2.8,0
2017-02-15 22:00:00,1707.6,-3.3,0
2017-02-15 23:00:00,1590.1,-3.3,0
2017-02-16 00:00:00,1452.3,-3.9,0
2017-02-16 01:00:00,1545.5,-5.0,0
2017-02-16 02:00:00,1825.8,-5.6,0
2017-02-16 03:00:00,1770.3,-5.6,0
2017-02-16 04:00:00,1682.4,-6.1,0
2017-02-16 05:00:00,1680.4,-6.7,0
2017-02-16 06:00:00,1747.8,-6.8,0
2017-02-16 07:00:00,2257.2,-7.0,0
2017-02-16 08:00:00,2422.9,-7.2,0
2017-02-16 09:00:00,2422.5,-7.2,0
2017-02-16 10:00:00,2086.1,-7.2,0
2017-02-16 11:00:00,1995.4,-7.2,0
2017-02-16 12:00:00,2133.9,-6.7,0
2017-02-16 13:00:00,2163.0,-6.7,1
2017-02-16 14:00:00,2192.1,-6.1,0
2017-02-16 15:00:00,1861.3,-5.6,0
2017-02-16 16:00:00,1846.3,-6.1,0
2017-02-16 17:00:00,1983.8,-6.1,0
2017-02-16 18:00:00,2288.7,-6.1,0
2017-02-16 19:00:00,2418.9,-5.6,0
2017-02-16 20:00:00,2078.1,-5.6,0
2017-02-16 21:00:00,1810.3,-5.6,0
2017-02-16 22:00:00,1753.2,-5.6,0
2017-02-16 23:00:00,1841.0,-5.6,0
2017-02-17 00:00:00,2020.6,-5.6,0
2017-02-17 01:00:00,1957.3,-5.6,0
2017-02-17 02:00:00,1648.6,-6.1,0
2017-02-17 03:00:00,1587.5,-6.1,0
2017-02-17 04:00:00,1684.2,-6.1,0
2017-02-17 05:00:00,2021.7,-6.1,0
2017-02-17 06:00:00,2174.5,-6.7,0
2017-02-17 07:00:00,2273.4,-6.7,0
2017-02-17 08:00:00,2162.2,-6.1,0
2017-02-17 09:00:00,2124.2,-6.1,0
2017-02-17 10:00:00,2065.6,-5.0,0
2017-02-17 11:00:00,2172.1,-5.0,0
2017-02-17 12:00:00,2039.0,-3.3,0
2017-02-17 13:00:00,1852.5,-2.2,0
2017-02-17 14:00:00,1493.0,0.6,0
2017-02-17 15:00:00,1547.7,-2.0,0
2017-02-17 16:00:00,1667.2,-0.6,0
2017-02-17 17:00:00,1713.8,-0.6,0
2017-02-17 18:00:00,1648.8,-1.7,0
2017-02-17 19:00:00,1720.9,-2.8,0
2017-02-17 20:00:00,1740.2,-4.4,0
2017-02-17 21:00:00,1655.7,-5.6,0
2017-02-17 22:00:00,1739.0,-5.6,0
2017-02-17 23:00:00,1750.4,-5.6,0
2017-02-18 00:00:00,1704.8,-2.2,0
2017-02-18 01:00:00,1597.9,-3.3,0
2017-02-18 02:00:00,1295.2,-1.1,0
2017-02-18 03:00:00,1293.5,-0.6,0
2017-02-18 04:00:00,1467.0,0.6,0
2017-02-18 05:00:00,1619.3,1.1,0
2017-02-18 06:00:00,1563.8,1.1,0
2017-02-18 07:00:00,1468.4,0.6,0
2017-02-18 08:00:00,1478.2,3.3,0
2017-02-18 09:00:00,1398.7,5.6,0
2017-02-18 10:00:00,1281.8,7.8,0
2017-02-18 11:00:00,1056.0,10.0,0
2017-02-18 12:00:00,885.8,12.2,0
2017-02-18 13:00:00,635.1,13.9,0
2017-02-18 14:00:00,564.4,16.0,0
2017-02-18 15:00:00,424.7,17.2,0
2017-02-18 16:00:00,423.7,16.1,0
2017-02-18 17:00:00,495.1,15.0,0
2017-02-18 18:00:00,862.4,8.3,0
2017-02-18 19:00:00,877.9,6.7,0
2017-02-18 20:00:00,885.5,3.9,0
2017-02-18 21:00:00,856.3,6.7,0
2017-02-18 22:00:00,868.6,10.0,0
2017-02-18 23:00:00,881.5,8.3,0
2017-02-19 00:00:00,790.0,8.9,0
2017-02-19 01:00:00,784.6,7.2,0
2017-02-19 02:00:00,875.5,6.7,0
2017-02-19 03:00:00,862.9,5.0,0
2017-02-19 04:00:00,1052.7,4.4,0
2017-02-19 05:00:00,1012.1,2.8,0
2017-02-19 06:00:00,1033.1,4.4,0
2017-02-19 07:00:00,1039.3,5.0,0
2017-02-19 08:00:00,1111.3,5.0,0
2017-02-19 09:00:00,1028.3,7.2,0
2017-02-19 10:00:00,1131.3,8.9,0
2017-02-19 11:00:00,955.0,11.1,0
2017-02-19 12:00:00,795.0,11.7,0
2017-02-19 13:00:00,710.6,12.8,0
2017-02-19 14:00:00,656.9,13.3,0
2017-02-19 15:00:00,682.7,13.9,0
2017-02-19 16:00:00,624.6,12.8,0
2017-02-19 17:00:00,732.0,11.7,0
2017-02-19 18:00:00,779.1,10.0,0
2017-02-19 19:00:00,896.3,7.8,0
2017-02-19 20:00:00,983.4,6.1,0
2017-02-19 21:00:00,1039.5,4.4,0
2017-02-19 22:00:00,1156.8,3.9,0
2017-02-19 23:00:00,1118.4,2.8,0
2017-02-20 00:00:00,1033.2,2.2,0
2017-02-20 01:00:00,1118.3,1.7,0
2017-02-20 02:00:00,1093.2,1.7,0
2017-02-20 03:00:00,1075.2,0.6,0
2017-02-20 04:00:00,1212.9,-0.6,0
2017-02-20 05:00:00,1228.6,-1.7,0
2017-02-20 06:00:00,1381.0,-0.6,0
2017-02-20 07:00:00,1405.0,-0.6,0
2017-02-20 08:00:00,1483.1,-0.6,0
2017-02-20 09:00:00,1449.9,0.0,0
2017-02-20 10:00:00,1330.1,1.1,0
2017-02-20 11:00:00,1465.4,1.1,0
2017-02-20 12:00:00,1255.1,1.7,0
2017-02-20 13:00:00,1381.7,2.8,0
2017-02-20 14:00:00,1215.0,3.3,0
2017-02-20 15:00:00,1089.2,3.3,0
2017-02-20 16:00:00,1096.4,3.3,0
2017-02-20 17:00:00,1086.1,2.2,0
2017-02-20 18:00:00,1437.6,0.0,0
2017-02-20 19:00:00,1546.1,-1.7,0
2017-02-20 20:00:00,1556.0,-2.2,0
2017-02-20 21:00:00,1491.6,-5.0,0
2017-02-20 22:00:00,1316.6,-6.1,0
2017-02-20 23:00:00,1370.2,-5.6,0
2017-02-21 00:00:00,1442.6,-5.0,0
2017-02-21 01:00:00,1504.2,-3.9,0
2017-02-21 02:00:00,1406.2,-3.3,0
2017-02-21 03:00:00,1268.3,-2.8,0
2017-02-21 04:00:00,1171.2,-1.7,0
2017-02-21 05:00:00,1330.1,-0.6,0
2017-02-21 06:00:00,1559.0,-1.1,0
2017-02-21 07:00:00,1760.4,0.0,0
2017-02-21 08:00:00,1635.1,1.1,0
2017-02-21 09:00:00,1407.2,2.2,0
2017-02-21 10:00:00,1405.0,2.2,0
2017-02-21 11:00:00,1316.9,3.3,0
2017-02-21 12:00:00,1420.5,5.6,0
2017-02-21 13:00:00,1180.8,7.2,0
2017-02-21 14:00:00,927.2,8.9,0
2017-02-21 15:00:00,920.4,8.3,0
2017-02-21 16:00:00,971.2,8.9,0
2017-02-21 17:00:00,1085.5,8.0,0
2017-02-21 18:00:00,1120.4,7.0,0
2017-02-21 19:00:00,1109.0,7.0,0
2017-02-21 20:00:00,1091.2,6.0,0
2017-02-21 21:00:00,1119.0,4.0,0
2017-02-21 22:00:00,1091.1,5.0,0
2017-02-21 23:00:00,1032.1,5.2,0
2017-02-22 00:00:00,948.8,5.3,0
2017-02-22 01:00:00,916.2,5.5,0
2017-02-22 02:00:00,892.9,5.6,0
2017-02-22 03:00:00,830.1,5.8,0
2017-02-22 04:00:00,862.1,5.9,0
2017-02-22 05:00:00,914.1,6.1,0
2017-02-22 06:00:00,1011.0,6.1,0
2017-02-22 07:00:00,1229.3,3.3,0
2017-02-22 08:00:00,1246.5,4.4,0
2017-02-22 09:00:00,1157.7,7.8,0
2017-02-22 10:00:00,901.3,10.0,0
2017-02-22 11:00:00,853.2,10.6,0
2017-02-22 12:00:00,781.4,13.3,0
2017-02-22 13:00:00,783.2,15.0,0
2017-02-22 14:00:00,469.9,14.4,0
2017-02-22 15:00:00,344.6,16.1,0
2017-02-22 16:00:00,342.5,15.6,0
2017-02-22 17:00:00,414.0,14.4,0
2017-02-22 18:00:00,561.3,13.9,0
2017-02-22 19:00:00,653.7,12.2,0
2017-02-22 20:00:00,852.5,10.6,0
2017-02-22 21:00:00,707.7,10.0,0
2017-02-22 22:00:00,720.1,10.6,0
2017-02-22 23:00:00,864.0,11.1,0
2017-02-23 00:00:00,770.8,9.4,0
2017-02-23 01:00:00,710.6,9.2,0
2017-02-23 02:00:00,626.7,9.1,0
2017-02-23 03:00:00,592.9,8.9,0
2017-02-23 04:00:00,629.7,8.9,0
2017-02-23 05:00:00,731.5,9.4,0
2017-02-23 06:00:00,866.9,10.0,0
2017-02-23 07:00:00,859.2,10.0,0
2017-02-23 08:00:00,888.9,10.6,0
2017-02-23 09:00:00,757.8,11.7,0
2017-02-23 10:00:00,696.7,14.4,0
2017-02-23 11:00:00,444.2,15.0,0
2017-02-23 12:00:00,347.9,17.2,0
2017-02-23 13:00:00,321.6,18.9,0
2017-02-23 14:00:00,248.5,18.9,0
2017-02-23 15:00:00,231.1,18.9,0
2017-02-23 16:00:00,271.3,19.4,0
2017-02-23 17:00:00,291.5,18.9,0
2017-02-23 18:00:00,339.1,17.2,0
2017-02-23 19:00:00,433.2,15.6,0
2017-02-23 20:00:00,434.8,13.9,0
2017-02-23 21:00:00,542.5,11.1,0
2017-02-23 22:00:00,694.3,12.2,0
2017-02-23 23:00:00,763.5,9.4,0
2017-02-24 00:00:00,762.5,8.3,0
2017-02-24 01:00:00,757.4,5.6,0
2017-02-24 02:00:00,831.8,6.1,0
2017-02-24 03:00:00,703.7,6.1,0
2017-02-24 04:00:00,684.6,7.2,0
2017-02-24 05:00:00,680.1,6.7,0
2017-02-24 06:00:00,781.3,6.7,0
2017-02-24 07:00:00,852.6,6.1,0
2017-02-24 08:00:00,1025.1,7.8,0
2017-02-24 09:00:00,922.2,11.7,0
2017-02-24 10:00:00,688.8,15.0,0
2017-02-24 11:00:00,417.5,18.9,0
2017-02-24 12:00:00,289.6,20.6,0
2017-02-24 13:00:00,200.6,22.2,0
2017-02-24 14:00:00,226.0,21.7,0
2017-02-24 15:00:00,263.4,22.2,0
2017-02-24 16:00:00,412.1,21.7,0
2017-02-24 17:00:00,343.7,21.1,0
2017-02-24 18:00:00,364.6,19.4,0
2017-02-24 19:00:00,301.4,17.8,0
2017-02-24 20:00:00,261.9,18.0,0
2017-02-24 21:00:00,365.7,17.2,0
2017-02-24 22:00:00,307.9,16.0,0
2017-02-24 23:00:00,284.4,16.1,0
2017-02-25 00:00:00,415.7,15.0,0
2017-02-25 01:00:00,347.1,15.0,0
2017-02-25 02:00:00,381.8,15.0,0
2017-02-25 03:00:00,342.7,15.0,0
2017-02-25 04:00:00,239.6,15.0,0
2017-02-25 05:00:00,335.0,15.6,0
2017-02-25 06:00:00,365.9,15.0,0
2017-02-25 07:00:00,423.9,15.6,0
2017-02-25 08:00:00,408.5,16.1,0
2017-02-25 09:00:00,381.4,16.7,0
2017-02-25 10:00:00,449.6,17.2,0
2017-02-25 11:00:00,407.8,17.2,0
2017-02-25 12:00:00,605.1,15.0,0
2017-02-25 13:00:00,748.5,13.3,0
2017-02-25 14:00:00,950.5,7.0,0
2017-02-25 15:00:00,1168.8,5.0,0
2017-02-25 16:00:00,1269.2,4.4,0
2017-02-25 17:00:00,1215.3,2.8,0
2017-02-25 18:00:00,1243.5,1.7,0
2017-02-25 19:00:00,1181.2,1.7,0
2017-02-25 20:00:00,1306.7,1.7,0
2017-02-25 21:00:00,1446.2,1.1,0
2017-02-25 22:00:00,1404.3,0.0,0
2017-02-25 23:00:00,1268.8,0.0,0
2017-02-26 00:00:00,1135.0,-0.6,0
2017-02-26 01:00:00,1237.6,-2.2,0
2017-02-26 02:00:00,1427.7,-2.5,0
2017-02-26 03:00:00,1422.6,-2.8,0
2017-02-26 04:00:00,1246.3,-2.8,0
2017-02-26 05:00:00,1234.4,-3.3,0
2017-02-26 06:00:00,1318.5,-3.3,0
2017-02-26 07:00:00,1435.0,-3.3,0
2017-02-26 08:00:00,1722.2,-3.9,0
2017-02-26 09:00:00,1887.2,-2.8,0
2017-02-26 10:00:00,1786.1,-2.8,0
2017-02-26 11:00:00,1524.8,-2.2,0
2017-02-26 12:00:00,1491.1,-1.7,0
2017-02-26 13:00:00,1681.1,-1.1,0
2017-02-26 14:00:00,1760.6,-1.1,0
2017-02-26 15:00:00,1661.7,-1.1,0
2017-02-26 16:00:00,1455.4,-0.6,0
2017-02-26 17:00:00,1329.6,-0.6,0
2017-02-26 18:00:00,1436.6,-1.1,0
2017-02-26 19:00:00,1712.9,-3.3,0
2017-02-26 20:00:00,1752.4,-3.3,0
2017-02-26 21:00:00,1664.8,-2.8,0
2017-02-26 22:00:00,1540.5,-2.8,0
2017-02-26 23:00:00,1400.2,-2.2,0
2017-02-27 00:00:00,1362.0,-2.8,0
2017-02-27 01:00:00,1465.5,-1.7,0
2017-02-27 02:00:00,1487.7,-1.1,0
2017-02-27 03:00:00,1421.5,-1.1,0
2017-02-27 04:00:00,1355.0,-1.1,0
2017-02-27 05:00:00,1276.9,-1.1,0
2017-02-27 06:00:00,1475.9,-0.6,0
2017-02-27 07:00:00,1802.1,-0.6,0
2017-02-27 08:00:00,1827.5,1.1,0
2017-02-27 09:00:00,1605.9,2.2,0
2017-02-27 10:00:00,1227.6,4.4,0
2017-02-27 11:00:00,1051.1,6.7,0
2017-02-27 12:00:00,1019.5,8.3,0
2017-02-27 13:00:00,924.5,8.9,0
2017-02-27 14:00:00,946.1,10.0,0
2017-02-27 15:00:00,873.6,9.4,0
2017-02-27 16:00:00,927.5,8.9,0
2017-02-27 17:00:00,843.0,8.9,0
2017-02-27 18:00:00,978.4,8.3,0
2017-02-27 19:00:00,965.2,7.2,0
2017-02-27 20:00:00,1017.7,5.6,0
2017-02-27 21:00:00,1241.6,4.4,0
2017-02-27 22:00:00,1286.5,3.3,0
2017-02-27 23:00:00,1178.8,1.7,0
2017-02-28 00:00:00,1119.4,0.0,0
2017-02-28 01:00:00,1032.3,2.8,0
2017-02-28 02:00:00,1042.7,2.8,0
2017-02-28 03:00:00,1076.3,2.2,0
2017-02-28 04:00:00,1100.4,2.2,0
2017-02-28 05:00:00,1071.3,2.2,0
2017-02-28 06:00:00,1013.3,2.2,0
2017-02-28 07:00:00,1262.7,2.2,0
2017-02-28 08:00:00,1474.4,3.9,0
2017-02-28 09:00:00,1219.4,5.6,0
2017-02-28 10:00:00,1084.8,8.9,0
2017-02-28 11:00:00,759.9,10.6,0
2017-02-28 12:00:00,677.2,12.8,0
2017-02-28 13:00:00,608.9,14.4,0
2017-02-28 14:00:00,497.8,13.9,0
2017-02-28 15:00:00,478.1,15.0,0
2017-02-28 16:00:00,573.5,14.4,0
2017-02-28 17:00:00,675.3,13.3,0
2017-02-28 18:00:00,691.9,13.3,0
2017-02-28 19:00:00,613.4,13.3,0
2017-02-28 20:00:00,660.7,13.3,0
2017-02-28 21:00:00,650.3,12.8,0
2017-02-28 22:00:00,645.7,12.8,0
2017-02-28 23:00:00,755.4,12.2,0
2017-03-01 00:00:00,703.7,11.7,0
2017-03-01 01:00:00,656.8,11.7,0
2017-03-01 02:00:00,581.6,11.7,0
2017-03-01 03:00:00,498.0,11.7,0
2017-03-01 04:00:00,543.9,11.7,0
2017-03-01 05:00:00,476.0,11.7,0
2017-03-01 06:00:00,640.8,12.2,0
2017-03-01 07:00:00,747.7,12.8,0
2017-03-01 08:00:00,741.7,13.3,0
2017-03-01 09:00:00,674.1,13.9,0
2017-03-01 10:00:00,513.6,15.0,0
2017-03-01 11:00:00,449.0,15.0,0
2017-03-01 12:00:00,460.1,16.7,0
2017-03-01 13:00:00,435.7,17.8,0
2017-03-01 14:00:00,422.1,17.2,0
2017-03-01 15:00:00,311.5,17.2,0
2017-03-01 16:00:00,366.2,18.3,0
2017-03-01 17:00:00,382.1,17.8,0
2017-03-01 18:00:00,437.1,16.7,0
2017-03-01 19:00:00,512.4,16.1,0
2017-03-01 20:00:00,574.6,15.6,0
2017-03-01 21:00:00,775.3,11.1,0
2017-03-01 22:00:00,750.2,11.1,0
2017-03-01 23:00:00,777.2,9.4,0
2017-03-02 00:00:00,752.7,7.2,0
2017-03-02 01:00:00,780.7,5.6,0
2017-03-02 02:00:00,870.6,4.4,0
2017-03-02 03:00:00,1018.8,3.6,0
2017-03-02 04:00:00,1097.6,2.8,0
2017-03-02 05:00:00,1264.8,0.0,0
2017-03-02 06:00:00,1484.9,-2.8,0
2017-03-02 07:00:00,1628.1,-4.4,0
2017-03-02 08:00:00,1801.7,-4.4,0
2017-03-02 09:00:00,1780.8,-3.9,0
2017-03-02 10:00:00,1590.8,-2.8,0
2017-03-02 11:00:00,1526.6,-2.8,0
2017-03-02 12:00:00,1504.3,-1.7,0
2017-03-02 13:00:00,1655.6,-0.6,0
2017-03-02 14:00:00,1484.6,0.0,0
2017-03-02 15:00:00,1382.5,0.6,0
2017-03-02 16:00:00,1294.6,0.0,0
2017-03-02 17:00:00,1280.3,-1.1,0
2017-03-02 18:00:00,1705.9,-2.2,0
2017-03-02 19:00:00,1800.4,-2.8,0
2017-03-02 20:00:00,1772.4,-3.3,0
2017-03-02 21:00:00,1718.6,-3.9,0
2017-03-02 22:00:00,1543.1,-3.9,0
2017-03-02 23:00:00,1569.0,-4.4,0
2017-03-03 00:00:00,1420.5,-5.6,0
2017-03-03 01:00:00,1689.7,-6.1,0
2017-03-03 02:00:00,1698.4,-6.6,0
2017-03-03 03:00:00,1613.3,-7.2,0
2017-03-03 04:00:00,1525.8,-7.8,0
2017-03-03 05:00:00,1532.0,-7.8,0
2017-03-03 06:00:00,1967.8,-9.4,0
2017-03-03 07:00:00,2244.5,-9.4,0
2017-03-03 08:00:00,2260.5,-7.8,0
2017-03-03 09:00:00,1813.0,-6.1,0
2017-03-03 10:00:00,1744.1,-3.9,0
2017-03-03 11:00:00,1622.4,-2.8,0
2017-03-03 12:00:00,1779.5,-2.8,0
2017-03-03 13:00:00,1918.4,-3.3,0
2017-03-03 14:00:00,2063.1,-5.6,0
2017-03-03 15:00:00,2070.9,-6.1,0
2017-03-03 16:00:00,2049.3,-5.6,0
2017-03-03 17:00:00,1999.8,-7.2,0
2017-03-03 18:00:00,2074.7,-8.3,0
2017-03-03 19:00:00,2351.4,-8.9,0
2017-03-03 20:00:00,2330.2,-8.9,1
2017-03-03 21:00:00,2308.9,-9.4,0
2017-03-03 22:00:00,1947.1,-10.0,0
2017-03-03 23:00:00,1792.1,-9.4,0
2017-03-04 00:00:00,1980.4,-10.0,0
2017-03-04 01:00:00,2191.0,-10.0,0
2017-03-04 02:00:00,2096.5,-11.1,0
2017-03-04 03:00:00,1932.4,-10.0,0
2017-03-04 04:00:00,1727.1,-10.6,0
2017-03-04 05:00:00,1821.3,-10.6,0
2017-03-04 06:00:00,2089.7,-11.1,0
2017-03-04 07:00:00,2384.6,-11.1,0
2017-03-04 08:00:00,2470.9,-10.0,0
2017-03-04 09:00:00,2577.5,-9.4,0
2017-03-04 10:00:00,2443.2,-10.0,0
2017-03-04 11:00:00,2441.9,-10.0,0
2017-03-04 12:00:00,2550.8,-10.0,0
2017-03-04 13:00:00,2400.6,-10.0,0
2017-03-04 14:00:00,2392.3,-10.6,1
2017-03-04 15:00:00,2384.0,-11.1,0
2017-03-04 16:00:00,2394.1,-10.6,0
2017-03-04 17:00:00,2279.0,-11.7,0
2017-03-04 18:00:00,2323.5,-12.2,0
2017-03-04 19:00:00,2321.4,-13.3,0
2017-03-04 20:00:00,2372.2,-14.4,1
2017-03-04 21:00:00,2422.9,-14.4,1
2017-03-04 22:00:00,2473.7,-14.4,0
2017-03-04 23:00:00,2109.1,-16.1,0
2017-03-05 00:00:00,2038.0,-16.7,0
2017-03-05 01:00:00,2212.9,-18.3,0
2017-03-05 02:00:00,2441.3,-18.3,0
2017-03-05 03:00:00,2390.6,-18.9,0
2017-03-05 04:00:00,2207.9,-18.9,0
2017-03-05 05:00:00,2194.8,-19.4,0
2017-03-05 06:00:00,2249.7,-20.0,0
2017-03-05 07:00:00,2293.4,-20.0,1
2017-03-05 08:00:00,2337.1,-16.7,1
2017-03-05 09:00:00,2380.8,-12.8,1
2017-03-05 10:00:00,2424.5,-10.6,0
2017-03-05 11:00:00,2206.8,-6.7,0
2017-03-05 12:00:00,2104.9,-7.2,0
2017-03-05 13:00:00,2218.5,-4.4,0
2017-03-05 14:00:00,2073.0,-2.2,0
2017-03-05 15:00:00,1751.5,0.0,0
2017-03-05 16:00:00,1590.2,-0.6,0
2017-03-05 17:00:00,1780.6,-2.2,0
2017-03-05 18:00:00,2000.2,-3.9,0
2017-03-05 19:00:00,2136.0,-5.6,0
2017-03-05 20:00:00,2118.3,-6.1,0
2017-03-05 21:00:00,1991.6,-6.7,0
2017-03-05 22:00:00,1926.7,-7.2,0
2017-03-05 23:00:00,1895.5,-8.3,0
2017-03-06 00:00:00,1838.2,-7.8,0
2017-03-06 01:00:00,1853.7,-6.1,0
2017-03-06 02:00:00,1809.2,-5.0,0
2017-03-06 03:00:00,1647.7,-4.4,0
2017-03-06 04:00:00,1581.8,-3.3,0
2017-03-06 05:00:00,1505.5,-3.3,0
2017-03-06 06:00:00,1834.0,-3.3,1
2017-03-06 07:00:00,2162.5,-2.8,0
2017-03-06 08:00:00,2181.0,-1.7,0
2017-03-06 09:00:00,1853.9,-0.6,0
2017-03-06 10:00:00,1675.5,0.6,0
2017-03-06 11:00:00,1601.4,2.2,0
2017-03-06 12:00:00,1643.1,4.4,0
2017-03-06 13:00:00,1370.8,7.8,0
2017-03-06 14:00:00,975.5,8.9,0
2017-03-06 15:00:00,802.5,10.0,0
2017-03-06 16:00:00,851.0,10.6,0
2017-03-06 17:00:00,991.7,10.6,0
2017-03-06 18:00:00,1144.7,9.4,0
2017-03-06 19:00:00,1199.7,8.9,0
2017-03-06 20:00:00,1050.4,8.3,0
2017-03-06 21:00:00,994.0,7.8,0
2017-03-06 22:00:00,1011.8,6.7,0
2017-03-06 23:00:00,1100.1,6.1,0
2017-03-07 00:00:00,1049.2,4.4,0
2017-03-07 01:00:00,1046.6,4.4,0
2017-03-07 02:00:00,1038.1,4.4,0
2017-03-07 03:00:00,999.2,4.4,0
2017-03-07 04:00:00,977.5,4.4,0
2017-03-07 05:00:00,1036.3,4.4,0
2017-03-07 06:00:00,1003.0,5.0,0
2017-03-07 07:00:00,1169.2,5.0,0
2017-03-07 08:00:00,1265.3,5.6,0
2017-03-07 09:00:00,1270.5,5.6,0
2017-03-07 10:00:00,1332.0,6.1,0
2017-03-07 11:00:00,1073.9,7.2,0
2017-03-07 12:00:00,952.7,8.9,0
2017-03-07 13:00:00,882.7,9.4,0
2017-03-07 14:00:00,932.6,10.0,0
2017-03-07 15:00:00,964.3,10.6,0
2017-03-07 16:00:00,960.5,10.0,0
2017-03-07 17:00:00,814.1,9.4,0
2017-03-07 18:00:00,908.0,9.4,0
2017-03-07 19:00:00,922.2,9.4,0
2017-03-07 20:00:00,882.5,10.0,0
2017-03-07 21:00:00,941.7,10.0,0
2017-03-07 22:00:00,883.5,11.1,0
2017-03-07 23:00:00,816.1,11.1,0
2017-03-08 00:00:00,693.1,11.7,0
2017-03-08 01:00:00,820.7,5.6,0
2017-03-08 02:00:00,971.6,3.9,0
2017-03-08 03:00:00,1139.3,2.8,0
2017-03-08 04:00:00,1170.3,2.2,0
2017-03-08 05:00:00,1025.7,1.7,0
2017-03-08 06:00:00,1125.3,1.7,0
2017-03-08 07:00:00,1254.8,1.1,0
2017-03-08 08:00:00,1401.8,2.8,0
2017-03-08 09:00:00,1283.2,5.0,0
2017-03-08 10:00:00,1069.7,7.2,0
2017-03-08 11:00:00,822.3,8.9,0
2017-03-08 12:00:00,824.0,10.0,0
2017-03-08 13:00:00,884.6,8.9,0
2017-03-08 14:00:00,980.0,11.1,0
2017-03-08 15:00:00,944.6,10.6,0
2017-03-08 16:00:00,810.1,10.6,0
2017-03-08 17:00:00,754.2,10.6,0
2017-03-08 18:00:00,837.8,10.0,0
2017-03-08 19:00:00,1021.9,10.0,0
2017-03-08 20:00:00,1031.5,8.3,0
2017-03-08 21:00:00,953.0,8.3,0
2017-03-08 22:00:00,944.2,6.7,0
2017-03-08 23:00:00,991.0,6.7,0
2017-03-09 00:00:00,1025.1,6.1,0
2017-03-09 01:00:00,1073.2,5.6,0
2017-03-09 02:00:00,1030.0,4.4,0
2017-03-09 03:00:00,895.4,5.0,0
2017-03-09 04:00:00,957.1,4.4,0
2017-03-09 05:00:00,1095.3,2.8,0
2017-03-09 06:00:00,1411.9,1.7,0
2017-03-09 07:00:00,1502.5,0.6,0
2017-03-09 08:00:00,1573.2,1.1,0
2017-03-09 09:00:00,1390.4,1.7,0
2017-03-09 10:00:00,1194.5,2.8,0
2017-03-09 11:00:00,1211.7,3.9,0
2017-03-09 12:00:00,1207.4,5.0,0
2017-03-09 13:00:00,1149.9,5.6,0
2017-03-09 14:00:00,1088.7,5.0,0
2017-03-09 15:00:00,914.4,5.6,0
2017-03-09 16:00:00,1043.2,5.0,0
2017-03-09 17:00:00,1114.9,3.3,0
2017-03-09 18:00:00,1388.1,2.2,0
2017-03-09 19:00:00,1487.0,1.1,0
2017-03-09 20:00:00,1276.2,0.6,0
2017-03-09 21:00:00,1224.7,0.6,0
2017-03-09 22:00:00,1236.2,0.6,0
2017-03-09 23:00:00,1195.0,0.0,0
2017-03-10 00:00:00,1224.7,0.0,0
2017-03-10 01:00:00,1353.5,0.0,0
2017-03-10 02:00:00,1200.2,-1.1,0
2017-03-10 03:00:00,1236.7,-1.7,0
2017-03-10 04:00:00,1104.5,-1.7,0
2017-03-10 05:00:00,1173.8,-2.2,0
2017-03-10 06:00:00,1574.0,-2.2,0
2017-03-10 07:00:00,1733.8,-2.8,0
2017-03-10 08:00:00,1862.0,-3.3,0
2017-03-10 09:00:00,1760.6,-3.3,0
2017-03-10 10:00:00,1719.2,-3.3,0
2017-03-10 11:00:00,1909.5,-3.9,0
2017-03-10 12:00:00,2083.9,-4.4,0
2017-03-10 13:00:00,2026.5,-4.4,0
2017-03-10 14:00:00,1845.2,-3.9,0
2017-03-10 15:00:00,1732.4,-3.3,0
2017-03-10 16:00:00,1802.9,-6.1,0
2017-03-10 17:00:00,2017.6,-6.7,0
2017-03-10 18:00:00,2309.4,-7.8,0
2017-03-10 19:00:00,2376.1,-8.3,0
2017-03-10 20:00:00,2326.7,-8.9,0
2017-03-10 21:00:00,2280.1,-10.0,0
2017-03-10 22:00:00,2166.8,-10.6,0
2017-03-10 23:00:00,2101.5,-11.7,0
2017-03-11 00:00:00,2037.9,-11.1,0
2017-03-11 01:00:00,2055.7,-11.7,0
2017-03-11 02:00:00,2023.8,-11.7,0
2017-03-11 03:00:00,2034.2,-11.7,0
2017-03-11 04:00:00,2061.9,-11.7,0
2017-03-11 05:00:00,2066.1,-12.8,0
2017-03-11 06:00:00,2136.1,-13.3,0
2017-03-11 07:00:00,2244.7,-13.3,0
2017-03-11 08:00:00,2522.7,-12.2,0
2017-03-11 09:00:00,2555.6,-11.1,1
2017-03-11 10:00:00,2588.4,-10.6,0
2017-03-11 11:00:00,2367.0,-9.4,0
2017-03-11 12:00:00,2205.8,-10.0,0
2017-03-11 13:00:00,2139.2,-7.8,0
2017-03-11 14:00:00,2376.5,-9.4,0
2017-03-11 15:00:00,2313.6,-8.3,0
2017-03-11 16:00:00,2328.4,-8.3,0
2017-03-11 17:00:00,2382.4,-8.9,0
2017-03-11 18:00:00,2359.4,-9.4,0
2017-03-11 19:00:00,2376.2,-10.0,0
2017-03-11 20:00:00,2370.5,-9.4,0
2017-03-11 21:00:00,2346.3,-9.4,0
2017-03-11 22:00:00,2290.7,-9.4,0
2017-03-11 23:00:00,2335.6,-10.0,0
2017-03-12 00:00:00,2250.5,-10.6,0
2017-03-12 01:00:00,2245.1,-10.6,0
2017-03-12 02:00:00,2298.4,-11.7,1
2017-03-12 03:00:00,2351.7,-11.7,0
2017-03-12 04:00:00,2208.6,-12.2,0
2017-03-12 05:00:00,2072.4,-12.8,0
2017-03-12 06:00:00,2052.2,-13.3,0
2017-03-12 07:00:00,2347.8,-12.8,0
2017-03-12 08:00:00,2456.9,-12.2,1
2017-03-12 09:00:00,2566.0,-11.7,1
2017-03-12 10:00:00,2675.1,-11.1,0
2017-03-12 11:00:00,2495.7,-11.0,0
2017-03-12 12:00:00,2367.9,-9.4,0
2017-03-12 13:00:00,2322.0,-8.3,1
2017-03-12 14:00:00,2276.1,-8.0,1
2017-03-12 15:00:00,2230.2,-7.2,0
2017-03-12 16:00:00,1900.0,-7.0,0
2017-03-12 17:00:00,1922.8,-8.3,0
2017-03-12 18:00:00,2165.1,-8.3,0
2017-03-12 19:00:00,2293.1,-9.4,1
2017-03-12 20:00:00,2421.0,-8.9,0
2017-03-12 21:00:00,2183.9,-10.0,0
2017-03-12 22:00:00,1983.6,-10.6,0
2017-03-12 23:00:00,2099.3,-10.6,0
2017-03-13 00:00:00,2129.7,-9.4,0
2017-03-13 01:00:00,2257.0,-9.4,0
2017-03-13 02:00:00,2152.9,-9.4,0
2017-03-13 03:00:00,1981.8,-10.6,0
2017-03-13 04:00:00,1818.5,-11.7,0
2017-03-13 05:00:00,2026.6,-12.2,1
2017-03-13 06:00:00,2234.7,-15.0,1
2017-03-13 07:00:00,2442.8,-13.3,1
2017-03-13 08:00:00,2650.9,-11.7,0
2017-03-13 09:00:00,2494.9,-7.8,1
2017-03-13 10:00:00,2338.9,-6.7,0
2017-03-13 11:00:00,2160.3,-4.4,0
2017-03-13 12:00:00,2078.6,-3.3,0
2017-03-13 13:00:00,2064.5,-2.2,0
2017-03-13 14:00:00,1895.1,-0.6,0
2017-03-13 15:00:00,1748.2,-1.7,0
2017-03-13 16:00:00,1791.1,-1.1,0
2017-03-13 17:00:00,1716.9,-2.2,0
2017-03-13 18:00:00,1753.1,-4.4,0
2017-03-13 19:00:00,1939.7,-6.1,0
2017-03-13 20:00:00,2096.6,-7.2,0
2017-03-13 21:00:00,1989.2,-6.7,0
2017-03-13 22:00:00,1985.3,-6.7,0
2017-03-13 23:00:00,1838.1,-6.7,0
2017-03-14 00:00:00,1769.1,-6.7,0
2017-03-14 01:00:00,1814.2,-6.1,0
2017-03-14 02:00:00,1824.3,-6.7,0
2017-03-14 03:00:00,1834.0,-6.7,0
2017-03-14 04:00:00,1675.0,-6.7,0
2017-03-14 05:00:00,1691.0,-6.7,0
2017-03-14 06:00:00,1799.9,-7.2,0
2017-03-14 07:00:00,2236.6,-7.2,0
2017-03-14 08:00:00,2314.0,-6.7,0
2017-03-14 09:00:00,2307.1,-6.7,0
2017-03-14 10:00:00,2184.0,-6.7,0
2017-03-14 11:00:00,2151.5,-7.2,0
2017-03-14 12:00:00,2102.1,-6.7,0
2017-03-14 13:00:00,2220.6,-7.8,0
2017-03-14 14:00:00,2372.7,-8.3,0
2017-03-14 15:00:00,2356.8,-8.9,0
2017-03-14 16:00:00,2409.3,-8.9,0
2017-03-14 17:00:00,2352.7,-9.4,0
2017-03-14 18:00:00,2450.3,-9.4,0
2017-03-14 19:00:00,2318.3,-9.4,0
2017-03-14 20:00:00,2336.8,-9.4,0
2017-03-14 21:00:00,2383.2,-9.4,0
2017-03-14 22:00:00,2365.7,-9.4,0
2017-03-14 23:00:00,2427.6,-9.4,0
2017-03-15 00:00:00,2191.6,-10.0,0
2017-03-15 01:00:00,1940.6,-9.4,0
2017-03-15 02:00:00,1888.4,-9.4,0
2017-03-15 03:00:00,2038.0,-10.0,0
2017-03-15 04:00:00,2197.6,-10.0,0
2017-03-15 05:00:00,2310.7,-10.0,0
2017-03-15 06:00:00,2405.9,-10.0,0
2017-03-15 07:00:00,2379.2,-10.0,0
2017-03-15 08:00:00,2392.7,-10.0,0
2017-03-15 09:00:00,2240.5,-10.0,0
2017-03-15 10:00:00,2403.2,-9.4,0
2017-03-15 11:00:00,2507.4,-9.4,0
2017-03-15 12:00:00,2439.4,-8.9,0
2017-03-15 13:00:00,2120.1,-9.0,0
2017-03-15 14:00:00,1951.9,-8.9,0
2017-03-15 15:00:00,2046.7,-8.3,0
2017-03-15 16:00:00,2357.4,-7.8,0
2017-03-15 17:00:00,2396.9,-7.8,0
2017-03-15 18:00:00,2189.7,-7.2,0
2017-03-15 19:00:00,2032.2,-6.7,0
2017-03-15 20:00:00,1997.6,-6.7,0
2017-03-15 21:00:00,2298.4,-6.7,0
2017-03-15 22:00:00,2262.3,-6.7,0
2017-03-15 23:00:00,2054.7,-6.7,0
2017-03-16 00:00:00,1897.5,-6.7,0
2017-03-16 01:00:00,1850.2,-7.2,0
2017-03-16 02:00:00,1860.8,-7.2,0
2017-03-16 03:00:00,1995.7,-7.8,0
2017-03-16 04:00:00,2112.6,-7.2,0
2017-03-16 05:00:00,2048.1,-7.2,0
2017-03-16 06:00:00,2033.0,-7.8,1
2017-03-16 07:00:00,2017.9,-7.8,0
2017-03-16 08:00:00,2342.1,-6.7,0
2017-03-16 09:00:00,2465.3,-6.1,0
2017-03-16 10:00:00,2317.8,-6.0,0
2017-03-16 11:00:00,1994.0,-4.4,0
2017-03-16 12:00:00,1862.2,-3.9,0
2017-03-16 13:00:00,1794.9,-2.8,0
2017-03-16 14:00:00,1711.3,-2.2,0
2017-03-16 15:00:00,1655.8,-2.2,0
2017-03-16 16:00:00,1606.8,-2.2,0
2017-03-16 17:00:00,1663.7,-2.2,0
2017-03-16 18:00:00,1655.6,-2.2,0
2017-03-16 19:00:00,1502.9,-2.8,0
2017-03-16 20:00:00,1590.7,-2.8,0
2017-03-16 21:00:00,1836.2,-2.8,0
2017-03-16 22:00:00,1854.7,-2.8,0
2017-03-16 23:00:00,1841.5,-2.8,0
2017-03-17 00:00:00,1564.4,-4.4,0
2017-03-17 01:00:00,1526.1,-5.0,0
2017-03-17 02:00:00,1435.7,-5.6,0
2017-03-17 03:00:00,1579.4,-6.1,0
2017-03-17 04:00:00,1740.6,-8.1,0
2017-03-17 05:00:00,1782.2,-10.2,0
2017-03-17 06:00:00,1823.6,-12.2,0
2017-03-17 07:00:00,1955.5,-12.8,0
2017-03-17 08:00:00,1916.0,-7.8,0
2017-03-17 09:00:00,1989.3,-3.3,0
2017-03-17 10:00:00,1779.9,-1.1,0
2017-03-17 11:00:00,1698.5,0.0,0
2017-03-17 12:00:00,1532.2,1.1,0
2017-03-17 13:00:00,1343.8,1.1,0
2017-03-17 14:00:00,1366.8,2.2,0
2017-03-17 15:00:00,1212.2,2.8,0
2017-03-17 16:00:00,1181.3,2.2,0
2017-03-17 17:00:00,1216.8,2.2,0
2017-03-17 18:00:00,1142.2,1.1,0
2017-03-17 19:00:00,1344.5,-2.2,0
2017-03-17 20:00:00,1424.4,-3.9,0
2017-03-17 21:00:00,1580.3,-3.3,0
2017-03-17 22:00:00,1638.2,-6.7,0
2017-03-17 23:00:00,1479.2,-6.7,0
2017-03-18 00:00:00,1444.4,-5.0,0
2017-03-18 01:00:00,1498.1,-3.3,0
2017-03-18 02:00:00,1512.7,-4.4,0
2017-03-18 03:00:00,1545.6,-3.9,0
2017-03-18 04:00:00,1600.6,-3.9,0
2017-03-18 05:00:00,1460.3,-3.3,0
2017-03-18 06:00:00,1392.0,-2.8,0
2017-03-18 07:00:00,1527.5,-2.2,0
2017-03-18 08:00:00,1788.6,-0.6,0
2017-03-18 09:00:00,1817.7,0.6,0
2017-03-18 10:00:00,1617.6,0.0,0
2017-03-18 11:00:00,1529.0,0.0,0
2017-03-18 12:00:00,1605.7,-0.6,0
2017-03-18 13:00:00,1672.4,-0.6,0
2017-03-18 14:00:00,1709.7,0.0,0
2017-03-18 15:00:00,1574.1,0.0,0
2017-03-18 16:00:00,1525.1,0.0,0
2017-03-18 17:00:00,1397.6,0.0,0
2017-03-18 18:00:00,1506.9,-0.6,0
2017-03-18 19:00:00,1658.3,-0.6,0
2017-03-18 20:00:00,1746.3,-0.6,0
2017-03-18 21:00:00,1715.2,-0.6,0
2017-03-18 22:00:00,1497.9,-0.6,0
2017-03-18 23:00:00,1385.1,-0.6,0
2017-03-19 00:00:00,1358.8,-0.6,0
2017-03-19 01:00:00,1531.6,-0.6,0
2017-03-19 02:00:00,1503.5,-1.1,0
2017-03-19 03:00:00,1373.7,-1.1,0
2017-03-19 04:00:00,1215.3,-1.1,0
2017-03-19 05:00:00,1224.2,-1.1,0
2017-03-19 06:00:00,1394.4,-1.1,0
2017-03-19 07:00:00,1731.7,-1.1,0
2017-03-19 08:00:00,1761.7,-0.6,0
2017-03-19 09:00:00,1640.5,0.0,0
2017-03-19 10:00:00,1470.6,0.6,0
2017-03-19 11:00:00,1366.5,1.1,0
2017-03-19 12:00:00,1302.3,1.7,0
2017-03-19 13:00:00,1364.9,2.8,0
2017-03-19 14:00:00,1386.7,3.0,0
2017-03-19 15:00:00,1144.4,3.3,0
2017-03-19 16:00:00,1017.2,2.8,0
2017-03-19 17:00:00,1063.3,2.2,0
2017-03-19 18:00:00,1306.0,1.7,0
2017-03-19 19:00:00,1298.4,0.6,0
2017-03-19 20:00:00,1461.0,-0.6,0
2017-03-19 21:00:00,1428.6,-1.1,0
2017-03-19 22:00:00,1498.4,-2.8,0
2017-03-19 23:00:00,1335.2,-6.1,0
2017-03-20 00:00:00,1425.1,-8.3,0
2017-03-20 01:00:00,1459.9,-7.2,0
2017-03-20 02:00:00,1528.3,-9.4,0
2017-03-20 03:00:00,1364.7,-8.3,0
2017-03-20 04:00:00,1527.8,-10.6,0
2017-03-20 05:00:00,1635.4,-10.0,0
2017-03-20 06:00:00,1716.8,-11.1,0
2017-03-20 07:00:00,1836.7,-10.6,0
2017-03-20 08:00:00,1954.0,-4.4,0
2017-03-20 09:00:00,1839.4,-1.1,0
2017-03-20 10:00:00,1596.2,0.6,0
2017-03-20 11:00:00,1304.0,0.6,0
2017-03-20 12:00:00,1275.9,1.1,0
2017-03-20 13:00:00,1282.9,1.7,0
2017-03-20 14:00:00,1431.8,2.2,0
2017-03-20 15:00:00,1334.8,2.8,0
2017-03-20 16:00:00,1247.8,3.3,0
2017-03-20 17:00:00,1142.3,3.3,0
2017-03-20 18:00:00,1105.3,2.8,0
2017-03-20 19:00:00,1289.9,2.2,0
2017-03-20 20:00:00,1349.2,1.7,0
2017-03-20 21:00:00,1443.8,1.1,0
2017-03-20 22:00:00,1295.6,0.6,0
2017-03-20 23:00:00,1133.0,0.6,0
2017-03-21 00:00:00,1187.2,0.6,0
2017-03-21 01:00:00,1136.8,0.0,0
2017-03-21 02:00:00,1190.6,0.6,0
2017-03-21 03:00:00,1304.3,0.0,0
2017-03-21 04:00:00,1155.6,0.0,0
2017-03-21 05:00:00,1130.6,0.6,0
2017-03-21 06:00:00,1186.2,0.6,0
2017-03-21 07:00:00,1452.9,1.1,0
2017-03-21 08:00:00,1528.9,3.3,0
2017-03-21 09:00:00,1491.0,3.9,0
2017-03-21 10:00:00,1246.2,4.4,0
2017-03-21 11:00:00,976.2,5.6,0
2017-03-21 12:00:00,981.8,6.1,0
2017-03-21 13:00:00,1044.2,6.7,0
2017-03-21 14:00:00,999.8,7.2,0
2017-03-21 15:00:00,909.9,7.8,0
2017-03-21 16:00:00,775.8,7.8,0
2017-03-21 17:00:00,823.9,7.2,0
2017-03-21 18:00:00,925.9,5.0,0
2017-03-21 19:00:00,1092.0,2.8,0
2017-03-21 20:00:00,1095.2,5.6,0
2017-03-21 21:00:00,1109.4,3.9,0
2017-03-21 22:00:00,1114.8,2.8,0
2017-03-21 23:00:00,1243.3,1.1,0
2017-03-22 00:00:00,1189.6,0.0,0
2017-03-22 01:00:00,1154.4,-0.6,0
2017-03-22 02:00:00,1121.9,-2.2,0
2017-03-22 03:00:00,1242.2,-2.8,0
2017-03-22 04:00:00,1367.0,-4.4,0
2017-03-22 05:00:00,1541.7,-5.0,0
2017-03-22 06:00:00,1717.8,-7.2,0
2017-03-22 07:00:00,1879.8,-8.3,0
2017-03-22 08:00:00,2039.9,-9.4,0
2017-03-22 09:00:00,2071.0,-8.9,0
2017-03-22 10:00:00,2002.5,-8.3,0
2017-03-22 11:00:00,1959.9,-7.8,0
2017-03-22 12:00:00,1968.4,-7.2,0
2017-03-22 13:00:00,1811.9,-6.7,0
2017-03-22 14:00:00,1748.4,-6.7,0
2017-03-22 15:00:00,1689.9,-6.1,0
2017-03-22 16:00:00,1711.3,-7.2,0
2017-03-22 17:00:00,1718.1,-6.7,0
2017-03-22 18:00:00,1806.8,-7.2,0
2017-03-22 19:00:00,1967.3,-8.9,0
2017-03-22 20:00:00,1998.2,-9.4,0
2017-03-22 21:00:00,1975.5,-10.0,0
2017-03-22 22:00:00,2006.0,-10.6,0
2017-03-22 23:00:00,1987.7,-11.7,0
2017-03-23 00:00:00,1884.1,-15.0,0
2017-03-23 01:00:00,1704.8,-15.0,0
2017-03-23 02:00:00,1702.8,-11.7,0
2017-03-23 03:00:00,1719.6,-15.6,0
2017-03-23 04:00:00,1737.2,-14.4,0
2017-03-23 05:00:00,1945.4,-14.4,0
2017-03-23 06:00:00,2168.0,-16.1,0
2017-03-23 07:00:00,2198.8,-14.4,0
2017-03-23 08:00:00,2272.1,-8.3,0
2017-03-23 09:00:00,2128.6,-4.4,0
2017-03-23 10:00:00,1879.7,-3.3,0
2017-03-23 11:00:00,1874.8,-1.1,0
2017-03-23 12:00:00,1687.3,0.0,0
2017-03-23 13:00:00,1671.2,1.1,0
2017-03-23 14:00:00,1616.4,-0.6,0
2017-03-23 15:00:00,1410.8,0.6,0
2017-03-23 16:00:00,1257.4,1.7,0
2017-03-23 17:00:00,1237.3,2.8,0
2017-03-23 18:00:00,1285.2,1.1,0
2017-03-23 19:00:00,1431.6,-1.1,0
2017-03-23 20:00:00,1492.8,-1.7,0
2017-03-23 21:00:00,1530.0,-1.1,0
2017-03-23 22:00:00,1481.2,0.0,0
2017-03-23 23:00:00,1368.0,0.0,0
2017-03-24 00:00:00,1350.3,0.0,0
2017-03-24 01:00:00,1284.5,0.0,0
2017-03-24 02:00:00,1210.4,0.6,0
2017-03-24 03:00:00,1280.9,0.6,0
2017-03-24 04:00:00,1261.9,1.1,0
2017-03-24 05:00:00,1285.0,1.1,0
2017-03-24 06:00:00,1472.7,1.7,0
2017-03-24 07:00:00,1644.4,0.6,0
2017-03-24 08:00:00,1649.5,0.0,0
2017-03-24 09:00:00,1579.9,0.0,0
2017-03-24 10:00:00,1449.8,0.6,0
2017-03-24 11:00:00,1460.8,1.1,0
2017-03-24 12:00:00,1625.6,3.9,0
2017-03-24 13:00:00,1453.9,5.6,0
2017-03-24 14:00:00,1165.6,7.2,0
2017-03-24 15:00:00,840.0,8.9,0
2017-03-24 16:00:00,852.8,8.9,0
2017-03-24 17:00:00,813.6,8.9,0
2017-03-24 18:00:00,950.4,8.0,0
2017-03-24 19:00:00,1009.5,8.3,0
2017-03-24 20:00:00,1024.5,8.3,0
2017-03-24 21:00:00,918.0,8.3,0
2017-03-24 22:00:00,809.7,6.7,0
2017-03-24 23:00:00,808.3,5.6,0
2017-03-25 00:00:00,980.6,3.9,0
2017-03-25 01:00:00,1081.4,3.9,0
2017-03-25 02:00:00,1009.9,3.3,0
2017-03-25 03:00:00,988.1,2.8,0
2017-03-25 04:00:00,925.6,2.8,0
2017-03-25 05:00:00,1015.8,2.2,0
2017-03-25 06:00:00,1117.7,2.2,0
2017-03-25 07:00:00,1360.5,1.1,0
2017-03-25 08:00:00,1306.1,1.7,0
2017-03-25 09:00:00,1381.3,1.1,0
2017-03-25 10:00:00,1427.7,1.1,0
2017-03-25 11:00:00,1555.2,1.1,0
2017-03-25 12:00:00,1563.0,1.1,0
2017-03-25 13:00:00,1582.7,1.1,0
2017-03-25 14:00:00,1673.6,0.6,0
2017-03-25 15:00:00,1512.3,1.1,0
2017-03-25 16:00:00,1408.1,1.7,0
2017-03-25 17:00:00,1371.8,1.7,0
2017-03-25 18:00:00,1461.5,1.1,0
2017-03-25 19:00:00,1438.6,1.1,0
2017-03-25 20:00:00,1493.7,1.1,0
2017-03-25 21:00:00,1455.8,1.7,0
2017-03-25 22:00:00,1474.5,1.7,0
2017-03-25 23:00:00,1258.7,1.7,0
2017-03-26 00:00:00,1263.1,1.7,0
2017-03-26 01:00:00,1238.6,1.7,0
2017-03-26 02:00:00,1212.6,1.7,0
2017-03-26 03:00:00,1265.2,1.7,0
2017-03-26 04:00:00,1195.2,1.7,0
2017-03-26 05:00:00,1170.8,2.2,0
2017-03-26 06:00:00,1130.7,2.2,0
2017-03-26 07:00:00,1231.6,2.8,0
2017-03-26 08:00:00,1437.6,2.8,0
2017-03-26 09:00:00,1603.6,3.3,0
2017-03-26 10:00:00,1533.6,3.3,0
2017-03-26 11:00:00,1330.4,3.3,0
2017-03-26 12:00:00,1250.5,5.0,0
2017-03-26 13:00:00,1167.9,5.0,0
2017-03-26 14:00:00,1306.7,5.6,0
2017-03-26 15:00:00,1295.7,5.6,0
2017-03-26 16:00:00,1309.8,5.0,0
2017-03-26 17:00:00,1237.9,4.4,0
2017-03-26 18:00:00,1217.4,3.9,0
2017-03-26 19:00:00,1181.4,3.3,0
2017-03-26 20:00:00,1320.3,3.3,0
2017-03-26 21:00:00,1460.4,2.8,0
2017-03-26 22:00:00,1357.8,2.8,0
2017-03-26 23:00:00,1202.0,3.3,0
2017-03-27 00:00:00,1182.0,3.3,0
2017-03-27 01:00:00,1123.7,2.8,0
2017-03-27 02:00:00,1202.9,3.3,0
2017-03-27 03:00:00,1125.8,3.3,0
2017-03-27 04:00:00,1211.6,3.3,0
2017-03-27 05:00:00,1095.2,3.3,0
2017-03-27 06:00:00,1160.7,3.9,0
2017-03-27 07:00:00,1272.3,4.4,0
2017-03-27 08:00:00,1431.5,5.6,0
2017-03-27 09:00:00,1384.2,7.2,0
2017-03-27 10:00:00,1146.7,8.3,0
2017-03-27 11:00:00,918.1,8.9,0
2017-03-27 12:00:00,826.5,10.0,0
2017-03-27 13:00:00,844.9,12.2,0
2017-03-27 14:00:00,780.9,12.8,0
2017-03-27 15:00:00,712.6,13.9,0
2017-03-27 16:00:00,496.2,13.3,0
2017-03-27 17:00:00,581.9,13.3,0
2017-03-27 18:00:00,631.8,12.2,0
2017-03-27 19:00:00,763.6,11.0,0
2017-03-27 20:00:00,778.4,10.0,0
2017-03-27 21:00:00,822.6,10.0,0
2017-03-27 22:00:00,876.8,9.4,0
2017-03-27 23:00:00,867.5,8.9,0
2017-03-28 00:00:00,820.1,8.9,0
2017-03-28 01:00:00,705.1,8.3,0
2017-03-28 02:00:00,699.3,8.3,0
2017-03-28 03:00:00,660.7,8.3,0
2017-03-28 04:00:00,828.5,7.8,0
2017-03-28 05:00:00,799.9,7.2,0
2017-03-28 06:00:00,903.3,7.2,0
2017-03-28 07:00:00,931.0,7.8,0
2017-03-28 08:00:00,1013.1,8.3,0
2017-03-28 09:00:00,974.7,9.4,0
2017-03-28 10:00:00,891.3,10.6,0
2017-03-28 11:00:00,925.9,11.1,0
2017-03-28 12:00:00,747.6,10.0,0
2017-03-28 13:00:00,745.3,10.0,0
2017-03-28 14:00:00,894.3,10.0,0
2017-03-28 15:00:00,1018.2,8.3,0
2017-03-28 16:00:00,943.0,7.0,0
2017-03-28 17:00:00,831.9,6.1,0
2017-03-28 18:00:00,909.6,5.6,0
2017-03-28 19:00:00,1038.5,4.4,0
2017-03-28 20:00:00,1297.0,3.9,0
2017-03-28 21:00:00,1306.9,3.9,0
2017-03-28 22:00:00,1141.3,3.9,0
2017-03-28 23:00:00,1026.6,3.3,0
2017-03-29 00:00:00,997.7,3.3,0
2017-03-29 01:00:00,1127.5,2.8,0
2017-03-29 02:00:00,1172.8,1.7,0
2017-03-29 03:00:00,1013.5,1.1,0
2017-03-29 04:00:00,907.4,0.6,0
2017-03-29 05:00:00,904.4,0.0,0
2017-03-29 06:00:00,1304.4,0.0,0
2017-03-29 07:00:00,1482.1,0.6,0
2017-03-29 08:00:00,1667.4,2.2,0
2017-03-29 09:00:00,1258.4,4.4,0
2017-03-29 10:00:00,1063.9,5.6,0
2017-03-29 11:00:00,944.9,6.1,0
2017-03-29 12:00:00,1148.5,6.7,0
2017-03-29 13:00:00,1116.4,6.7,0
2017-03-29 14:00:00,1002.3,7.8,0
2017-03-29 15:00:00,837.6,6.7,0
2017-03-29 16:00:00,759.1,5.6,0
2017-03-29 17:00:00,942.9,5.6,0
2017-03-29 18:00:00,1055.0,4.4,0
2017-03-29 19:00:00,1090.2,2.8,0
2017-03-29 20:00:00,1129.0,1.7,0
2017-03-29 21:00:00,1135.7,1.1,0
2017-03-29 22:00:00,1138.7,0.0,0
2017-03-29 23:00:00,1211.9,-1.7,0
2017-03-30 00:00:00,1148.3,-3.9,0
2017-03-30 01:00:00,1203.8,-3.9,0
2017-03-30 02:00:00,1211.6,-3.9,0
2017-03-30 03:00:00,1313.1,-4.4,0
2017-03-30 04:00:00,1225.7,-5.0,0
2017-03-30 05:00:00,1255.1,-4.4,0
2017-03-30 06:00:00,1458.6,-3.3,0
2017-03-30 07:00:00,1679.7,-2.2,0
2017-03-30 08:00:00,1674.8,-0.6,0
2017-03-30 09:00:00,1687.6,1.7,0
2017-03-30 10:00:00,1509.7,2.8,0
2017-03-30 11:00:00,1503.5,4.4,1
2017-03-30 12:00:00,1497.3,5.6,1
2017-03-30 13:00:00,1491.2,6.1,1
2017-03-30 14:00:00,1485.0,6.7,1
2017-03-30 15:00:00,1478.8,7.2,1
2017-03-30 16:00:00,1472.7,6.7,1
2017-03-30 17:00:00,1286.1,4.4,1
2017-03-30 18:00:00,1232.5,2.8,1
2017-03-30 19:00:00,1296.9,2.2,1
2017-03-30 20:00:00,1343.4,1.7,1
2017-03-30 21:00:00,1390.5,2.2,1
2017-03-30 22:00:00,1389.2,2.8,1
2017-03-30 23:00:00,1350.1,3.3,1
2017-03-31 00:00:00,1335.1,2.8,1
2017-03-31 01:00:00,1236.6,3.3,1
2017-03-31 02:00:00,1224.4,2.8,1
2017-03-31 03:00:00,1285.7,2.2,1
2017-03-31 04:00:00,1347.5,2.8,1
2017-03-31 05:00:00,1423.1,2.8,1
2017-03-31 06:00:00,1530.4,2.8,1
2017-03-31 07:00:00,1641.2,3.3,1
2017-03-31 08:00:00,1611.4,3.3,1
2017-03-31 09:00:00,1630.8,2.8,1
2017-03-31 10:00:00,1548.7,3.3,1
2017-03-31 11:00:00,1566.0,3.9,1
2017-03-31 12:00:00,1684.4,3.9,1
2017-03-31 13:00:00,1577.0,3.9,1
2017-03-31 14:00:00,1377.8,4.4,1
2017-03-31 15:00:00,1178.4,3.9,1
2017-03-31 16:00:00,1276.3,3.3,1
2017-03-31 17:00:00,1353.6,3.3,1
2017-03-31 18:00:00,1452.7,3.3,1
2017-03-31 19:00:00,1420.6,2.8,1
2017-03-31 20:00:00,1322.5,2.8,1
2017-03-31 21:00:00,1293.6,2.8,1
2017-03-31 22:00:00,1237.3,2.2,1
2017-03-31 23:00:00,1344.2,2.2,1
2017-04-01 00:00:00,1380.0,2.2,1
2017-04-01 01:00:00,1310.3,1.7,1
2017-04-01 02:00:00,1217.8,1.7,1
2017-04-01 03:00:00,1235.2,1.7,1
2017-04-01 04:00:00,1295.4,1.7,1
2017-04-01 05:00:00,1427.3,1.7,1
2017-04-01 06:00:00,1464.7,1.7,1
2017-04-01 07:00:00,1541.4,1.7,1
2017-04-01 08:00:00,1512.6,2.2,1
2017-04-01 09:00:00,1555.1,1.7,1
2017-04-01 10:00:00,1621.6,1.7,1
2017-04-01 11:00:00,1600.4,1.7,1
2017-04-01 12:00:00,1515.4,2.2,1
2017-04-01 13:00:00,1395.4,2.8,1
2017-04-01 14:00:00,1455.7,2.2,1
2017-04-01 15:00:00,1362.1,2.2,1
2017-04-01 16:00:00,1311.5,2.2,1
2017-04-01 17:00:00,1249.5,1.7,1
2017-04-01 18:00:00,1262.1,1.7,1
2017-04-01 19:00:00,1243.0,1.7,1
2017-04-01 20:00:00,1320.5,1.7,1
2017-04-01 21:00:00,1419.9,1.7,1
2017-04-01 22:00:00,1426.3,1.1,1
2017-04-01 23:00:00,1407.6,1.1,1
2017-04-02 00:00:00,1367.9,0.6,1
2017-04-02 01:00:00,1320.5,-1.0,1
2017-04-02 02:00:00,1269.8,-1.7,1
2017-04-02 03:00:00,1393.1,-2.8,1
2017-04-02 04:00:00,1423.3,-3.3,1
2017-04-02 05:00:00,1360.3,-3.3,1
2017-04-02 06:00:00,1413.3,-3.9,1
2017-04-02 07:00:00,1403.0,-1.1,1
2017-04-02 08:00:00,1527.6,2.2,1
2017-04-02 09:00:00,1428.3,4.4,1
2017-04-02 10:00:00,1330.9,7.2,1
2017-04-02 11:00:00,1042.1,10.0,1
2017-04-02 12:00:00,909.6,12.2,1
2017-04-02 13:00:00,814.5,13.3,1
2017-04-02 14:00:00,862.5,13.3,1
2017-04-02 15:00:00,903.5,11.7,1
2017-04-02 16:00:00,895.3,12.8,1
2017-04-02 17:00:00,807.4,11.7,1
2017-04-02 18:00:00,789.6,10.6,1
2017-04-02 19:00:00,788.1,8.3,1
2017-04-02 20:00:00,840.4,3.9,1
2017-04-02 21:00:00,947.4,2.2,1
2017-04-02 22:00:00,1005.5,3.3,1
2017-04-02 23:00:00,969.2,2.2,1
2017-04-03 00:00:00,922.9,1.1,1
2017-04-03 01:00:00,800.4,1.7,1
2017-04-03 02:00:00,842.8,0.6,1
2017-04-03 03:00:00,752.9,0.6,1
2017-04-03 04:00:00,845.3,1.1,1
2017-04-03 05:00:00,914.0,1.7,1
2017-04-03 06:00:00,984.5,2.0,1
2017-04-03 07:00:00,1064.1,3.3,1
2017-04-03 08:00:00,1181.1,5.0,1
2017-04-03 09:00:00,1120.3,7.8,1
2017-04-03 10:00:00,847.4,11.1,1
2017-04-03 11:00:00,621.3,13.9,1
2017-04-03 12:00:00,594.6,15.0,1
2017-04-03 13:00:00,543.2,15.6,1
2017-04-03 14:00:00,893.1,16.1,0
2017-04-03 15:00:00,463.5,17.2,0
2017-04-03 16:00:00,372.9,17.8,0
2017-04-03 17:00:00,318.2,17.2,0
2017-04-03 18:00:00,419.0,16.7,0
2017-04-03 19:00:00,433.6,15.6,0
2017-04-03 20:00:00,481.6,14.4,0
2017-04-03 21:00:00,472.5,12.8,0
2017-04-03 22:00:00,802.7,12.2,0
2017-04-03 23:00:00,661.6,10.6,0
2017-04-04 00:00:00,741.5,8.9,0
2017-04-04 01:00:00,743.8,8.3,0
2017-04-04 02:00:00,777.1,8.3,0
2017-04-04 03:00:00,750.2,8.9,0
2017-04-04 04:00:00,740.3,8.9,0
2017-04-04 05:00:00,734.2,9.4,0
2017-04-04 06:00:00,779.4,10.0,0
2017-04-04 07:00:00,824.2,10.0,0
2017-04-04 08:00:00,888.9,11.1,0
2017-04-04 09:00:00,788.7,11.7,0
2017-04-04 10:00:00,642.3,11.7,0
2017-04-04 11:00:00,602.1,14.4,0
2017-04-04 12:00:00,506.3,16.7,0
2017-04-04 13:00:00,449.1,17.8,0
2017-04-04 14:00:00,411.0,16.1,0
2017-04-04 15:00:00,297.6,16.1,0
2017-04-04 16:00:00,371.7,14.4,0
2017-04-04 17:00:00,429.4,12.8,0
2017-04-04 18:00:00,558.4,13.3,0
2017-04-04 19:00:00,578.1,12.8,0
2017-04-04 20:00:00,516.1,12.2,0
2017-04-04 21:00:00,548.8,11.1,0
2017-04-04 22:00:00,591.6,10.6,0
2017-04-04 23:00:00,746.5,9.4,0
2017-04-05 00:00:00,739.6,8.3,0
2017-04-05 01:00:00,777.0,7.8,0
2017-04-05 02:00:00,840.0,6.7,0
2017-04-05 03:00:00,829.9,6.1,0
2017-04-05 04:00:00,900.2,6.1,0
2017-04-05 05:00:00,819.6,5.0,0
2017-04-05 06:00:00,839.3,5.0,0
2017-04-05 07:00:00,1072.7,5.0,0
2017-04-05 08:00:00,1286.9,5.0,0
2017-04-05 09:00:00,1182.9,4.4,0
2017-04-05 10:00:00,1043.9,5.0,0
2017-04-05 11:00:00,929.3,5.6,0
2017-04-05 12:00:00,919.9,5.6,0
2017-04-05 13:00:00,895.0,6.7,0
2017-04-05 14:00:00,872.3,7.2,0
2017-04-05 15:00:00,765.8,8.9,0
2017-04-05 16:00:00,695.1,10.6,0
2017-04-05 17:00:00,657.8,10.6,0
2017-04-05 18:00:00,593.7,10.6,0
2017-04-05 19:00:00,764.0,8.9,0
2017-04-05 20:00:00,783.5,8.9,0
2017-04-05 21:00:00,866.0,7.8,0
2017-04-05 22:00:00,849.3,7.2,0
2017-04-05 23:00:00,965.2,7.2,0
2017-04-06 00:00:00,881.1,8.3,0
2017-04-06 01:00:00,801.5,10.0,0
2017-04-06 02:00:00,684.9,9.4,0
2017-04-06 03:00:00,646.4,9.4,0
2017-04-06 04:00:00,645.6,8.9,0
2017-04-06 05:00:00,800.8,8.3,0
2017-04-06 06:00:00,853.1,8.3,0
2017-04-06 07:00:00,983.1,7.8,0
2017-04-06 08:00:00,1051.2,7.2,0
2017-04-06 09:00:00,981.0,7.2,0
2017-04-06 10:00:00,979.6,7.8,0
2017-04-06 11:00:00,1002.5,7.8,0
2017-04-06 12:00:00,1036.1,7.8,0
2017-04-06 13:00:00,1043.7,7.8,0
2017-04-06 14:00:00,1148.3,6.7,0
2017-04-06 15:00:00,1196.8,6.1,0
2017-04-06 16:00:00,1262.8,6.1,0
2017-04-06 17:00:00,1334.9,6.1,0
2017-04-06 18:00:00,1179.7,5.6,0
2017-04-06 19:00:00,1162.2,5.6,0
2017-04-06 20:00:00,1194.1,5.6,0
2017-04-06 21:00:00,1251.0,5.6,0
2017-04-06 22:00:00,1297.2,5.6,0
2017-04-06 23:00:00,1332.2,4.4,0
2017-04-07 00:00:00,1319.9,2.8,0
2017-04-07 01:00:00,1188.8,1.7,0
2017-04-07 02:00:00,1238.5,0.6,0
2017-04-07 03:00:00,1290.6,0.6,0
2017-04-07 04:00:00,1433.1,0.0,0
2017-04-07 05:00:00,1561.3,0.0,0
2017-04-07 06:00:00,1588.1,0.0,0
2017-04-07 07:00:00,1638.1,0.0,0
2017-04-07 08:00:00,1573.3,0.6,0
2017-04-07 09:00:00,1681.7,0.6,0
2017-04-07 10:00:00,1647.6,0.6,0
2017-04-07 11:00:00,1671.1,0.0,0
2017-04-07 12:00:00,1743.1,0.0,0
2017-04-07 13:00:00,1700.2,0.6,0
2017-04-07 14:00:00,1590.1,0.0,0
2017-04-07 15:00:00,1516.9,0.0,0
2017-04-07 16:00:00,1699.9,-0.3,0
2017-04-07 17:00:00,1893.5,-0.6,0
2017-04-07 18:00:00,1955.1,-0.6,0
2017-04-07 19:00:00,1831.6,-0.6,0
2017-04-07 20:00:00,1620.5,-0.6,0
2017-04-07 21:00:00,1669.1,0.0,0
2017-04-07 22:00:00,1664.9,0.6,0
2017-04-07 23:00:00,1880.0,0.6,0
2017-04-08 00:00:00,1779.4,0.6,0
2017-04-08 01:00:00,1539.3,0.0,0
2017-04-08 02:00:00,1425.8,-0.6,0
2017-04-08 03:00:00,1482.3,-0.6,0
2017-04-08 04:00:00,1665.3,-1.1,0
2017-04-08 05:00:00,1838.8,-1.1,0
2017-04-08 06:00:00,1811.8,-1.7,0
2017-04-08 07:00:00,1722.4,-1.1,0
2017-04-08 08:00:00,1719.2,0.0,0
2017-04-08 09:00:00,1728.9,0.6,0
2017-04-08 10:00:00,1815.4,1.7,0
2017-04-08 11:00:00,1645.7,3.3,0
2017-04-08 12:00:00,1467.8,4.4,0
2017-04-08 13:00:00,1208.0,6.1,0
2017-04-08 14:00:00,1237.8,6.7,0
2017-04-08 15:00:00,1211.9,7.2,0
2017-04-08 16:00:00,1214.8,7.8,0
2017-04-08 17:00:00,1127.2,7.8,0
2017-04-08 18:00:00,1062.8,6.7,0
2017-04-08 19:00:00,1047.4,5.0,0
2017-04-08 20:00:00,1147.3,2.8,0
2017-04-08 21:00:00,1383.9,0.6,0
2017-04-08 22:00:00,1378.1,0.0,0
2017-04-08 23:00:00,1556.5,-0.6,0
2017-04-09 00:00:00,1472.8,-1.7,0
2017-04-09 01:00:00,1402.3,-1.7,0
2017-04-09 02:00:00,1327.0,-1.7,0
2017-04-09 03:00:00,1521.1,-2.2,0
2017-04-09 04:00:00,1651.4,-2.8,0
2017-04-09 05:00:00,1549.9,-3.3,0
2017-04-09 06:00:00,1696.0,-2.8,0
2017-04-09 07:00:00,1574.5,0.6,0
2017-04-09 08:00:00,1617.6,6.7,0
2017-04-09 09:00:00,1253.0,10.6,0
2017-04-09 10:00:00,1128.2,13.3,0
2017-04-09 11:00:00,753.9,15.6,0
2017-04-09 12:00:00,568.8,16.7,0
2017-04-09 13:00:00,461.0,18.3,0
2017-04-09 14:00:00,418.3,19.4,0
2017-04-09 15:00:00,511.4,20.0,0
2017-04-09 16:00:00,480.9,20.6,0
2017-04-09 17:00:00,377.0,20.0,0
2017-04-09 18:00:00,361.9,17.8,0
2017-04-09 19:00:00,394.9,15.6,0
2017-04-09 20:00:00,360.5,14.4,0
2017-04-09 21:00:00,434.4,14.4,0
2017-04-09 22:00:00,653.2,13.9,0
2017-04-09 23:00:00,736.3,13.9,0
2017-04-10 00:00:00,663.8,13.3,0
2017-04-10 01:00:00,477.1,13.3,0
2017-04-10 02:00:00,482.7,13.3,0
2017-04-10 03:00:00,380.0,12.2,0
2017-04-10 04:00:00,479.0,12.2,0
2017-04-10 05:00:00,732.8,11.7,0
2017-04-10 06:00:00,808.2,12.2,0
2017-04-10 07:00:00,856.0,12.8,0
2017-04-10 08:00:00,930.7,14.4,0
2017-04-10 09:00:00,856.4,18.3,0
2017-04-10 10:00:00,548.0,21.7,0
2017-04-10 11:00:00,324.5,23.9,0
2017-04-10 12:00:00,362.7,25.0,0
2017-04-10 13:00:00,241.4,25.0,0
2017-04-10 14:00:00,311.6,25.6,0
2017-04-10 15:00:00,234.8,26.7,0
2017-04-10 16:00:00,354.1,25.0,0
2017-04-10 17:00:00,428.9,25.0,0
2017-04-10 18:00:00,329.3,25.0,0
2017-04-10 19:00:00,250.1,21.1,0
2017-04-10 20:00:00,268.2,21.1,0
2017-04-10 21:00:00,265.0,20.0,0
2017-04-10 22:00:00,354.0,17.8,0
2017-04-10 23:00:00,400.0,17.8,0
2017-04-11 00:00:00,352.3,18.3,0
2017-04-11 01:00:00,375.2,18.3,0
2017-04-11 02:00:00,286.8,17.8,0
2017-04-11 03:00:00,335.0,16.1,0
2017-04-11 04:00:00,297.0,12.2,0
2017-04-11 05:00:00,301.1,10.6,0
2017-04-11 06:00:00,388.4,13.3,0
2017-04-11 07:00:00,577.9,16.7,0
2017-04-11 08:00:00,608.6,19.4,0
2017-04-11 09:00:00,512.6,20.0,0
2017-04-11 10:00:00,453.5,23.9,0
2017-04-11 11:00:00,248.9,23.9,0
2017-04-11 12:00:00,231.2,24.4,0
2017-04-11 13:00:00,375.8,19.4,0
2017-04-11 14:00:00,187.7,17.2,0
2017-04-11 15:00:00,346.9,15.6,0
2017-04-11 16:00:00,407.0,13.9,0
2017-04-11 17:00:00,483.0,14.4,0
2017-04-11 18:00:00,481.6,14.4,0
2017-04-11 19:00:00,388.1,13.9,0
2017-04-11 20:00:00,354.5,13.3,0
2017-04-11 21:00:00,369.6,13.3,0
2017-04-11 22:00:00,415.3,12.8,0
2017-04-11 23:00:00,388.3,13.9,0
2017-04-12 00:00:00,512.1,15.0,0
2017-04-12 01:00:00,445.4,14.4,0
2017-04-12 02:00:00,375.2,13.9,0
2017-04-12 03:00:00,377.4,11.7,0
2017-04-12 04:00:00,547.2,10.6,0
2017-04-12 05:00:00,873.0,10.0,0
2017-04-12 06:00:00,852.3,9.4,0
2017-04-12 07:00:00,1037.2,9.4,0
2017-04-12 08:00:00,1035.7,9.4,0
2017-04-12 09:00:00,1022.9,9.4,0
2017-04-12 10:00:00,1030.0,8.9,0
2017-04-12 11:00:00,927.5,9.4,0
2017-04-12 12:00:00,939.0,10.6,0
2017-04-12 13:00:00,773.0,11.7,0
2017-04-12 14:00:00,700.8,11.7,0
2017-04-12 15:00:00,652.7,11.1,0
2017-04-12 16:00:00,610.5,9.4,0
2017-04-12 17:00:00,621.6,9.4,0
2017-04-12 18:00:00,811.6,7.8,0
2017-04-12 19:00:00,1095.7,6.1,0
2017-04-12 20:00:00,1097.4,6.7,0
2017-04-12 21:00:00,1054.7,7.2,0
2017-04-12 22:00:00,1006.7,6.7,0
2017-04-12 23:00:00,968.2,6.7,0
2017-04-13 00:00:00,1031.6,5.6,0
2017-04-13 01:00:00,1080.0,5.0,0
2017-04-13 02:00:00,1107.8,3.3,0
2017-04-13 03:00:00,1087.2,2.2,0
2017-04-13 04:00:00,1101.6,2.8,0
2017-04-13 05:00:00,1032.1,1.7,0
2017-04-13 06:00:00,1268.9,2.0,0
2017-04-13 07:00:00,1341.6,2.2,0
2017-04-13 08:00:00,1485.3,3.3,0
2017-04-13 09:00:00,1388.8,5.0,0
2017-04-13 10:00:00,1243.0,6.7,0
2017-04-13 11:00:00,1100.6,7.2,0
2017-04-13 12:00:00,1020.5,8.9,0
2017-04-13 13:00:00,986.6,8.9,0
2017-04-13 14:00:00,891.8,8.9,0
2017-04-13 15:00:00,878.4,9.4,0
2017-04-13 16:00:00,926.9,8.9,0
2017-04-13 17:00:00,1015.3,9.4,0
2017-04-13 18:00:00,988.7,8.9,0
2017-04-13 19:00:00,923.7,7.2,0
2017-04-13 20:00:00,969.3,3.9,0
2017-04-13 21:00:00,1084.4,2.2,0
2017-04-13 22:00:00,1252.4,1.1,0
2017-04-13 23:00:00,1395.5,0.6,0
2017-04-14 00:00:00,1423.0,0.0,0
2017-04-14 01:00:00,1269.3,0.6,0
2017-04-14 02:00:00,1157.5,1.1,0
2017-04-14 03:00:00,1182.1,1.1,0
2017-04-14 04:00:00,1259.5,1.1,0
2017-04-14 05:00:00,1346.2,1.7,0
2017-04-14 06:00:00,1399.8,2.2,0
2017-04-14 07:00:00,1483.1,4.4,0
2017-04-14 08:00:00,1489.0,7.8,0
2017-04-14 09:00:00,1262.4,10.0,0
2017-04-14 10:00:00,959.7,12.2,0
2017-04-14 11:00:00,855.5,13.3,0
2017-04-14 12:00:00,683.4,14.4,0
2017-04-14 13:00:00,618.9,15.0,0
2017-04-14 14:00:00,600.5,15.6,0
2017-04-14 15:00:00,473.5,15.6,0
2017-04-14 16:00:00,461.6,15.6,0
2017-04-14 17:00:00,481.4,15.6,0
2017-04-14 18:00:00,588.1,13.3,0
2017-04-14 19:00:00,427.6,11.1,0
2017-04-14 20:00:00,728.8,7.8,0
2017-04-14 21:00:00,1127.6,8.9,0
2017-04-14 22:00:00,1043.6,7.2,0
2017-04-14 23:00:00,1160.5,6.7,0
2017-04-15 00:00:00,1151.4,6.7,0
2017-04-15 01:00:00,1033.4,6.7,0
2017-04-15 02:00:00,943.6,6.1,0
2017-04-15 03:00:00,1006.6,5.6,0
2017-04-15 04:00:00,1045.7,8.3,0
2017-04-15 05:00:00,1059.0,8.3,0
2017-04-15 06:00:00,967.4,8.3,0
2017-04-15 07:00:00,1003.3,10.6,0
2017-04-15 08:00:00,963.3,12.8,0
2017-04-15 09:00:00,706.4,15.0,0
2017-04-15 10:00:00,580.7,17.8,0
2017-04-15 11:00:00,386.4,20.6,0
2017-04-15 12:00:00,378.3,20.6,0
2017-04-15 13:00:00,317.5,20.0,0
2017-04-15 14:00:00,306.6,18.3,0
2017-04-15 15:00:00,426.4,16.7,0
2017-04-15 16:00:00,345.5,15.6,0
2017-04-15 17:00:00,446.6,17.2,0
2017-04-15 18:00:00,502.4,18.3,0
2017-04-15 19:00:00,344.4,17.2,0
2017-04-15 20:00:00,427.0,17.8,0
2017-04-15 21:00:00,384.0,17.2,0
2017-04-15 22:00:00,260.5,17.8,0
2017-04-15 23:00:00,336.7,16.7,0
2017-04-16 00:00:00,241.4,17.2,0
2017-04-16 01:00:00,296.3,17.8,0
2017-04-16 02:00:00,342.5,17.8,0
2017-04-16 03:00:00,362.2,16.1,0
2017-04-16 04:00:00,290.5,15.6,0
2017-04-16 05:00:00,323.5,14.4,0
2017-04-16 06:00:00,296.9,15.6,0
2017-04-16 07:00:00,372.0,17.8,0
2017-04-16 08:00:00,340.2,20.0,0
2017-04-16 09:00:00,347.2,21.7,0
2017-04-16 10:00:00,412.7,23.3,0
2017-04-16 11:00:00,454.3,24.4,0
2017-04-16 12:00:00,331.8,24.4,0
2017-04-16 13:00:00,353.6,26.1,0
2017-04-16 14:00:00,238.9,26.1,0
2017-04-16 15:00:00,180.9,16.1,0
2017-04-16 16:00:00,411.1,16.7,0
2017-04-16 17:00:00,476.8,18.3,0
2017-04-16 18:00:00,432.4,18.3,0
2017-04-16 19:00:00,324.9,17.8,0
2017-04-16 20:00:00,345.5,17.2,0
2017-04-16 21:00:00,321.8,16.7,0
2017-04-16 22:00:00,359.9,15.0,0
2017-04-16 23:00:00,352.2,16.1,0
2017-04-17 00:00:00,428.2,16.7,0
2017-04-17 01:00:00,321.5,13.3,0
2017-04-17 02:00:00,435.4,12.8,0
2017-04-17 03:00:00,505.9,12.2,0
2017-04-17 04:00:00,691.0,11.1,0
2017-04-17 05:00:00,834.9,10.0,0
2017-04-17 06:00:00,882.1,8.9,0
2017-04-17 07:00:00,782.8,11.1,0
2017-04-17 08:00:00,976.1,11.1,0
2017-04-17 09:00:00,953.6,12.2,0
2017-04-17 10:00:00,897.7,13.3,0
2017-04-17 11:00:00,662.9,14.4,0
2017-04-17 12:00:00,670.4,14.4,0
2017-04-17 13:00:00,604.4,14.4,0
2017-04-17 14:00:00,590.9,15.0,0
2017-04-17 15:00:00,583.7,14.4,0
2017-04-17 16:00:00,555.5,13.9,0
2017-04-17 17:00:00,494.9,12.8,0
2017-04-17 18:00:00,454.2,11.7,0
2017-04-17 19:00:00,565.0,9.4,0
2017-04-17 20:00:00,1022.2,7.8,0
2017-04-17 21:00:00,1007.2,7.2,0
2017-04-17 22:00:00,1063.4,5.0,0
2017-04-17 23:00:00,1113.1,5.6,0
2017-04-18 00:00:00,1063.9,3.9,0
2017-04-18 01:00:00,1079.5,2.8,0
2017-04-18 02:00:00,1024.6,3.3,0
2017-04-18 03:00:00,983.5,2.8,0
2017-04-18 04:00:00,1087.6,2.8,0
2017-04-18 05:00:00,1187.1,2.2,0
2017-04-18 06:00:00,1278.9,1.1,0
2017-04-18 07:00:00,1305.4,2.2,0
2017-04-18 08:00:00,1444.0,3.3,0
2017-04-18 09:00:00,1425.9,4.4,0
2017-04-18 10:00:00,1214.9,7.0,0
2017-04-18 11:00:00,1155.0,7.8,0
2017-04-18 12:00:00,902.0,8.9,0
2017-04-18 13:00:00,869.1,11.0,0
2017-04-18 14:00:00,775.2,11.7,0
2017-04-18 15:00:00,700.6,12.2,0
2017-04-18 16:00:00,563.9,13.0,0
2017-04-18 17:00:00,479.2,13.0,0
2017-04-18 18:00:00,579.9,13.3,0
2017-04-18 19:00:00,478.1,12.0,0
2017-04-18 20:00:00,702.6,10.0,0
2017-04-18 21:00:00,913.1,9.0,0
2017-04-18 22:00:00,980.2,9.0,0
2017-04-18 23:00:00,968.5,8.9,0
2017-04-19 00:00:00,966.6,9.4,0
2017-04-19 01:00:00,876.7,10.0,0
2017-04-19 02:00:00,836.9,9.6,0
2017-04-19 03:00:00,716.9,9.3,0
2017-04-19 04:00:00,707.4,8.9,0
2017-04-19 05:00:00,838.3,8.4,0
2017-04-19 06:00:00,948.3,8.0,0
2017-04-19 07:00:00,972.9,8.0,0
2017-04-19 08:00:00,1135.6,9.4,0
2017-04-19 09:00:00,1050.3,11.1,0
2017-04-19 10:00:00,801.9,12.0,0
2017-04-19 11:00:00,751.9,10.0,0
2017-04-19 12:00:00,884.9,9.0,0
2017-04-19 13:00:00,939.8,9.4,0
2017-04-19 14:00:00,975.5,9.4,0
2017-04-19 15:00:00,960.0,9.0,0
2017-04-19 16:00:00,969.6,9.0,0
2017-04-19 17:00:00,956.6,8.9,0
2017-04-19 18:00:00,932.3,9.0,0
2017-04-19 19:00:00,877.6,9.4,0
2017-04-19 20:00:00,953.7,9.0,0
2017-04-19 21:00:00,918.5,9.0,0
2017-04-19 22:00:00,944.6,9.4,0
2017-04-19 23:00:00,927.5,10.0,0
2017-04-20 00:00:00,962.6,10.6,0
2017-04-20 01:00:00,774.1,10.6,0
2017-04-20 02:00:00,714.6,10.6,0
2017-04-20 03:00:00,695.5,10.6,0
2017-04-20 04:00:00,656.3,10.6,0
2017-04-20 05:00:00,712.2,10.0,0
2017-04-20 06:00:00,764.5,10.0,0
2017-04-20 07:00:00,835.8,7.8,0
2017-04-20 08:00:00,1086.8,7.8,0
2017-04-20 09:00:00,1116.5,7.2,0
2017-04-20 10:00:00,1186.7,7.8,0
2017-04-20 11:00:00,1179.8,7.8,0
2017-04-20 12:00:00,1022.1,8.3,0
2017-04-20 13:00:00,899.8,8.9,0
2017-04-20 14:00:00,851.0,9.4,0
2017-04-20 15:00:00,893.6,9.4,0
2017-04-20 16:00:00,1004.4,9.4,0
2017-04-20 17:00:00,928.2,10.0,0
2017-04-20 18:00:00,992.1,11.7,0
2017-04-20 19:00:00,815.0,12.8,0
2017-04-20 20:00:00,696.3,13.3,0
2017-04-20 21:00:00,648.8,13.3,0
2017-04-20 22:00:00,651.7,13.9,0
2017-04-20 23:00:00,631.2,12.8,0
2017-04-21 00:00:00,787.0,12.8,0
2017-04-21 01:00:00,563.7,13.3,0
2017-04-21 02:00:00,560.9,13.9,0
2017-04-21 03:00:00,528.2,13.9,0
2017-04-21 04:00:00,537.3,13.9,0
2017-04-21 05:00:00,562.8,13.9,0
2017-04-21 06:00:00,544.4,13.9,0
2017-04-21 07:00:00,587.0,13.9,0
2017-04-21 08:00:00,642.7,14.4,0
2017-04-21 09:00:00,778.6,15.6,0
2017-04-21 10:00:00,600.8,13.3,0
2017-04-21 11:00:00,778.8,12.8,0
2017-04-21 12:00:00,833.7,14.4,0
2017-04-21 13:00:00,561.1,16.1,0
2017-04-21 14:00:00,599.8,16.0,0
2017-04-21 15:00:00,386.8,16.7,0
2017-04-21 16:00:00,492.3,14.4,0
2017-04-21 17:00:00,517.2,13.3,0
2017-04-21 18:00:00,617.1,12.2,0
2017-04-21 19:00:00,695.9,11.1,0
2017-04-21 20:00:00,1092.2,10.6,0
2017-04-21 21:00:00,937.4,10.0,0
2017-04-21 22:00:00,880.0,8.9,0
2017-04-21 23:00:00,843.0,8.3,0
2017-04-22 00:00:00,966.5,7.8,0
2017-04-22 01:00:00,941.9,7.8,0
2017-04-22 02:00:00,965.7,7.2,0
2017-04-22 03:00:00,881.4,6.1,0
2017-04-22 04:00:00,820.8,6.1,0
2017-04-22 05:00:00,912.3,6.1,0
2017-04-22 06:00:00,1029.9,5.6,0
2017-04-22 07:00:00,1078.8,5.6,0
2017-04-22 08:00:00,1140.3,5.6,0
2017-04-22 09:00:00,1312.5,5.6,0
2017-04-22 10:00:00,1320.1,6.1,0
2017-04-22 11:00:00,1308.8,5.6,0
2017-04-22 12:00:00,1187.5,6.1,0
2017-04-22 13:00:00,1124.6,6.1,0
2017-04-22 14:00:00,1088.1,6.7,0
2017-04-22 15:00:00,1178.0,6.7,0
2017-04-22 16:00:00,1180.2,7.2,0
2017-04-22 17:00:00,1109.7,7.2,0
2017-04-22 18:00:00,1030.2,7.8,0
2017-04-22 19:00:00,1014.4,5.6,0
2017-04-22 20:00:00,1131.9,3.9,0
2017-04-22 21:00:00,1269.5,2.8,0
2017-04-22 22:00:00,1330.5,2.2,0
2017-04-22 23:00:00,1389.2,1.1,0
2017-04-23 00:00:00,1350.1,0.6,0
2017-04-23 01:00:00,1207.1,-0.6,0
2017-04-23 02:00:00,1267.7,-0.6,0
2017-04-23 03:00:00,1280.5,-1.1,0
2017-04-23 04:00:00,1383.8,-1.1,0
2017-04-23 05:00:00,1493.0,-1.1,0
2017-04-23 06:00:00,1489.0,0.0,0
2017-04-23 07:00:00,1446.5,2.8,0
2017-04-23 08:00:00,1427.8,6.7,0
2017-04-23 09:00:00,576.7,8.3,0
2017-04-23 10:00:00,559.3,11.1,0
2017-04-23 11:00:00,1239.4,12.8,0
2017-04-23 12:00:00,1061.6,15.0,0
2017-04-23 13:00:00,721.2,16.7,0
2017-04-23 14:00:00,635.3,17.8,0
2017-04-23 15:00:00,427.9,19.4,0
2017-04-23 16:00:00,395.5,18.9,0
2017-04-23 17:00:00,465.0,20.0,0
2017-04-23 18:00:00,401.6,17.2,0
2017-04-23 19:00:00,367.9,15.6,0
2017-04-23 20:00:00,441.8,13.9,0
2017-04-23 21:00:00,545.4,10.0,0
2017-04-23 22:00:00,936.5,8.3,0
2017-04-23 23:00:00,1033.4,6.7,0
2017-04-24 00:00:00,1045.0,7.8,0
2017-04-24 01:00:00,903.6,5.6,0
2017-04-24 02:00:00,907.7,6.1,0
2017-04-24 03:00:00,1061.1,5.6,0
2017-04-24 04:00:00,1050.8,5.0,0
2017-04-24 05:00:00,1155.9,3.9,0
2017-04-24 06:00:00,1199.6,3.9,0
2017-04-24 07:00:00,1280.1,6.7,0
2017-04-24 08:00:00,1444.5,8.9,0
2017-04-24 09:00:00,1198.4,11.7,0
2017-04-24 10:00:00,1186.2,13.3,1
2017-04-24 11:00:00,1174.0,13.9,1
2017-04-24 12:00:00,1161.8,15.6,1
2017-04-24 13:00:00,1149.5,17.0,1
2017-04-24 14:00:00,1137.3,17.8,1
2017-04-24 15:00:00,1125.1,18.3,1
2017-04-24 16:00:00,452.7,19.4,1
2017-04-24 17:00:00,487.6,18.9,1
2017-04-24 18:00:00,415.0,16.1,1
2017-04-24 19:00:00,449.7,12.8,1
2017-04-24 20:00:00,704.6,11.7,1
2017-04-24 21:00:00,709.3,11.1,1
2017-04-24 22:00:00,764.3,10.6,1
2017-04-24 23:00:00,772.1,12.8,1
2017-04-25 00:00:00,719.4,12.2,1
2017-04-25 01:00:00,668.7,11.7,1
2017-04-25 02:00:00,706.9,12.2,1
2017-04-25 03:00:00,732.4,12.8,1
2017-04-25 04:00:00,849.1,13.3,1
2017-04-25 05:00:00,982.5,12.2,1
2017-04-25 06:00:00,980.2,10.8,1
2017-04-25 07:00:00,990.5,9.4,1
2017-04-25 08:00:00,1078.2,10.0,1
2017-04-25 09:00:00,1067.4,9.4,1
2017-04-25 10:00:00,921.5,11.7,1
2017-04-25 11:00:00,858.0,12.2,1
2017-04-25 12:00:00,750.7,13.9,1
2017-04-25 13:00:00,831.0,14.4,1
2017-04-25 14:00:00,696.0,15.0,1
2017-04-25 15:00:00,608.0,16.1,1
2017-04-25 16:00:00,618.4,16.1,1
2017-04-25 17:00:00,744.1,16.0,1
2017-04-25 18:00:00,738.8,15.0,1
2017-04-25 19:00:00,721.8,14.4,1
2017-04-25 20:00:00,819.2,13.9,1
2017-04-25 21:00:00,913.3,12.8,1
2017-04-25 22:00:00,991.4,12.2,1
2017-04-25 23:00:00,978.9,11.7,1
2017-04-26 00:00:00,996.2,11.7,1
2017-04-26 01:00:00,861.9,11.7,1
2017-04-26 02:00:00,860.8,11.1,1
2017-04-26 03:00:00,802.6,11.1,1
2017-04-26 04:00:00,839.5,11.7,1
2017-04-26 05:00:00,902.6,11.1,1
2017-04-26 06:00:00,944.8,11.0,1
2017-04-26 07:00:00,987.9,12.2,1
2017-04-26 08:00:00,1177.3,13.9,1
2017-04-26 09:00:00,1209.7,16.1,1
2017-04-26 10:00:00,1076.7,17.2,1
2017-04-26 11:00:00,995.9,18.9,1
2017-04-26 12:00:00,1014.2,19.4,1
2017-04-26 13:00:00,941.9,20.6,1
2017-04-26 14:00:00,955.2,22.8,1
2017-04-26 15:00:00,871.0,22.8,1
2017-04-26 16:00:00,833.6,23.3,1
2017-04-26 17:00:00,838.8,23.9,1
2017-04-26 18:00:00,803.1,24.4,1
2017-04-26 19:00:00,780.1,21.7,1
2017-04-26 20:00:00,922.5,20.0,1
2017-04-26 21:00:00,1001.0,17.8,1
2017-04-26 22:00:00,1055.6,17.2,1
2017-04-26 23:00:00,1089.4,17.2,1
2017-04-27 00:00:00,1130.2,16.7,1
2017-04-27 01:00:00,1013.3,16.1,1
2017-04-27 02:00:00,947.4,15.6,1
2017-04-27 03:00:00,935.0,15.6,1
2017-04-27 04:00:00,961.3,14.4,1
2017-04-27 05:00:00,963.6,14.4,1
2017-04-27 06:00:00,1125.1,14.4,1
2017-04-27 07:00:00,1183.2,16.1,1
2017-04-27 08:00:00,1313.3,16.7,1
2017-04-27 09:00:00,1148.4,17.8,1
2017-04-27 10:00:00,1033.1,19.4,1
2017-04-27 11:00:00,999.6,21.1,1
2017-04-27 12:00:00,282.5,22.2,0
2017-04-27 13:00:00,290.2,23.3,0
2017-04-27 14:00:00,274.6,24.4,0
2017-04-27 15:00:00,325.3,25.0,0
2017-04-27 16:00:00,296.7,24.4,0
2017-04-27 17:00:00,368.4,24.4,0
2017-04-27 18:00:00,391.0,23.9,0
2017-04-27 19:00:00,358.0,22.8,0
2017-04-27 20:00:00,303.6,22.2,0
2017-04-27 21:00:00,353.1,22.2,0
2017-04-27 22:00:00,344.8,21.7,0
2017-04-27 23:00:00,359.2,17.8,0
2017-04-28 00:00:00,413.8,18.3,0
2017-04-28 01:00:00,374.8,17.8,0
2017-04-28 02:00:00,284.2,17.2,0
2017-04-28 03:00:00,260.4,15.6,0
2017-04-28 04:00:00,223.6,13.3,0
2017-04-28 05:00:00,325.8,12.8,0
2017-04-28 06:00:00,534.8,11.7,0
2017-04-28 07:00:00,776.4,13.3,0
2017-04-28 08:00:00,615.8,13.9,0
2017-04-28 09:00:00,531.8,16.1,0
2017-04-28 10:00:00,471.3,16.7,0
2017-04-28 11:00:00,418.2,18.9,0
2017-04-28 12:00:00,383.1,20.6,0
2017-04-28 13:00:00,339.9,22.2,0
2017-04-28 14:00:00,388.8,23.3,0
2017-04-28 15:00:00,328.8,23.9,0
2017-04-28 16:00:00,327.9,22.8,0
2017-04-28 17:00:00,378.4,22.8,0
2017-04-28 18:00:00,352.3,19.4,0
2017-04-28 19:00:00,393.7,17.8,0
2017-04-28 20:00:00,429.1,17.8,0
2017-04-28 21:00:00,349.4,19.4,0
2017-04-28 22:00:00,361.7,18.9,0
2017-04-28 23:00:00,409.3,18.3,0
2017-04-29 00:00:00,329.5,17.2,0
2017-04-29 01:00:00,307.5,17.2,0
2017-04-29 02:00:00,294.2,17.2,0
2017-04-29 03:00:00,272.1,15.6,0
2017-04-29 04:00:00,322.0,17.2,0
2017-04-29 05:00:00,239.8,16.1,0
2017-04-29 06:00:00,305.2,15.6,0
2017-04-29 07:00:00,317.3,16.1,0
2017-04-29 08:00:00,477.2,15.6,0
2017-04-29 09:00:00,423.2,15.0,0
2017-04-29 10:00:00,555.5,15.0,0
2017-04-29 11:00:00,511.3,14.4,0
2017-04-29 12:00:00,664.8,15.6,0
2017-04-29 13:00:00,466.7,14.4,0
2017-04-29 14:00:00,367.7,13.3,0
2017-04-29 15:00:00,539.3,14.4,0
2017-04-29 16:00:00,556.1,14.0,0
2017-04-29 17:00:00,514.9,13.9,0
2017-04-29 18:00:00,568.5,13.3,0
2017-04-29 19:00:00,523.7,11.7,0
2017-04-29 20:00:00,730.3,11.7,0
2017-04-29 21:00:00,761.9,10.6,0
2017-04-29 22:00:00,797.7,9.4,0
2017-04-29 23:00:00,932.3,8.9,0
2017-04-30 00:00:00,1008.4,8.3,0
2017-04-30 01:00:00,906.0,6.7,0
2017-04-30 02:00:00,938.1,5.6,0
2017-04-30 03:00:00,890.3,5.0,0
2017-04-30 04:00:00,908.5,4.4,0
2017-04-30 05:00:00,1040.5,3.9,0
2017-04-30 06:00:00,1114.8,4.4,0
2017-04-30 07:00:00,1122.7,7.2,0
2017-04-30 08:00:00,1049.9,7.2,0
2017-04-30 09:00:00,1085.5,7.2,0
2017-04-30 10:00:00,1040.1,8.9,0
2017-04-30 11:00:00,1080.7,8.3,0
2017-04-30 12:00:00,1215.7,12.8,0
2017-04-30 13:00:00,845.7,13.9,0
2017-04-30 14:00:00,489.9,14.4,0
2017-04-30 15:00:00,438.4,16.7,0
2017-04-30 16:00:00,428.1,17.8,0
2017-04-30 17:00:00,430.3,18.3,0
2017-04-30 18:00:00,382.5,18.9,0
2017-04-30 19:00:00,371.0,17.8,0
2017-04-30 20:00:00,318.0,16.7,0
2017-04-30 21:00:00,395.1,15.6,0
2017-04-30 22:00:00,443.1,15.6,0
2017-04-30 23:00:00,513.8,15.6,0
2017-05-01 00:00:00,441.2,15.0,0
2017-05-01 01:00:00,428.3,15.0,0
2017-05-01 02:00:00,345.2,14.4,0
2017-05-01 03:00:00,373.9,13.9,0
2017-05-01 04:00:00,400.0,13.9,0
2017-05-01 05:00:00,361.1,13.9,0
2017-05-01 06:00:00,509.1,15.0,0
2017-05-01 07:00:00,526.7,16.1,0
2017-05-01 08:00:00,588.0,18.3,0
2017-05-01 09:00:00,585.7,18.9,0
2017-05-01 10:00:00,473.2,21.1,0
2017-05-01 11:00:00,334.8,22.2,0
2017-05-01 12:00:00,370.9,22.8,0
2017-05-01 13:00:00,305.5,23.3,0
2017-05-01 14:00:00,245.3,22.8,0
2017-05-01 15:00:00,367.2,23.3,0
2017-05-01 16:00:00,349.9,22.2,0
2017-05-01 17:00:00,480.3,22.8,0
2017-05-01 18:00:00,375.8,16.7,0
2017-05-01 19:00:00,334.4,16.1,0
2017-05-01 20:00:00,386.9,16.1,0
2017-05-01 21:00:00,411.4,16.1,0
2017-05-01 22:00:00,465.2,16.1,0
2017-05-01 23:00:00,431.0,16.1,0
2017-05-02 00:00:00,374.9,16.7,0
2017-05-02 01:00:00,258.0,13.9,0
2017-05-02 02:00:00,389.1,12.8,0
2017-05-02 03:00:00,481.3,10.6,0
2017-05-02 04:00:00,610.6,9.4,0
2017-05-02 05:00:00,777.8,9.4,0
2017-05-02 06:00:00,681.5,11.1,0
2017-05-02 07:00:00,675.6,11.7,0
2017-05-02 08:00:00,712.3,13.3,0
2017-05-02 09:00:00,709.0,12.8,0
2017-05-02 10:00:00,628.1,12.8,0
2017-05-02 11:00:00,561.1,13.3,0
2017-05-02 12:00:00,599.3,11.1,0
2017-05-02 13:00:00,792.9,13.3,0
2017-05-02 14:00:00,616.7,12.2,0
2017-05-02 15:00:00,515.4,11.0,0
2017-05-02 16:00:00,672.8,8.9,0
2017-05-02 17:00:00,1009.1,9.4,0
2017-05-02 18:00:00,897.8,8.9,0
2017-05-02 19:00:00,965.5,8.9,0
2017-05-02 20:00:00,935.8,8.9,0
2017-05-02 21:00:00,913.5,8.9,0
2017-05-02 22:00:00,1002.5,8.9,0
2017-05-02 23:00:00,989.3,8.9,0
2017-05-03 00:00:00,1025.8,8.3,0
2017-05-03 01:00:00,847.1,8.3,0
2017-05-03 02:00:00,884.7,7.8,0
2017-05-03 03:00:00,888.2,7.8,0
2017-05-03 04:00:00,971.7,7.2,0
2017-05-03 05:00:00,966.8,7.2,0
2017-05-03 06:00:00,941.3,6.7,0
2017-05-03 07:00:00,1002.8,6.7,0
2017-05-03 08:00:00,1219.0,5.6,0
2017-05-03 09:00:00,1369.2,5.6,0
2017-05-03 10:00:00,1351.6,5.6,0
2017-05-03 11:00:00,1239.8,6.1,0
2017-05-03 12:00:00,1143.4,8.9,0
2017-05-03 13:00:00,944.0,10.6,0
2017-05-03 14:00:00,934.8,10.0,0
2017-05-03 15:00:00,781.9,10.6,0
2017-05-03 16:00:00,697.6,11.1,0
2017-05-03 17:00:00,721.0,10.6,0
2017-05-03 18:00:00,673.9,10.0,0
2017-05-03 19:00:00,682.7,8.3,0
2017-05-03 20:00:00,891.3,5.0,0
2017-05-03 21:00:00,1083.6,3.9,0
2017-05-03 22:00:00,1166.6,3.3,0
2017-05-03 23:00:00,1251.3,2.2,0
2017-05-04 00:00:00,1297.7,2.8,0
2017-05-04 01:00:00,1252.5,2.8,0
2017-05-04 02:00:00,1180.1,2.2,0
2017-05-04 03:00:00,1174.5,1.7,0
2017-05-04 04:00:00,1266.4,1.7,0
2017-05-04 05:00:00,1215.0,1.7,0
2017-05-04 06:00:00,1485.7,2.2,0
2017-05-04 07:00:00,1530.7,5.6,0
2017-05-04 08:00:00,1539.8,8.9,0
2017-05-04 09:00:00,1180.3,10.6,0
2017-05-04 10:00:00,879.5,11.1,0
2017-05-04 11:00:00,819.4,11.7,0
2017-05-04 12:00:00,793.7,11.7,0
2017-05-04 13:00:00,913.0,11.7,0
2017-05-04 14:00:00,892.6,9.4,0
2017-05-04 15:00:00,932.8,9.4,0
2017-05-04 16:00:00,928.3,8.3,0
2017-05-04 17:00:00,1022.3,8.3,0
2017-05-04 18:00:00,1072.8,8.3,0
2017-05-04 19:00:00,1036.9,8.3,0
2017-05-04 20:00:00,1080.6,8.9,0
2017-05-04 21:00:00,971.5,8.9,0
2017-05-04 22:00:00,973.8,10.0,0
2017-05-04 23:00:00,1010.7,9.4,0
2017-05-05 00:00:00,1013.2,7.8,0
2017-05-05 01:00:00,973.2,6.7,0
2017-05-05 02:00:00,1008.5,6.1,0
2017-05-05 03:00:00,1101.3,6.7,0
2017-05-05 04:00:00,1022.5,7.2,0
2017-05-05 05:00:00,896.6,7.8,0
2017-05-05 06:00:00,1002.7,7.8,0
2017-05-05 07:00:00,1106.1,8.3,0
2017-05-05 08:00:00,1216.5,9.4,0
2017-05-05 09:00:00,1175.2,10.0,0
2017-05-05 10:00:00,1043.3,10.0,0
2017-05-05 11:00:00,1001.1,10.0,0
2017-05-05 12:00:00,934.4,11.1,0
2017-05-05 13:00:00,959.9,11.7,0
2017-05-05 14:00:00,821.2,12.8,0
2017-05-05 15:00:00,694.2,13.3,0
2017-05-05 16:00:00,642.3,13.9,0
2017-05-05 17:00:00,536.6,13.3,0
2017-05-05 18:00:00,598.5,13.3,0
2017-05-05 19:00:00,676.9,13.3,0
2017-05-05 20:00:00,723.5,13.3,0
2017-05-05 21:00:00,787.6,13.3,0
2017-05-05 22:00:00,697.9,13.9,0
2017-05-05 23:00:00,568.2,13.9,0
2017-05-06 00:00:00,564.1,13.9,0
2017-05-06 01:00:00,519.6,13.9,0
2017-05-06 02:00:00,497.9,13.9,0
2017-05-06 03:00:00,465.8,14.4,0
2017-05-06 04:00:00,465.0,15.0,0
2017-05-06 05:00:00,399.2,13.3,0
2017-05-06 06:00:00,671.6,12.8,0
2017-05-06 07:00:00,712.2,12.8,0
2017-05-06 08:00:00,692.9,10.0,0
2017-05-06 09:00:00,1002.5,10.0,0
2017-05-06 10:00:00,1118.2,10.0,0
2017-05-06 11:00:00,1055.3,10.0,0
2017-05-06 12:00:00,1021.6,9.4,0
2017-05-06 13:00:00,1093.2,9.4,0
2017-05-06 14:00:00,998.1,8.9,0
2017-05-06 15:00:00,1120.8,8.3,0
2017-05-06 16:00:00,1152.6,7.8,0
2017-05-06 17:00:00,1155.1,8.3,0
2017-05-06 18:00:00,1058.8,7.2,0
2017-05-06 19:00:00,1019.1,7.2,0
2017-05-06 20:00:00,1083.2,6.7,0
2017-05-06 21:00:00,1236.0,6.1,0
2017-05-06 22:00:00,1197.1,6.1,0
2017-05-06 23:00:00,1176.5,6.1,0
2017-05-07 00:00:00,1122.3,6.1,0
2017-05-07 01:00:00,948.0,5.6,0
2017-05-07 02:00:00,1022.3,5.0,0
2017-05-07 03:00:00,1044.5,5.0,0
2017-05-07 04:00:00,1142.6,5.0,0
2017-05-07 05:00:00,1065.7,4.4,0
2017-05-07 06:00:00,1133.1,3.9,0
2017-05-07 07:00:00,1147.4,4.4,0
2017-05-07 08:00:00,1286.7,3.9,0
2017-05-07 09:00:00,1407.3,4.4,0
2017-05-07 10:00:00,1399.5,5.0,0
2017-05-07 11:00:00,1299.0,6.1,0
2017-05-07 12:00:00,1283.8,5.0,0
2017-05-07 13:00:00,1294.8,5.0,0
2017-05-07 14:00:00,1447.3,4.4,0
2017-05-07 15:00:00,1383.9,5.0,0
2017-05-07 16:00:00,1402.3,4.4,0
2017-05-07 17:00:00,1355.9,3.9,0
2017-05-07 18:00:00,1304.0,3.9,0
2017-05-07 19:00:00,1455.3,3.9,0
2017-05-07 20:00:00,1496.3,3.9,0
2017-05-07 21:00:00,1369.0,3.9,0
2017-05-07 22:00:00,1343.5,3.3,0
2017-05-07 23:00:00,1450.0,3.3,0
2017-05-08 00:00:00,1471.0,3.3,0
2017-05-08 01:00:00,1429.1,1.7,0
2017-05-08 02:00:00,1394.2,1.7,0
2017-05-08 03:00:00,1494.5,1.1,0
2017-05-08 04:00:00,1442.4,1.7,0
2017-05-08 05:00:00,1499.0,1.7,0
2017-05-08 06:00:00,1617.8,1.7,0
2017-05-08 07:00:00,1722.6,2.2,0
2017-05-08 08:00:00,1908.8,3.3,0
2017-05-08 09:00:00,1749.7,3.9,0
2017-05-08 10:00:00,1533.5,5.6,0
2017-05-08 11:00:00,1314.8,6.7,0
2017-05-08 12:00:00,1223.4,7.2,0
2017-05-08 13:00:00,1238.7,9.4,0
2017-05-08 14:00:00,1171.9,8.3,0
2017-05-08 15:00:00,1220.3,8.3,0
2017-05-08 16:00:00,1185.6,8.3,0
2017-05-08 17:00:00,1129.0,7.8,0
2017-05-08 18:00:00,1123.7,7.0,0
2017-05-08 19:00:00,1166.1,7.2,0
2017-05-08 20:00:00,1193.6,5.6,0
2017-05-08 21:00:00,1426.4,6.1,0
2017-05-08 22:00:00,1336.8,4.4,0
2017-05-08 23:00:00,1365.5,3.9,0
2017-05-09 00:00:00,1288.1,2.8,0
2017-05-09 01:00:00,1234.4,2.2,0
2017-05-09 02:00:00,1335.3,2.2,0
2017-05-09 03:00:00,1359.5,2.2,0
2017-05-09 04:00:00,1385.6,0.0,0
2017-05-09 05:00:00,1379.2,-0.6,0
2017-05-09 06:00:00,1453.8,1.1,0
2017-05-09 07:00:00,1633.4,3.3,0
2017-05-09 08:00:00,1742.3,4.4,0
2017-05-09 09:00:00,1505.6,5.6,0
2017-05-09 10:00:00,1247.5,6.7,0
2017-05-09 11:00:00,1160.6,7.8,0
2017-05-09 12:00:00,1102.8,9.4,0
2017-05-09 13:00:00,1007.6,10.6,0
2017-05-09 14:00:00,822.8,11.1,0
2017-05-09 15:00:00,654.7,11.1,0
2017-05-09 16:00:00,690.8,11.7,0
2017-05-09 17:00:00,667.5,11.1,0
2017-05-09 18:00:00,944.6,9.4,0
2017-05-09 19:00:00,1200.1,6.7,0
2017-05-09 20:00:00,1241.8,5.6,0
2017-05-09 21:00:00,1412.2,5.0,0
2017-05-09 22:00:00,1328.7,4.4,0
2017-05-09 23:00:00,1191.7,3.9,0
2017-05-10 00:00:00,1219.0,3.9,0
2017-05-10 01:00:00,1220.0,3.3,0
2017-05-10 02:00:00,1221.8,2.2,0
2017-05-10 03:00:00,1198.3,2.8,0
2017-05-10 04:00:00,1263.5,1.7,0
2017-05-10 05:00:00,1207.6,1.7,0
2017-05-10 06:00:00,1355.2,2.8,0
2017-05-10 07:00:00,1524.8,3.9,0
2017-05-10 08:00:00,1685.3,5.6,0
2017-05-10 09:00:00,1334.1,6.7,0
2017-05-10 10:00:00,1181.5,7.8,0
2017-05-10 11:00:00,1113.2,7.8,0
2017-05-10 12:00:00,1064.3,8.9,0
2017-05-10 13:00:00,1042.6,8.9,0
2017-05-10 14:00:00,984.8,8.9,0
2017-05-10 15:00:00,871.6,10.0,0
2017-05-10 16:00:00,687.6,10.6,0
2017-05-10 17:00:00,622.6,10.6,0
2017-05-10 18:00:00,697.9,10.0,0
2017-05-10 19:00:00,898.4,7.2,0
2017-05-10 20:00:00,1140.0,6.1,0
2017-05-10 21:00:00,1148.1,4.4,0
2017-05-10 22:00:00,1166.3,3.9,0
2017-05-10 23:00:00,1252.9,2.2,0
2017-05-11 00:00:00,1160.2,3.3,0
2017-05-11 01:00:00,1120.3,3.3,0
2017-05-11 02:00:00,1189.4,2.8,0
2017-05-11 03:00:00,1177.8,2.8,0
2017-05-11 04:00:00,1255.4,2.8,0
2017-05-11 05:00:00,1242.3,3.3,0
2017-05-11 06:00:00,1229.8,3.9,0
2017-05-11 07:00:00,1482.7,6.1,0
2017-05-11 08:00:00,1376.6,8.3,0
2017-05-11 09:00:00,1283.6,10.6,0
2017-05-11 10:00:00,873.9,12.2,0
2017-05-11 11:00:00,671.8,13.9,0
2017-05-11 12:00:00,528.8,13.9,0
2017-05-11 13:00:00,455.6,15.6,0
2017-05-11 14:00:00,452.5,15.6,0
2017-05-11 15:00:00,476.6,15.6,0
2017-05-11 16:00:00,443.1,15.6,0
2017-05-11 17:00:00,477.5,14.4,0
2017-05-11 18:00:00,565.9,13.9,0
2017-05-11 19:00:00,542.9,11.7,0
2017-05-11 20:00:00,915.3,10.0,0
2017-05-11 21:00:00,926.6,10.0,0
2017-05-11 22:00:00,908.2,9.4,0
2017-05-11 23:00:00,878.1,9.4,0
2017-05-12 00:00:00,888.7,8.9,0
2017-05-12 01:00:00,839.2,8.3,0
2017-05-12 02:00:00,806.1,8.3,0
2017-05-12 03:00:00,785.4,8.3,0
2017-05-12 04:00:00,758.1,7.2,0
2017-05-12 05:00:00,911.7,6.1,0
2017-05-12 06:00:00,1018.1,8.3,0
2017-05-12 07:00:00,930.0,11.1,0
2017-05-12 08:00:00,903.0,11.7,0
2017-05-12 09:00:00,799.0,13.3,0
2017-05-12 10:00:00,604.7,15.6,0
2017-05-12 11:00:00,494.6,16.7,0
2017-05-12 12:00:00,428.3,17.2,0
2017-05-12 13:00:00,432.9,17.2,0
2017-05-12 14:00:00,467.3,17.8,0
2017-05-12 15:00:00,408.0,17.2,0
2017-05-12 16:00:00,397.1,17.2,0
2017-05-12 17:00:00,436.3,16.7,0
2017-05-12 18:00:00,412.5,15.0,0
2017-05-12 19:00:00,564.9,13.3,0
2017-05-12 20:00:00,499.4,12.2,0
2017-05-12 21:00:00,589.9,11.7,0
2017-05-12 22:00:00,692.2,11.7,0
2017-05-12 23:00:00,635.0,11.7,0
2017-05-13 00:00:00,596.3,11.1,0
2017-05-13 01:00:00,719.6,10.0,0
2017-05-13 02:00:00,785.4,9.4,0
2017-05-13 03:00:00,813.7,9.4,0
2017-05-13 04:00:00,857.4,8.9,0
2017-05-13 05:00:00,822.2,8.9,0
2017-05-13 06:00:00,830.9,8.9,0
2017-05-13 07:00:00,790.4,8.9,0
2017-05-13 08:00:00,941.2,9.0,0
2017-05-13 09:00:00,970.0,8.9,0
2017-05-13 10:00:00,1002.4,8.9,0
2017-05-13 11:00:00,929.2,9.4,0
2017-05-13 12:00:00,934.2,10.0,0
2017-05-13 13:00:00,878.5,10.6,0
2017-05-13 14:00:00,870.4,10.6,0
2017-05-13 15:00:00,797.4,10.6,0
2017-05-13 16:00:00,741.6,11.1,0
2017-05-13 17:00:00,763.2,12.0,0
2017-05-13 18:00:00,716.1,11.1,0
2017-05-13 19:00:00,779.3,10.6,0
2017-05-13 20:00:00,781.9,10.0,0
2017-05-13 21:00:00,824.7,10.0,0
2017-05-13 22:00:00,911.5,8.9,0
2017-05-13 23:00:00,915.2,8.9,0
2017-05-14 00:00:00,927.1,8.9,0
2017-05-14 01:00:00,837.9,8.3,0
2017-05-14 02:00:00,772.6,6.7,0
2017-05-14 03:00:00,929.3,6.1,0
2017-05-14 04:00:00,938.8,5.6,0
2017-05-14 05:00:00,1005.6,5.0,0
2017-05-14 06:00:00,1003.5,5.6,0
2017-05-14 07:00:00,982.2,7.8,0
2017-05-14 08:00:00,977.1,11.1,0
2017-05-14 09:00:00,900.1,12.8,0
2017-05-14 10:00:00,607.4,12.8,0
2017-05-14 11:00:00,661.1,14.4,0
2017-05-14 12:00:00,619.7,16.1,0
2017-05-14 13:00:00,672.3,10.0,0
2017-05-14 14:00:00,786.3,14.4,0
2017-05-14 15:00:00,596.1,9.4,0
2017-05-14 16:00:00,957.3,9.4,0
2017-05-14 17:00:00,983.2,6.7,0
2017-05-14 18:00:00,1072.5,8.3,0
2017-05-14 19:00:00,1039.1,7.8,0
2017-05-14 20:00:00,1074.8,7.8,0
2017-05-14 21:00:00,1091.6,8.3,0
2017-05-14 22:00:00,1017.7,8.9,0
2017-05-14 23:00:00,989.6,8.3,0
2017-05-15 00:00:00,993.4,8.3,0
2017-05-15 01:00:00,985.3,8.3,0
2017-05-15 02:00:00,1021.5,7.8,0
2017-05-15 03:00:00,1037.0,7.8,0
2017-05-15 04:00:00,975.6,7.8,0
2017-05-15 05:00:00,1014.3,7.8,0
2017-05-15 06:00:00,1010.3,7.8,0
2017-05-15 07:00:00,1004.4,7.8,0
2017-05-15 08:00:00,1223.7,8.3,0
2017-05-15 09:00:00,1327.7,8.9,0
2017-05-15 10:00:00,1161.3,9.4,0
2017-05-15 11:00:00,999.2,11.1,0
2017-05-15 12:00:00,769.8,12.0,0
2017-05-15 13:00:00,636.9,13.0,0
2017-05-15 14:00:00,447.3,15.6,0
2017-05-15 15:00:00,409.1,16.1,0
2017-05-15 16:00:00,470.1,16.1,0
2017-05-15 17:00:00,419.8,15.6,0
2017-05-15 18:00:00,456.7,15.6,0
2017-05-15 19:00:00,417.1,13.9,0
2017-05-15 20:00:00,455.6,11.7,0
2017-05-15 21:00:00,553.1,11.7,0
2017-05-15 22:00:00,692.2,11.7,0
2017-05-15 23:00:00,754.9,10.0,0
2017-05-16 00:00:00,975.7,8.9,0
2017-05-16 01:00:00,880.5,6.1,0
2017-05-16 02:00:00,883.1,6.1,0
2017-05-16 03:00:00,897.0,6.1,0
2017-05-16 04:00:00,991.8,5.0,0
2017-05-16 05:00:00,1009.3,5.0,0
2017-05-16 06:00:00,988.7,7.2,0
2017-05-16 07:00:00,1067.6,11.1,0
2017-05-16 08:00:00,969.9,13.3,0
2017-05-16 09:00:00,748.3,15.0,0
2017-05-16 10:00:00,493.2,17.2,0
2017-05-16 11:00:00,483.3,17.2,0
2017-05-16 12:00:00,360.7,17.2,0
2017-05-16 13:00:00,411.6,16.7,0
2017-05-16 14:00:00,486.1,16.7,0
2017-05-16 15:00:00,446.6,17.8,0
2017-05-16 16:00:00,422.6,18.9,0
2017-05-16 17:00:00,344.2,18.9,0
2017-05-16 18:00:00,343.4,19.4,0
2017-05-16 19:00:00,337.3,18.9,0
2017-05-16 20:00:00,287.2,13.9,0
2017-05-16 21:00:00,437.1,13.3,0
2017-05-16 22:00:00,458.2,13.9,0
2017-05-16 23:00:00,608.4,13.9,0
2017-05-17 00:00:00,399.7,13.3,0
2017-05-17 01:00:00,387.5,13.9,0
2017-05-17 02:00:00,363.5,15.6,0
2017-05-17 03:00:00,323.2,16.1,0
2017-05-17 04:00:00,334.6,15.6,0
2017-05-17 05:00:00,453.7,16.1,0
2017-05-17 06:00:00,454.1,17.2,0
2017-05-17 07:00:00,513.4,20.0,0
2017-05-17 08:00:00,444.2,22.0,0
2017-05-17 09:00:00,422.7,25.0,0
2017-05-17 10:00:00,308.8,26.7,0
2017-05-17 11:00:00,356.8,27.8,0
2017-05-17 12:00:00,232.5,28.9,0
2017-05-17 13:00:00,348.1,30.0,0
2017-05-17 14:00:00,279.9,30.6,0
2017-05-17 15:00:00,298.2,31.1,0
2017-05-17 16:00:00,296.3,30.6,0
2017-05-17 17:00:00,328.5,28.9,0
2017-05-17 18:00:00,331.0,28.9,0
2017-05-17 19:00:00,282.6,25.6,0
2017-05-17 20:00:00,325.4,24.4,0
2017-05-17 21:00:00,296.6,22.2,0
2017-05-17 22:00:00,371.9,21.8,0
2017-05-17 23:00:00,393.1,21.5,0
2017-05-18 00:00:00,396.2,21.1,0
2017-05-18 01:00:00,329.1,20.8,0
2017-05-18 02:00:00,327.3,20.4,0
2017-05-18 03:00:00,235.9,20.1,0
2017-05-18 04:00:00,247.1,19.7,0
2017-05-18 05:00:00,252.7,19.4,0
2017-05-18 06:00:00,344.8,19.0,0
2017-05-18 07:00:00,433.4,22.0,0
2017-05-18 08:00:00,381.1,25.0,0
2017-05-18 09:00:00,357.8,26.1,0
2017-05-18 10:00:00,333.1,27.2,0
2017-05-18 11:00:00,316.5,28.9,0
2017-05-18 12:00:00,288.4,29.4,0
2017-05-18 13:00:00,381.2,31.1,0
2017-05-18 14:00:00,397.1,30.6,0
2017-05-18 15:00:00,322.1,30.6,0
2017-05-18 16:00:00,312.5,30.0,0
2017-05-18 17:00:00,315.0,22.8,0
2017-05-18 18:00:00,307.0,20.0,0
2017-05-18 19:00:00,301.0,20.6,0
2017-05-18 20:00:00,307.1,20.6,0
2017-05-18 21:00:00,437.1,20.6,0
2017-05-18 22:00:00,370.9,20.6,0
2017-05-18 23:00:00,255.9,20.6,0
2017-05-19 00:00:00,302.3,20.6,0
2017-05-19 01:00:00,195.2,21.1,0
2017-05-19 02:00:00,240.9,19.4,0
2017-05-19 03:00:00,266.5,18.3,0
2017-05-19 04:00:00,365.2,17.8,0
2017-05-19 05:00:00,290.7,17.2,0
2017-05-19 06:00:00,282.0,18.3,0
2017-05-19 07:00:00,265.4,18.9,0
2017-05-19 08:00:00,325.1,20.0,0
2017-05-19 09:00:00,387.7,21.1,0
2017-05-19 10:00:00,340.6,20.0,0
2017-05-19 11:00:00,366.0,17.2,0
2017-05-19 12:00:00,418.7,15.0,0
2017-05-19 13:00:00,500.6,15.6,0
2017-05-19 14:00:00,501.5,16.7,0
2017-05-19 15:00:00,413.1,15.6,0
2017-05-19 16:00:00,395.0,13.3,0
2017-05-19 17:00:00,422.0,12.2,0
2017-05-19 18:00:00,495.1,11.7,0
2017-05-19 19:00:00,692.0,11.1,0
2017-05-19 20:00:00,723.9,9.4,0
2017-05-19 21:00:00,736.5,8.9,0
2017-05-19 22:00:00,787.6,9.4,0
2017-05-19 23:00:00,832.5,8.9,0
2017-05-20 00:00:00,839.9,8.9,0
2017-05-20 01:00:00,783.6,8.9,0
2017-05-20 02:00:00,774.2,8.9,0
2017-05-20 03:00:00,655.4,8.9,0
2017-05-20 04:00:00,675.9,8.9,0
2017-05-20 05:00:00,657.6,8.9,0
2017-05-20 06:00:00,809.9,8.9,0
2017-05-20 07:00:00,895.0,10.0,0
2017-05-20 08:00:00,796.3,11.1,0
2017-05-20 09:00:00,696.7,12.8,0
2017-05-20 10:00:00,610.6,14.4,0
2017-05-20 11:00:00,499.5,14.4,0
2017-05-20 12:00:00,453.7,16.7,0
2017-05-20 13:00:00,465.1,17.8,0
2017-05-20 14:00:00,369.3,18.3,0
2017-05-20 15:00:00,295.5,18.3,0
2017-05-20 16:00:00,309.8,19.4,0
2017-05-20 17:00:00,327.7,18.9,0
2017-05-20 18:00:00,291.7,17.8,0
2017-05-20 19:00:00,386.9,14.4,0
2017-05-20 20:00:00,364.3,11.7,0
2017-05-20 21:00:00,486.7,11.7,0
2017-05-20 22:00:00,542.4,9.4,0
2017-05-20 23:00:00,671.9,8.9,0
2017-05-21 00:00:00,644.7,10.0,0
2017-05-21 01:00:00,563.7,11.1,0
2017-05-21 02:00:00,542.4,12.2,0
2017-05-21 03:00:00,390.1,12.2,0
2017-05-21 04:00:00,462.0,12.2,0
2017-05-21 05:00:00,413.9,12.2,0
2017-05-21 06:00:00,478.1,12.8,0
2017-05-21 07:00:00,492.0,14.4,0
2017-05-21 08:00:00,424.3,15.6,0
2017-05-21 09:00:00,432.9,15.6,0
2017-05-21 10:00:00,477.4,17.2,0
2017-05-21 11:00:00,422.9,16.1,0
2017-05-21 12:00:00,410.5,18.3,0
2017-05-21 13:00:00,400.9,17.2,0
2017-05-21 14:00:00,378.6,18.3,0
2017-05-21 15:00:00,291.5,18.3,0
2017-05-21 16:00:00,331.2,17.8,0
2017-05-21 17:00:00,341.6,17.2,0
2017-05-21 18:00:00,383.4,16.1,0
2017-05-21 19:00:00,430.2,15.0,0
2017-05-21 20:00:00,525.5,14.0,0
2017-05-21 21:00:00,462.8,14.0,0
2017-05-21 22:00:00,405.1,15.0,0
2017-05-21 23:00:00,353.5,15.0,0
2017-05-22 00:00:00,390.0,14.4,0
2017-05-22 01:00:00,346.8,13.3,0
2017-05-22 02:00:00,460.4,11.7,0
2017-05-22 03:00:00,774.0,10.6,0
2017-05-22 04:00:00,725.4,10.6,0
2017-05-22 05:00:00,692.2,11.1,0
2017-05-22 06:00:00,738.0,11.7,0
2017-05-22 07:00:00,618.9,12.2,0
2017-05-22 08:00:00,597.1,12.8,0
2017-05-22 09:00:00,543.5,15.0,0
2017-05-22 10:00:00,507.3,14.4,0
2017-05-22 11:00:00,528.8,13.9,0
2017-05-22 12:00:00,525.2,15.6,0
2017-05-22 13:00:00,423.8,16.1,0
2017-05-22 14:00:00,369.8,18.9,0
2017-05-22 15:00:00,366.2,20.6,0
2017-05-22 16:00:00,352.9,20.0,0
2017-05-22 17:00:00,359.9,17.8,0
2017-05-22 18:00:00,374.8,15.6,0
2017-05-22 19:00:00,385.6,15.6,0
2017-05-22 20:00:00,443.3,12.8,0
2017-05-22 21:00:00,551.9,11.1,0
2017-05-22 22:00:00,710.4,9.4,0
2017-05-22 23:00:00,641.9,7.2,0
2017-05-23 00:00:00,926.0,7.2,0
2017-05-23 01:00:00,897.4,6.7,0
2017-05-23 02:00:00,873.0,6.1,0
2017-05-23 03:00:00,864.1,6.1,0
2017-05-23 04:00:00,790.0,6.1,0
2017-05-23 05:00:00,914.4,5.6,0
2017-05-23 06:00:00,1029.5,7.2,0
2017-05-23 07:00:00,1024.1,10.0,0
2017-05-23 08:00:00,896.0,12.8,0
2017-05-23 09:00:00,639.5,15.0,0
2017-05-23 10:00:00,466.4,16.7,0
2017-05-23 11:00:00,399.4,18.0,0
2017-05-23 12:00:00,404.0,19.4,0
2017-05-23 13:00:00,337.6,21.1,0
2017-05-23 14:00:00,277.1,21.1,0
2017-05-23 15:00:00,264.6,21.7,0
2017-05-23 16:00:00,307.9,22.2,0
2017-05-23 17:00:00,349.8,22.2,0
2017-05-23 18:00:00,355.4,21.1,0
2017-05-23 19:00:00,295.5,18.9,0
2017-05-23 20:00:00,298.1,15.6,0
2017-05-23 21:00:00,277.3,16.1,0
2017-05-23 22:00:00,344.0,15.0,0
2017-05-23 23:00:00,403.8,13.9,0
2017-05-24 00:00:00,428.9,11.1,0
2017-05-24 01:00:00,370.7,11.7,0
2017-05-24 02:00:00,467.0,11.7,0
2017-05-24 03:00:00,623.2,11.1,0
2017-05-24 04:00:00,532.2,10.6,0
2017-05-24 05:00:00,698.6,10.0,0
2017-05-24 06:00:00,831.1,11.7,0
2017-05-24 07:00:00,720.1,12.8,0
2017-05-24 08:00:00,577.2,15.6,0
2017-05-24 09:00:00,450.3,17.8,0
2017-05-24 10:00:00,379.7,20.0,0
2017-05-24 11:00:00,285.9,21.1,0
2017-05-24 12:00:00,244.3,22.2,0
2017-05-24 13:00:00,254.6,22.8,0
2017-05-24 14:00:00,259.0,22.8,0
2017-05-24 15:00:00,308.2,21.7,0
2017-05-24 16:00:00,311.5,21.7,0
2017-05-24 17:00:00,273.2,22.8,0
2017-05-24 18:00:00,319.6,21.7,0
2017-05-24 19:00:00,229.4,20.6,0
2017-05-24 20:00:00,278.7,18.9,0
2017-05-24 21:00:00,235.4,17.8,0
2017-05-24 22:00:00,318.9,17.2,0
2017-05-24 23:00:00,376.0,16.7,0
2017-05-25 00:00:00,309.1,16.1,0
2017-05-25 01:00:00,326.7,15.6,0
2017-05-25 02:00:00,278.6,15.0,0
2017-05-25 03:00:00,197.6,14.4,0
2017-05-25 04:00:00,252.4,13.9,0
2017-05-25 05:00:00,354.2,13.9,0
2017-05-25 06:00:00,336.6,13.3,0
2017-05-25 07:00:00,497.3,12.8,0
2017-05-25 08:00:00,568.4,12.8,0
2017-05-25 09:00:00,545.5,12.2,0
2017-05-25 10:00:00,496.4,12.8,0
2017-05-25 11:00:00,610.3,13.3,0
2017-05-25 12:00:00,488.3,14.4,0
2017-05-25 13:00:00,536.8,14.4,0
2017-05-25 14:00:00,497.3,14.4,0
2017-05-25 15:00:00,498.9,15.6,0
2017-05-25 16:00:00,378.0,15.6,0
2017-05-25 17:00:00,264.6,15.0,0
2017-05-25 18:00:00,330.5,15.0,0
2017-05-25 19:00:00,363.2,15.0,0
2017-05-25 20:00:00,457.5,14.4,0
2017-05-25 21:00:00,443.2,14.4,0
2017-05-25 22:00:00,519.6,13.9,0
2017-05-25 23:00:00,472.6,12.2,0
2017-05-26 00:00:00,364.1,12.8,0
2017-05-26 01:00:00,328.5,13.3,0
2017-05-26 02:00:00,238.4,13.3,0
2017-05-26 03:00:00,355.6,13.3,0
2017-05-26 04:00:00,368.6,13.3,0
2017-05-26 05:00:00,407.8,13.3,0
2017-05-26 06:00:00,470.6,13.3,0
2017-05-26 07:00:00,508.3,13.3,0
2017-05-26 08:00:00,420.6,13.9,0
2017-05-26 09:00:00,463.2,14.4,0
2017-05-26 10:00:00,422.7,15.0,0
2017-05-26 11:00:00,437.4,15.6,0
2017-05-26 12:00:00,515.7,13.9,0
2017-05-26 13:00:00,483.6,13.9,0
2017-05-26 14:00:00,509.7,14.4,0
2017-05-26 15:00:00,357.0,14.4,0
2017-05-26 16:00:00,356.8,13.9,0
2017-05-26 17:00:00,356.3,13.9,0
2017-05-26 18:00:00,399.6,14.4,0
2017-05-26 19:00:00,407.5,13.9,0
2017-05-26 20:00:00,442.8,13.3,0
2017-05-26 21:00:00,393.7,13.3,0
2017-05-26 22:00:00,492.1,13.3,0
2017-05-26 23:00:00,496.3,13.3,0
2017-05-27 00:00:00,463.4,13.3,0
2017-05-27 01:00:00,371.5,13.3,0
2017-05-27 02:00:00,388.9,12.8,0
2017-05-27 03:00:00,371.1,12.8,0
2017-05-27 04:00:00,369.7,12.8,0
2017-05-27 05:00:00,435.3,12.8,0
2017-05-27 06:00:00,513.7,13.3,0
2017-05-27 07:00:00,488.5,13.3,0
2017-05-27 08:00:00,526.0,13.3,0
2017-05-27 09:00:00,597.4,14.0,0
2017-05-27 10:00:00,415.2,15.0,0
2017-05-27 11:00:00,376.4,16.1,0
2017-05-27 12:00:00,344.6,16.1,0
2017-05-27 13:00:00,334.4,16.1,0
2017-05-27 14:00:00,392.5,17.2,0
2017-05-27 15:00:00,425.1,17.8,0
2017-05-27 16:00:00,357.9,18.0,0
2017-05-27 17:00:00,317.3,17.2,0
2017-05-27 18:00:00,269.3,16.7,0
2017-05-27 19:00:00,266.9,16.1,0
2017-05-27 20:00:00,455.0,15.0,0
2017-05-27 21:00:00,451.4,14.4,0
2017-05-27 22:00:00,409.4,14.4,0
2017-05-27 23:00:00,327.1,13.8,0
2017-05-28 00:00:00,327.8,13.3,0
2017-05-28 01:00:00,277.9,12.8,0
2017-05-28 02:00:00,289.8,12.8,0
2017-05-28 03:00:00,303.9,12.8,0
2017-05-28 04:00:00,438.0,12.2,0
2017-05-28 05:00:00,592.8,12.8,0
2017-05-28 06:00:00,551.0,12.8,0
2017-05-28 07:00:00,523.0,14.4,0
2017-05-28 08:00:00,441.6,17.2,0
2017-05-28 09:00:00,352.1,19.4,0
2017-05-28 10:00:00,271.6,21.1,0
2017-05-28 11:00:00,311.5,22.2,0
2017-05-28 12:00:00,237.4,22.2,0
2017-05-28 13:00:00,237.4,22.2,0
2017-05-28 14:00:00,269.3,23.9,0
2017-05-28 15:00:00,307.8,22.0,0
2017-05-28 16:00:00,278.6,23.3,0
2017-05-28 17:00:00,310.4,23.3,0
2017-05-28 18:00:00,315.9,21.1,0
2017-05-28 19:00:00,247.8,20.6,0
2017-05-28 20:00:00,270.3,20.0,0
2017-05-28 21:00:00,306.9,18.9,0
2017-05-28 22:00:00,346.5,18.9,0
2017-05-28 23:00:00,266.9,18.3,0
2017-05-29 00:00:00,308.6,17.8,0
2017-05-29 01:00:00,311.1,17.8,0
2017-05-29 02:00:00,215.5,16.1,0
2017-05-29 03:00:00,271.4,14.4,0
2017-05-29 04:00:00,242.3,13.3,0
2017-05-29 05:00:00,414.1,12.8,0
2017-05-29 06:00:00,589.8,12.8,0
2017-05-29 07:00:00,683.2,13.3,0
2017-05-29 08:00:00,519.7,13.3,0
2017-05-29 09:00:00,452.2,13.3,0
2017-05-29 10:00:00,400.6,13.9,0
2017-05-29 11:00:00,415.7,15.6,0
2017-05-29 12:00:00,424.6,16.1,0
2017-05-29 13:00:00,343.1,17.2,0
2017-05-29 14:00:00,341.6,19.4,0
2017-05-29 15:00:00,334.6,21.1,0
2017-05-29 16:00:00,283.8,21.7,0
2017-05-29 17:00:00,269.2,20.0,0
2017-05-29 18:00:00,231.7,19.4,0
2017-05-29 19:00:00,239.2,19.4,0
2017-05-29 20:00:00,298.3,17.2,0
2017-05-29 21:00:00,336.9,16.1,0
2017-05-29 22:00:00,307.9,15.6,0
2017-05-29 23:00:00,448.9,15.0,0
2017-05-30 00:00:00,330.7,15.6,0
2017-05-30 01:00:00,288.7,15.6,0
2017-05-30 02:00:00,257.2,15.6,0
2017-05-30 03:00:00,275.0,15.6,0
2017-05-30 04:00:00,265.8,15.0,0
2017-05-30 05:00:00,144.2,15.6,0
2017-05-30 06:00:00,25.1,16.0,0
2017-05-30 07:00:00,19.2,15.0,0
2017-05-30 08:00:00,50.8,15.6,0
2017-05-30 09:00:00,45.1,16.1,1
2017-05-30 10:00:00,39.5,17.8,1
2017-05-30 11:00:00,33.9,19.4,1
2017-05-30 12:00:00,28.2,17.8,1
2017-05-30 13:00:00,22.6,18.9,1
2017-05-30 14:00:00,17.0,18.3,1
2017-05-30 15:00:00,282.7,17.8,1
2017-05-30 16:00:00,311.6,17.2,1
2017-05-30 17:00:00,0.1,17.2,0
2017-05-30 18:00:00,0.1,16.0,0
2017-05-30 19:00:00,14.8,16.1,1
2017-05-30 20:00:00,29.5,14.4,0
2017-05-30 21:00:00,0.1,14.4,0
2017-05-30 22:00:00,0.0,14.4,0
2017-05-30 23:00:00,0.2,14.4,1
2017-05-31 00:00:00,0.3,14.4,1
2017-05-31 01:00:00,0.5,14.4,1
2017-05-31 02:00:00,0.7,14.4,1
2017-05-31 03:00:00,0.8,14.4,1
2017-05-31 04:00:00,1.0,13.9,1
2017-05-31 05:00:00,739.9,13.3,1
2017-05-31 06:00:00,847.4,14.4,1
2017-05-31 07:00:00,778.3,16.1,1
2017-05-31 08:00:00,662.9,17.2,1
2017-05-31 09:00:00,609.0,19.4,1
2017-05-31 10:00:00,485.5,20.6,1
2017-05-31 11:00:00,412.7,21.7,1
2017-05-31 12:00:00,310.4,15.6,1
2017-05-31 13:00:00,302.9,17.8,1
2017-05-31 14:00:00,296.4,19.4,1
2017-05-31 15:00:00,264.3,20.0,1
2017-05-31 16:00:00,299.4,16.7,1
2017-05-31 17:00:00,284.1,15.6,1
2017-05-31 18:00:00,356.1,15.0,1
2017-05-31 19:00:00,274.0,15.6,1
2017-05-31 20:00:00,264.1,14.0,1
2017-05-31 21:00:00,285.5,12.2,1
2017-05-31 22:00:00,344.9,12.2,1
2017-05-31 23:00:00,489.4,12.2,1
2017-06-01 00:00:00,490.8,12.8,1
2017-06-01 01:00:00,585.0,12.8,1
2017-06-01 02:00:00,497.3,11.1,1
2017-06-01 03:00:00,455.1,9.4,1
2017-06-01 04:00:00,514.4,8.9,1
2017-06-01 05:00:00,646.8,8.9,1
2017-06-01 06:00:00,598.4,10.6,1
2017-06-01 07:00:00,684.1,13.9,1
2017-06-01 08:00:00,608.6,15.0,1
2017-06-01 09:00:00,546.2,16.7,1
2017-06-01 10:00:00,431.8,16.7,1
2017-06-01 11:00:00,461.4,18.3,1
2017-06-01 12:00:00,358.7,19.4,1
2017-06-01 13:00:00,425.9,18.3,1
2017-06-01 14:00:00,380.5,18.9,1
2017-06-01 15:00:00,359.0,19.4,1
2017-06-01 16:00:00,328.9,18.9,1
2017-06-01 17:00:00,286.1,17.8,1
2017-06-01 18:00:00,7.2,16.1,0
2017-06-01 19:00:00,57.6,13.9,0
2017-06-01 20:00:00,352.4,10.6,0
2017-06-01 21:00:00,682.3,10.6,0
2017-06-01 22:00:00,1428.7,8.3,0
2017-06-01 23:00:00,986.1,7.8,0
2017-06-02 00:00:00,1070.7,7.2,0
2017-06-02 01:00:00,906.9,7.2,0
2017-06-02 02:00:00,844.2,6.7,0
2017-06-02 03:00:00,702.2,6.1,0
2017-06-02 04:00:00,855.6,5.6,0
2017-06-02 05:00:00,1043.7,5.6,0
2017-06-02 06:00:00,1121.6,7.8,0
2017-06-02 07:00:00,1065.0,12.2,0
2017-06-02 08:00:00,934.1,14.4,0
2017-06-02 09:00:00,630.4,14.4,0
2017-06-02 10:00:00,414.3,15.0,0
2017-06-02 11:00:00,416.7,14.4,0
2017-06-02 12:00:00,503.4,15.0,0
2017-06-02 13:00:00,526.0,15.0,0
2017-06-02 14:00:00,405.2,17.2,0
2017-06-02 15:00:00,417.8,17.2,0
2017-06-02 16:00:00,386.6,17.2,0
2017-06-02 17:00:00,352.6,16.7,0
2017-06-02 18:00:00,413.7,16.1,0
2017-06-02 19:00:00,344.2,14.4,0
2017-06-02 20:00:00,479.3,10.6,0
2017-06-02 21:00:00,515.1,8.9,0
2017-06-02 22:00:00,832.6,7.8,0
2017-06-02 23:00:00,963.3,7.2,0
2017-06-03 00:00:00,966.0,6.7,0
2017-06-03 01:00:00,903.8,5.6,0
2017-06-03 02:00:00,937.0,6.1,0
2017-06-03 03:00:00,990.9,6.1,0
2017-06-03 04:00:00,1005.7,6.7,0
2017-06-03 05:00:00,979.6,7.2,0
2017-06-03 06:00:00,906.7,8.3,0
2017-06-03 07:00:00,868.6,10.6,0
2017-06-03 08:00:00,906.8,12.8,0
2017-06-03 09:00:00,766.3,13.9,0
2017-06-03 10:00:00,554.6,15.6,0
2017-06-03 11:00:00,442.8,16.7,0
2017-06-03 12:00:00,319.2,17.8,0
2017-06-03 13:00:00,343.9,17.8,0
2017-06-03 14:00:00,357.7,18.3,0
2017-06-03 15:00:00,322.1,18.9,0
2017-06-03 16:00:00,381.8,18.9,0
2017-06-03 17:00:00,335.6,18.9,0
2017-06-03 18:00:00,359.6,17.8,0
2017-06-03 19:00:00,297.5,16.1,0
2017-06-03 20:00:00,295.0,11.7,0
2017-06-03 21:00:00,426.7,8.9,0
2017-06-03 22:00:00,645.8,8.3,0
2017-06-03 23:00:00,984.8,7.2,0
2017-06-04 00:00:00,985.8,7.2,0
2017-06-04 01:00:00,903.1,6.7,0
2017-06-04 02:00:00,828.5,6.7,0
2017-06-04 03:00:00,840.4,6.7,0
2017-06-04 04:00:00,1007.6,6.1,0
2017-06-04 05:00:00,1004.8,5.6,0
2017-06-04 06:00:00,1094.3,7.8,0
2017-06-04 07:00:00,944.9,10.0,0
2017-06-04 08:00:00,885.3,10.6,0
2017-06-04 09:00:00,852.8,11.1,0
2017-06-04 10:00:00,875.3,10.6,0
2017-06-04 11:00:00,788.9,10.6,0
2017-06-04 12:00:00,859.5,11.1,0
2017-06-04 13:00:00,868.2,11.7,0
2017-06-04 14:00:00,728.0,13.3,0
2017-06-04 15:00:00,568.8,15.6,0
2017-06-04 16:00:00,392.3,17.8,0
2017-06-04 17:00:00,337.3,18.3,0
2017-06-04 18:00:00,280.8,19.4,0
2017-06-04 19:00:00,225.2,17.8,0
2017-06-04 20:00:00,272.5,17.2,0
2017-06-04 21:00:00,318.4,17.2,0
2017-06-04 22:00:00,425.5,16.7,0
2017-06-04 23:00:00,457.6,16.7,0
2017-06-05 00:00:00,295.7,16.7,0
2017-06-05 01:00:00,230.4,16.7,0
2017-06-05 02:00:00,303.5,15.0,0
2017-06-05 03:00:00,250.1,15.0,0
2017-06-05 04:00:00,298.2,15.6,0
2017-06-05 05:00:00,453.5,15.0,0
2017-06-05 06:00:00,357.7,17.2,0
2017-06-05 07:00:00,371.2,17.8,0
2017-06-05 08:00:00,401.1,18.3,0
2017-06-05 09:00:00,492.2,17.8,0
2017-06-05 10:00:00,353.8,20.6,0
2017-06-05 11:00:00,274.0,21.7,0
2017-06-05 12:00:00,219.5,21.7,0
2017-06-05 13:00:00,266.7,23.9,0
2017-06-05 14:00:00,243.7,21.7,0
2017-06-05 15:00:00,347.7,18.9,0
2017-06-05 16:00:00,340.4,19.4,0
2017-06-05 17:00:00,344.0,15.6,0
2017-06-05 18:00:00,343.7,15.0,0
2017-06-05 19:00:00,363.9,14.4,0
2017-06-05 20:00:00,377.7,13.9,0
2017-06-05 21:00:00,455.6,13.3,0
2017-06-05 22:00:00,502.7,13.3,0
2017-06-05 23:00:00,519.1,13.2,0
2017-06-06 00:00:00,548.2,13.2,0
2017-06-06 01:00:00,461.7,13.2,0
2017-06-06 02:00:00,434.0,13.1,0
2017-06-06 03:00:00,408.2,13.1,0
2017-06-06 04:00:00,450.6,13.1,0
2017-06-06 05:00:00,575.4,13.0,0
2017-06-06 06:00:00,709.6,13.0,0
2017-06-06 07:00:00,574.4,13.0,0
2017-06-06 08:00:00,537.5,13.0,0
2017-06-06 09:00:00,530.6,14.0,0
2017-06-06 10:00:00,529.3,13.9,0
2017-06-06 11:00:00,486.0,13.9,0
2017-06-06 12:00:00,520.7,15.0,0
2017-06-06 13:00:00,449.4,15.6,0
2017-06-06 14:00:00,312.2,17.0,0
2017-06-06 15:00:00,300.9,15.6,0
2017-06-06 16:00:00,315.3,13.3,0
2017-06-06 17:00:00,466.1,12.2,0
2017-06-06 18:00:00,606.8,11.7,0
2017-06-06 19:00:00,865.1,11.1,0
2017-06-06 20:00:00,969.1,10.6,0
2017-06-06 21:00:00,856.8,10.6,0
2017-06-06 22:00:00,778.0,10.0,0
2017-06-06 23:00:00,910.7,9.4,0
2017-06-07 00:00:00,927.4,9.4,0
2017-06-07 01:00:00,838.1,9.4,0
2017-06-07 02:00:00,756.1,8.9,0
2017-06-07 03:00:00,703.3,8.9,0
2017-06-07 04:00:00,823.9,8.9,0
2017-06-07 05:00:00,781.1,8.9,0
2017-06-07 06:00:00,863.6,10.0,0
2017-06-07 07:00:00,836.5,10.6,0
2017-06-07 08:00:00,748.6,12.2,0
2017-06-07 09:00:00,767.7,13.9,0
2017-06-07 10:00:00,591.3,15.6,0
2017-06-07 11:00:00,539.6,15.0,0
2017-06-07 12:00:00,376.4,16.1,0
2017-06-07 13:00:00,351.2,16.7,0
2017-06-07 14:00:00,333.7,18.9,0
2017-06-07 15:00:00,220.4,18.9,0
2017-06-07 16:00:00,287.3,19.4,0
2017-06-07 17:00:00,295.0,18.9,0
2017-06-07 18:00:00,392.6,17.8,0
2017-06-07 19:00:00,318.6,16.7,0
2017-06-07 20:00:00,249.6,15.0,0
2017-06-07 21:00:00,335.6,12.2,0
2017-06-07 22:00:00,371.0,10.6,0
2017-06-07 23:00:00,602.9,9.4,0
2017-06-08 00:00:00,672.6,8.9,0
2017-06-08 01:00:00,843.2,8.9,0
2017-06-08 02:00:00,716.0,8.9,0
2017-06-08 03:00:00,712.6,8.9,0
2017-06-08 04:00:00,776.5,8.3,0
2017-06-08 05:00:00,939.3,7.2,0
2017-06-08 06:00:00,860.3,9.4,0
2017-06-08 07:00:00,870.9,12.8,0
2017-06-08 08:00:00,648.8,16.1,0
2017-06-08 09:00:00,546.9,17.8,0
2017-06-08 10:00:00,367.2,18.9,0
2017-06-08 11:00:00,312.5,21.1,0
2017-06-08 12:00:00,229.1,21.7,0
2017-06-08 13:00:00,315.0,21.1,0
2017-06-08 14:00:00,263.7,22.8,0
2017-06-08 15:00:00,219.1,22.8,0
2017-06-08 16:00:00,279.7,22.8,0
2017-06-08 17:00:00,307.6,22.8,0
2017-06-08 18:00:00,263.8,21.7,0
2017-06-08 19:00:00,284.7,20.6,0
2017-06-08 20:00:00,282.0,17.2,0
2017-06-08 21:00:00,289.9,13.3,0
2017-06-08 22:00:00,362.7,13.9,0
2017-06-08 23:00:00,443.2,12.2,0
2017-06-09 00:00:00,526.6,11.1,0
2017-06-09 01:00:00,475.9,10.0,0
2017-06-09 02:00:00,554.0,10.0,0
2017-06-09 03:00:00,551.8,9.4,0
2017-06-09 04:00:00,592.7,8.9,0
2017-06-09 05:00:00,727.5,9.4,0
2017-06-09 06:00:00,852.3,11.1,0
2017-06-09 07:00:00,702.5,13.9,0
2017-06-09 08:00:00,634.7,15.6,0
2017-06-09 09:00:00,398.9,17.8,0
2017-06-09 10:00:00,336.7,20.0,0
2017-06-09 11:00:00,213.3,21.7,0
2017-06-09 12:00:00,274.0,22.2,0
2017-06-09 13:00:00,136.7,23.9,0
2017-06-09 14:00:00,321.8,23.9,0
2017-06-09 15:00:00,250.3,24.4,0
2017-06-09 16:00:00,290.3,24.4,0
2017-06-09 17:00:00,283.0,23.9,0
2017-06-09 18:00:00,292.3,23.3,0
2017-06-09 19:00:00,242.9,20.6,0
2017-06-09 20:00:00,218.9,17.2,0
2017-06-09 21:00:00,321.4,15.0,0
2017-06-09 22:00:00,317.1,13.9,0
2017-06-09 23:00:00,327.3,13.9,0
2017-06-10 00:00:00,345.5,13.9,0
2017-06-10 01:00:00,271.0,12.8,0
2017-06-10 02:00:00,168.6,13.3,0
2017-06-10 03:00:00,226.8,14.4,0
2017-06-10 04:00:00,259.7,15.6,0
2017-06-10 05:00:00,284.8,16.1,0
2017-06-10 06:00:00,251.3,16.1,0
2017-06-10 07:00:00,290.1,16.7,0
2017-06-10 08:00:00,306.8,18.9,0
2017-06-10 09:00:00,309.6,21.1,0
2017-06-10 10:00:00,273.5,22.2,0
2017-06-10 11:00:00,308.6,23.9,0
2017-06-10 12:00:00,315.6,23.9,0
2017-06-10 13:00:00,298.7,26.1,0
2017-06-10 14:00:00,134.0,26.7,0
2017-06-10 15:00:00,312.3,27.2,0
2017-06-10 16:00:00,332.9,27.2,0
2017-06-10 17:00:00,242.7,27.2,0
2017-06-10 18:00:00,259.0,27.2,0
2017-06-10 19:00:00,157.3,24.4,0
2017-06-10 20:00:00,241.7,20.6,0
2017-06-10 21:00:00,315.9,18.3,0
2017-06-10 22:00:00,330.8,17.8,0
2017-06-10 23:00:00,288.1,19.4,0
2017-06-11 00:00:00,233.7,20.6,0
2017-06-11 01:00:00,281.7,20.0,0
2017-06-11 02:00:00,131.3,20.0,0
2017-06-11 03:00:00,326.5,19.4,0
2017-06-11 04:00:00,162.3,18.3,0
2017-06-11 05:00:00,240.8,17.8,0
2017-06-11 06:00:00,151.9,20.0,0
2017-06-11 07:00:00,303.4,22.2,0
2017-06-11 08:00:00,310.1,23.9,0
2017-06-11 09:00:00,327.7,25.0,0
2017-06-11 10:00:00,280.5,26.1,0
2017-06-11 11:00:00,150.6,27.2,0
2017-06-11 12:00:00,280.0,28.3,0
2017-06-11 13:00:00,134.7,28.9,0
2017-06-11 14:00:00,194.1,30.0,0
2017-06-11 15:00:00,327.4,30.6,0
2017-06-11 16:00:00,323.3,30.6,0
2017-06-11 17:00:00,214.4,30.6,0
2017-06-11 18:00:00,220.6,29.4,0
2017-06-11 19:00:00,121.0,27.8,0
2017-06-11 20:00:00,287.0,22.2,0
2017-06-11 21:00:00,244.6,20.0,0
2017-06-11 22:00:00,313.2,18.9,0
2017-06-11 23:00:00,263.4,18.3,0
2017-06-12 00:00:00,275.0,17.8,0
2017-06-12 01:00:00,210.2,16.7,0
2017-06-12 02:00:00,263.6,16.7,0
2017-06-12 03:00:00,119.4,16.7,0
2017-06-12 04:00:00,320.3,17.8,0
2017-06-12 05:00:00,185.7,17.2,0
2017-06-12 06:00:00,187.4,20.6,0
2017-06-12 07:00:00,292.7,23.3,0
2017-06-12 08:00:00,274.0,25.0,0
2017-06-12 09:00:00,331.3,27.2,0
2017-06-12 10:00:00,198.4,28.3,0
2017-06-12 11:00:00,147.4,29.4,0
2017-06-12 12:00:00,264.0,30.0,0
2017-06-12 13:00:00,244.0,30.6,0
2017-06-12 14:00:00,304.9,31.0,0
2017-06-12 15:00:00,233.5,31.1,0
2017-06-12 16:00:00,258.8,31.1,0
2017-06-12 17:00:00,159.1,30.0,0
2017-06-12 18:00:00,224.4,29.4,0
2017-06-12 19:00:00,144.3,27.2,0
2017-06-12 20:00:00,237.0,25.0,0
2017-06-12 21:00:00,260.3,23.3,0
2017-06-12 22:00:00,280.0,20.0,0
2017-06-12 23:00:00,243.4,19.4,0
2017-06-13 00:00:00,281.9,18.9,0
2017-06-13 01:00:00,136.4,19.4,0
2017-06-13 02:00:00,275.6,21.1,0
2017-06-13 03:00:00,169.4,20.0,0
2017-06-13 04:00:00,214.8,19.4,0
2017-06-13 05:00:00,168.1,20.0,0
2017-06-13 06:00:00,179.6,22.2,0
2017-06-13 07:00:00,189.8,25.0,0
2017-06-13 08:00:00,361.3,26.1,0
2017-06-13 09:00:00,249.0,26.7,0
2017-06-13 10:00:00,237.9,26.7,0
2017-06-13 11:00:00,189.4,26.1,0
2017-06-13 12:00:00,287.0,26.7,0
2017-06-13 13:00:00,180.7,27.2,0
2017-06-13 14:00:00,244.5,28.3,0
2017-06-13 15:00:00,229.5,27.8,0
2017-06-13 16:00:00,244.9,27.2,0
2017-06-13 17:00:00,214.7,25.6,0
2017-06-13 18:00:00,226.8,23.9,0
2017-06-13 19:00:00,205.1,22.2,0
2017-06-13 20:00:00,276.0,20.0,0
2017-06-13 21:00:00,255.8,18.3,0
2017-06-13 22:00:00,230.3,18.0,0
2017-06-13 23:00:00,260.4,18.0,0
2017-06-14 00:00:00,197.2,17.8,0
2017-06-14 01:00:00,214.2,16.1,0
2017-06-14 02:00:00,272.8,16.0,0
2017-06-14 03:00:00,208.3,14.4,0
2017-06-14 04:00:00,178.1,15.0,0
2017-06-14 05:00:00,249.8,13.9,0
2017-06-14 06:00:00,225.5,13.9,0
2017-06-14 07:00:00,365.4,14.4,0
2017-06-14 08:00:00,279.9,16.7,0
2017-06-14 09:00:00,378.3,17.8,0
2017-06-14 10:00:00,242.8,20.6,0
2017-06-14 11:00:00,159.0,21.7,0
2017-06-14 12:00:00,227.2,23.3,0
2017-06-14 13:00:00,218.1,23.3,0
2017-06-14 14:00:00,295.9,24.4,0
2017-06-14 15:00:00,278.7,24.4,0
2017-06-14 16:00:00,280.0,23.9,0
2017-06-14 17:00:00,225.6,23.3,0
2017-06-14 18:00:00,209.3,21.7,0
2017-06-14 19:00:00,198.5,20.6,0
2017-06-14 20:00:00,295.1,16.1,0
2017-06-14 21:00:00,206.5,13.3,0
2017-06-14 22:00:00,272.6,12.8,0
2017-06-14 23:00:00,283.3,12.2,0
2017-06-15 00:00:00,333.0,11.7,0
2017-06-15 01:00:00,414.4,12.2,0
2017-06-15 02:00:00,428.1,11.7,0
2017-06-15 03:00:00,449.9,12.2,0
2017-06-15 04:00:00,347.1,12.2,0
2017-06-15 05:00:00,451.3,13.3,0
2017-06-15 06:00:00,463.8,15.0,0
2017-06-15 07:00:00,322.2,16.7,0
2017-06-15 08:00:00,275.4,18.3,0
2017-06-15 09:00:00,299.8,21.7,0
2017-06-15 10:00:00,219.2,23.3,0
2017-06-15 11:00:00,191.5,25.6,0
2017-06-15 12:00:00,198.1,25.6,0
2017-06-15 13:00:00,257.7,22.8,0
2017-06-15 14:00:00,278.2,21.7,0
2017-06-15 15:00:00,278.3,22.8,0
2017-06-15 16:00:00,271.5,25.0,0
2017-06-15 17:00:00,304.7,24.4,0
2017-06-15 18:00:00,187.9,23.9,0
2017-06-15 19:00:00,176.1,22.8,0
2017-06-15 20:00:00,209.6,21.0,0
2017-06-15 21:00:00,219.2,19.4,0
2017-06-15 22:00:00,278.5,18.9,0
2017-06-15 23:00:00,380.7,18.9,0
2017-06-16 00:00:00,260.4,18.9,0
2017-06-16 01:00:00,242.4,18.9,0
2017-06-16 02:00:00,154.1,18.9,0
2017-06-16 03:00:00,151.0,18.3,0
2017-06-16 04:00:00,285.5,15.6,0
2017-06-16 05:00:00,279.1,15.6,0
2017-06-16 06:00:00,276.0,15.6,0
2017-06-16 07:00:00,278.1,15.6,0
2017-06-16 08:00:00,400.5,16.1,0
2017-06-16 09:00:00,339.1,17.8,0
2017-06-16 10:00:00,319.9,18.3,0
2017-06-16 11:00:00,127.8,19.4,0
2017-06-16 12:00:00,256.2,20.6,0
2017-06-16 13:00:00,273.6,22.8,0
2017-06-16 14:00:00,301.9,23.3,0
2017-06-16 15:00:00,261.6,23.3,0
2017-06-16 16:00:00,247.6,23.3,0
2017-06-16 17:00:00,231.9,24.4,0
2017-06-16 18:00:00,124.5,22.8,0
2017-06-16 19:00:00,240.0,21.7,0
2017-06-16 20:00:00,245.1,20.6,0
2017-06-16 21:00:00,271.8,20.0,0
2017-06-16 22:00:00,340.8,19.4,0
2017-06-16 23:00:00,272.8,18.9,0
2017-06-17 00:00:00,244.2,18.3,0
2017-06-17 01:00:00,167.9,18.3,0
2017-06-17 02:00:00,113.0,18.9,0
2017-06-17 03:00:00,282.0,18.9,0
2017-06-17 04:00:00,176.9,18.3,0
2017-06-17 05:00:00,256.7,18.9,0
2017-06-17 06:00:00,220.6,20.0,0
2017-06-17 07:00:00,316.9,20.6,0
2017-06-17 08:00:00,202.2,22.2,0
2017-06-17 09:00:00,197.9,23.9,0
2017-06-17 10:00:00,204.0,25.0,0
2017-06-17 11:00:00,193.3,26.1,0
2017-06-17 12:00:00,245.2,27.2,0
2017-06-17 13:00:00,237.2,27.8,0
2017-06-17 14:00:00,244.8,28.3,0
2017-06-17 15:00:00,236.8,27.2,0
2017-06-17 16:00:00,288.5,27.2,0
2017-06-17 17:00:00,233.5,27.8,0
2017-06-17 18:00:00,247.3,27.8,0
2017-06-17 19:00:00,213.1,26.1,0
2017-06-17 20:00:00,280.5,24.4,0
2017-06-17 21:00:00,169.2,23.3,0
2017-06-17 22:00:00,230.5,22.8,0
2017-06-17 23:00:00,167.3,21.7,0
2017-06-18 00:00:00,229.9,21.7,0
2017-06-18 01:00:00,322.9,21.7,0
2017-06-18 02:00:00,234.1,21.7,0
2017-06-18 03:00:00,198.3,21.1,0
2017-06-18 04:00:00,148.2,21.7,0
2017-06-18 05:00:00,244.9,21.7,0
2017-06-18 06:00:00,121.9,22.8,0
2017-06-18 07:00:00,216.8,23.9,0
2017-06-18 08:00:00,234.5,25.6,0
2017-06-18 09:00:00,234.1,26.7,0
2017-06-18 10:00:00,217.2,27.8,0
2017-06-18 11:00:00,277.5,28.3,0
2017-06-18 12:00:00,165.4,30.0,0
2017-06-18 13:00:00,256.4,30.6,0
2017-06-18 14:00:00,202.7,30.6,0
2017-06-18 15:00:00,186.7,31.1,0
2017-06-18 16:00:00,256.9,30.6,0
2017-06-18 17:00:00,169.6,29.4,0
2017-06-18 18:00:00,246.0,27.2,0
2017-06-18 19:00:00,178.6,25.0,0
2017-06-18 20:00:00,249.3,20.0,0
2017-06-18 21:00:00,363.0,20.6,0
2017-06-18 22:00:00,326.4,21.1,0
2017-06-18 23:00:00,257.2,21.1,0
2017-06-19 00:00:00,169.1,21.1,0
2017-06-19 01:00:00,137.2,21.1,0
2017-06-19 02:00:00,109.2,20.6,0
2017-06-19 03:00:00,198.8,20.6,0
2017-06-19 04:00:00,219.8,20.6,0
2017-06-19 05:00:00,233.7,20.6,0
2017-06-19 06:00:00,309.3,20.6,0
2017-06-19 07:00:00,231.9,20.6,0
2017-06-19 08:00:00,219.7,21.1,0
2017-06-19 09:00:00,232.2,21.1,0
2017-06-19 10:00:00,202.6,20.6,0
2017-06-19 11:00:00,209.8,19.0,0
2017-06-19 12:00:00,348.0,19.0,0
2017-06-19 13:00:00,303.0,19.0,0
2017-06-19 14:00:00,251.2,21.0,0
2017-06-19 15:00:00,233.6,22.0,0
2017-06-19 16:00:00,234.0,22.0,0
2017-06-19 17:00:00,249.8,23.0,0
2017-06-19 18:00:00,167.5,22.0,0
2017-06-19 19:00:00,223.7,18.0,0
2017-06-19 20:00:00,263.1,18.0,0
2017-06-19 21:00:00,314.4,17.0,0
2017-06-19 22:00:00,378.1,17.0,0
2017-06-19 23:00:00,250.2,17.0,0
2017-06-20 00:00:00,203.8,17.0,0
2017-06-20 01:00:00,163.8,17.0,0
2017-06-20 02:00:00,208.4,17.0,0
2017-06-20 03:00:00,270.0,17.0,0
2017-06-20 04:00:00,296.9,17.0,0
2017-06-20 05:00:00,322.0,17.0,0
2017-06-20 06:00:00,261.5,17.0,0
2017-06-20 07:00:00,233.9,17.0,0
2017-06-20 08:00:00,252.9,18.0,0
2017-06-20 09:00:00,181.7,20.0,0
2017-06-20 10:00:00,190.4,21.0,0
2017-06-20 11:00:00,318.8,22.0,0
2017-06-20 12:00:00,359.4,22.0,0
2017-06-20 13:00:00,237.7,23.0,0
2017-06-20 14:00:00,215.4,22.0,0
2017-06-20 15:00:00,210.2,23.0,0
2017-06-20 16:00:00,186.0,23.0,0
2017-06-20 17:00:00,277.5,21.0,0
2017-06-20 18:00:00,276.2,22.0,0
2017-06-20 19:00:00,266.8,21.0,0
2017-06-20 20:00:00,249.4,21.0,0
2017-06-20 21:00:00,197.4,18.0,0
2017-06-20 22:00:00,275.1,17.8,0
2017-06-20 23:00:00,217.3,17.6,0
2017-06-21 00:00:00,320.2,17.3,0
2017-06-21 01:00:00,261.7,17.1,0
2017-06-21 02:00:00,274.1,16.9,0
2017-06-21 03:00:00,258.3,16.7,0
2017-06-21 04:00:00,302.3,16.4,0
2017-06-21 05:00:00,152.5,16.2,0
2017-06-21 06:00:00,295.1,16.0,0
2017-06-21 07:00:00,283.2,17.0,0
2017-06-21 08:00:00,286.0,18.0,0
2017-06-21 09:00:00,255.8,18.0,0
2017-06-21 10:00:00,280.7,19.0,0
2017-06-21 11:00:00,303.8,21.0,0
2017-06-21 12:00:00,254.2,22.0,0
2017-06-21 13:00:00,242.1,23.0,0
2017-06-21 14:00:00,277.2,23.0,0
2017-06-21 15:00:00,168.3,23.0,0
2017-06-21 16:00:00,253.3,23.0,0
2017-06-21 17:00:00,227.2,22.0,0
2017-06-21 18:00:00,192.7,22.0,0
2017-06-21 19:00:00,252.4,20.0,0
2017-06-21 20:00:00,265.7,18.0,0
2017-06-21 21:00:00,354.6,15.0,0
2017-06-21 22:00:00,251.2,14.8,0
2017-06-21 23:00:00,316.3,14.6,0
2017-06-22 00:00:00,159.0,14.3,0
2017-06-22 01:00:00,400.5,14.1,0
2017-06-22 02:00:00,346.1,13.9,0
2017-06-22 03:00:00,467.0,13.7,0
2017-06-22 04:00:00,444.8,13.4,0
2017-06-22 05:00:00,482.9,13.2,0
2017-06-22 06:00:00,474.5,13.0,0
2017-06-22 07:00:00,428.6,17.0,0
2017-06-22 08:00:00,254.3,18.0,0
2017-06-22 09:00:00,269.9,21.0,0
2017-06-22 10:00:00,232.8,22.0,0
2017-06-22 11:00:00,242.3,23.0,0
2017-06-22 12:00:00,232.2,24.0,0
2017-06-22 13:00:00,277.3,25.0,0
2017-06-22 14:00:00,298.9,24.0,0
2017-06-22 15:00:00,167.1,24.0,0
2017-06-22 16:00:00,240.3,27.0,0
2017-06-22 17:00:00,175.0,27.0,0
2017-06-22 18:00:00,276.1,27.0,0
2017-06-22 19:00:00,248.0,26.0,0
2017-06-22 20:00:00,276.8,24.0,0
2017-06-22 21:00:00,299.6,24.0,0
2017-06-22 22:00:00,236.8,23.8,0
2017-06-22 23:00:00,265.7,23.6,0
2017-06-23 00:00:00,145.2,23.3,0
2017-06-23 01:00:00,152.2,23.1,0
2017-06-23 02:00:00,244.9,22.9,0
2017-06-23 03:00:00,137.9,22.7,0
2017-06-23 04:00:00,390.2,22.4,0
2017-06-23 05:00:00,220.5,22.2,0
2017-06-23 06:00:00,211.6,22.0,0
2017-06-23 07:00:00,282.5,22.0,0
2017-06-23 08:00:00,192.4,23.0,0
2017-06-23 09:00:00,190.5,23.0,0
2017-06-23 10:00:00,292.9,24.0,0
2017-06-23 11:00:00,251.1,23.0,0
2017-06-23 12:00:00,227.2,23.0,0
2017-06-23 13:00:00,241.8,25.0,0
2017-06-23 14:00:00,273.5,24.0,0
2017-06-23 15:00:00,299.4,23.0,0
2017-06-23 16:00:00,264.4,23.0,0
2017-06-23 17:00:00,277.3,23.0,0
2017-06-23 18:00:00,208.3,23.0,0
2017-06-23 19:00:00,260.4,23.0,0
2017-06-23 20:00:00,195.6,22.5,0
2017-06-23 21:00:00,256.3,22.0,0
2017-06-23 22:00:00,113.0,21.3,0
2017-06-23 23:00:00,316.1,20.7,0
2017-06-24 00:00:00,274.4,20.0,0
2017-06-24 01:00:00,292.2,19.3,0
2017-06-24 02:00:00,272.3,18.7,0
2017-06-24 03:00:00,260.7,18.0,0
2017-06-24 04:00:00,142.7,17.3,0
2017-06-24 05:00:00,246.5,16.7,0
2017-06-24 06:00:00,374.9,16.0,0
2017-06-24 07:00:00,376.7,18.0,0
2017-06-24 08:00:00,347.1,19.0,0
2017-06-24 09:00:00,257.9,21.0,0
2017-06-24 10:00:00,166.7,22.0,0
2017-06-24 11:00:00,259.6,23.0,0
2017-06-24 12:00:00,139.5,24.0,0
2017-06-24 13:00:00,272.3,24.0,0
2017-06-24 14:00:00,372.3,24.0,0
2017-06-24 15:00:00,330.8,24.0,0
2017-06-24 16:00:00,320.9,25.0,0
2017-06-24 17:00:00,238.1,23.0,0
2017-06-24 18:00:00,155.7,23.0,0
2017-06-24 19:00:00,233.0,20.0,0
2017-06-24 20:00:00,286.7,18.0,0
2017-06-24 21:00:00,321.6,16.0,0
2017-06-24 22:00:00,402.7,16.0,0
2017-06-24 23:00:00,388.4,16.0,0
2017-06-25 00:00:00,298.2,16.0,0
2017-06-25 01:00:00,306.0,16.0,0
2017-06-25 02:00:00,143.3,16.0,0
2017-06-25 03:00:00,275.8,16.0,0
2017-06-25 04:00:00,303.0,16.0,0
2017-06-25 05:00:00,306.8,16.0,0
2017-06-25 06:00:00,409.8,16.0,0
2017-06-25 07:00:00,354.1,18.0,0
2017-06-25 08:00:00,360.1,19.0,0
2017-06-25 09:00:00,203.9,21.0,0
2017-06-25 10:00:00,271.7,22.0,0
2017-06-25 11:00:00,240.9,18.0,0
2017-06-25 12:00:00,315.0,22.0,0
2017-06-25 13:00:00,320.8,23.0,0
2017-06-25 14:00:00,329.6,21.0,0
2017-06-25 15:00:00,287.1,19.0,0
2017-06-25 16:00:00,239.5,22.0,0
2017-06-25 17:00:00,272.4,21.0,0
2017-06-25 18:00:00,319.2,13.0,0
2017-06-25 19:00:00,577.5,14.0,0
2017-06-25 20:00:00,411.4,14.0,0
2017-06-25 21:00:00,479.3,14.0,0
2017-06-25 22:00:00,427.0,13.9,0
2017-06-25 23:00:00,483.6,13.8,0
2017-06-26 00:00:00,453.0,13.7,0
2017-06-26 01:00:00,407.6,13.6,0
2017-06-26 02:00:00,409.0,13.4,0
2017-06-26 03:00:00,616.0,13.3,0
2017-06-26 04:00:00,672.2,13.2,0
2017-06-26 05:00:00,605.5,13.1,0
2017-06-26 06:00:00,602.6,13.0,0
2017-06-26 07:00:00,495.2,15.0,0
2017-06-26 08:00:00,344.1,16.0,0
2017-06-26 09:00:00,319.6,18.0,0
2017-06-26 10:00:00,368.0,19.0,0
2017-06-26 11:00:00,257.6,20.0,0
2017-06-26 12:00:00,305.6,19.0,0
2017-06-26 13:00:00,277.3,18.0,0
2017-06-26 14:00:00,207.1,21.0,0
2017-06-26 15:00:00,268.6,20.0,0
2017-06-26 16:00:00,158.6,14.4,0
2017-06-26 17:00:00,464.2,14.4,0
2017-06-26 18:00:00,412.0,13.9,0
2017-06-26 19:00:00,446.4,13.3,0
2017-06-26 20:00:00,462.4,12.8,0
2017-06-26 21:00:00,409.0,12.8,0
2017-06-26 22:00:00,490.3,12.8,0
2017-06-26 23:00:00,448.8,12.8,0
2017-06-27 00:00:00,486.9,12.8,0
2017-06-27 01:00:00,392.9,11.7,0
2017-06-27 02:00:00,428.9,11.8,0
2017-06-27 03:00:00,490.4,11.8,0
2017-06-27 04:00:00,617.2,11.9,0
2017-06-27 05:00:00,676.6,11.9,0
2017-06-27 06:00:00,572.4,12.0,0
2017-06-27 07:00:00,543.0,12.0,0
2017-06-27 08:00:00,550.7,13.3,0
2017-06-27 09:00:00,573.9,15.0,0
2017-06-27 10:00:00,445.2,16.1,0
2017-06-27 11:00:00,298.8,17.8,0
2017-06-27 12:00:00,265.2,18.3,0
2017-06-27 13:00:00,358.3,11.7,0
2017-06-27 14:00:00,786.2,16.1,0
2017-06-27 15:00:00,390.9,16.7,0
2017-06-27 16:00:00,337.6,17.2,0
2017-06-27 17:00:00,209.6,16.7,0
2017-06-27 18:00:00,286.6,16.7,0
2017-06-27 19:00:00,130.2,16.1,0
2017-06-27 20:00:00,282.4,13.9,0
2017-06-27 21:00:00,435.9,13.9,0
2017-06-27 22:00:00,449.4,12.8,0
2017-06-27 23:00:00,385.6,12.8,0
2017-06-28 00:00:00,348.0,12.2,0
2017-06-28 01:00:00,356.1,12.2,0
2017-06-28 02:00:00,427.9,11.1,0
2017-06-28 03:00:00,462.0,10.6,0
2017-06-28 04:00:00,611.4,9.4,0
2017-06-28 05:00:00,680.2,9.4,0
2017-06-28 06:00:00,652.4,12.8,0
2017-06-28 07:00:00,570.4,14.4,0
2017-06-28 08:00:00,466.6,16.1,0
2017-06-28 09:00:00,322.0,17.8,0
2017-06-28 10:00:00,283.1,19.4,0
2017-06-28 11:00:00,185.4,20.6,0
2017-06-28 12:00:00,214.6,20.6,0
2017-06-28 13:00:00,282.9,21.7,0
2017-06-28 14:00:00,329.2,22.0,0
2017-06-28 15:00:00,281.5,23.3,0
2017-06-28 16:00:00,298.9,23.3,0
2017-06-28 17:00:00,269.7,23.3,0
2017-06-28 18:00:00,255.2,22.2,0
2017-06-28 19:00:00,169.3,21.1,0
2017-06-28 20:00:00,267.2,16.7,0
2017-06-28 21:00:00,360.5,15.6,0
2017-06-28 22:00:00,444.9,15.6,0
2017-06-28 23:00:00,339.3,15.6,0
2017-06-29 00:00:00,284.3,15.0,0
2017-06-29 01:00:00,158.2,16.7,0
2017-06-29 02:00:00,322.3,16.1,0
2017-06-29 03:00:00,133.2,16.7,0
2017-06-29 04:00:00,223.9,16.7,0
2017-06-29 05:00:00,214.1,16.7,0
2017-06-29 06:00:00,287.1,16.7,0
2017-06-29 07:00:00,328.4,17.8,0
2017-06-29 08:00:00,305.1,17.8,0
2017-06-29 09:00:00,324.9,19.4,0
2017-06-29 10:00:00,233.1,22.0,0
2017-06-29 11:00:00,274.7,23.0,0
2017-06-29 12:00:00,224.3,25.6,0
2017-06-29 13:00:00,314.9,25.6,0
2017-06-29 14:00:00,312.5,26.7,0
2017-06-29 15:00:00,229.2,25.6,0
2017-06-29 16:00:00,259.6,26.1,0
2017-06-29 17:00:00,224.6,25.6,0
2017-06-29 18:00:00,204.3,25.6,0
2017-06-29 19:00:00,296.0,24.4,0
2017-06-29 20:00:00,283.4,22.2,0
2017-06-29 21:00:00,368.7,21.7,0
2017-06-29 22:00:00,258.3,21.7,0
2017-06-29 23:00:00,343.7,22.2,0
2017-06-30 00:00:00,191.8,22.2,0
2017-06-30 01:00:00,244.8,21.7,0
2017-06-30 02:00:00,248.1,21.7,0
2017-06-30 03:00:00,209.1,21.7,0
2017-06-30 04:00:00,268.6,21.7,0
2017-06-30 05:00:00,268.4,21.7,0
2017-06-30 06:00:00,134.1,21.7,0
2017-06-30 07:00:00,287.6,22.8,0
2017-06-30 08:00:00,247.0,22.8,0
2017-06-30 09:00:00,285.1,24.4,0
2017-06-30 10:00:00,276.2,26.1,0
2017-06-30 11:00:00,240.6,27.2,0
2017-06-30 12:00:00,299.8,26.7,0
2017-06-30 13:00:00,291.6,25.0,0
2017-06-30 14:00:00,269.4,27.2,0
2017-06-30 15:00:00,249.5,26.7,0
2017-06-30 16:00:00,165.6,22.2,0
2017-06-30 17:00:00,232.3,23.9,0
2017-06-30 18:00:00,155.4,24.4,0
2017-06-30 19:00:00,271.1,23.9,0
2017-06-30 20:00:00,259.0,21.7,0
2017-06-30 21:00:00,287.5,20.6,0
2017-06-30 22:00:00,286.4,19.4,0
2017-06-30 23:00:00,255.5,19.4,0
2017-07-01 00:00:00,261.8,19.4,0
2017-07-01 01:00:00,221.0,19.4,0
2017-07-01 02:00:00,255.4,18.9,0
2017-07-01 03:00:00,255.9,18.3,0
2017-07-01 04:00:00,273.2,21.1,0
2017-07-01 05:00:00,157.9,18.9,0
2017-07-01 06:00:00,214.6,19.4,0
2017-07-01 07:00:00,192.0,20.0,0
2017-07-01 08:00:00,274.4,21.1,0
2017-07-01 09:00:00,299.5,22.2,0
2017-07-01 10:00:00,272.1,22.8,0
2017-07-01 11:00:00,258.9,23.9,0
2017-07-01 12:00:00,306.5,25.6,0
2017-07-01 13:00:00,134.6,26.1,0
2017-07-01 14:00:00,310.8,25.0,0
2017-07-01 15:00:00,187.1,22.8,0
2017-07-01 16:00:00,365.1,23.9,0
2017-07-01 17:00:00,344.6,25.0,0
2017-07-01 18:00:00,238.0,23.9,0
2017-07-01 19:00:00,252.4,22.8,0
2017-07-01 20:00:00,106.3,21.1,0
2017-07-01 21:00:00,236.9,20.0,0
2017-07-01 22:00:00,238.7,18.9,0
2017-07-01 23:00:00,290.9,20.0,0
2017-07-02 00:00:00,323.2,19.4,0
2017-07-02 01:00:00,310.3,18.3,0
2017-07-02 02:00:00,291.1,16.7,0
2017-07-02 03:00:00,235.1,16.1,0
2017-07-02 04:00:00,209.6,15.6,0
2017-07-02 05:00:00,303.6,15.0,0
2017-07-02 06:00:00,161.6,17.8,0
2017-07-02 07:00:00,234.4,20.0,0
2017-07-02 08:00:00,297.7,21.1,0
2017-07-02 09:00:00,249.5,22.2,0
2017-07-02 10:00:00,278.4,23.3,0
2017-07-02 11:00:00,187.1,24.4,0
2017-07-02 12:00:00,286.0,26.1,0
2017-07-02 13:00:00,123.2,26.0,0
2017-07-02 14:00:00,271.7,25.6,0
2017-07-02 15:00:00,236.3,20.6,0
2017-07-02 16:00:00,321.4,22.8,0
2017-07-02 17:00:00,256.5,23.9,0
2017-07-02 18:00:00,273.9,24.4,0
2017-07-02 19:00:00,207.6,23.9,0
2017-07-02 20:00:00,231.3,22.2,0
2017-07-02 21:00:00,216.8,18.3,0
2017-07-02 22:00:00,310.2,16.7,0
2017-07-02 23:00:00,290.5,16.7,0
2017-07-03 00:00:00,381.6,16.7,0
2017-07-03 01:00:00,302.6,17.2,0
2017-07-03 02:00:00,160.6,18.9,0
2017-07-03 03:00:00,282.2,17.2,0
2017-07-03 04:00:00,124.3,16.1,0
2017-07-03 05:00:00,307.6,15.0,0
2017-07-03 06:00:00,124.5,18.3,0
2017-07-03 07:00:00,312.4,18.9,0
2017-07-03 08:00:00,280.1,20.0,0
2017-07-03 09:00:00,268.5,20.6,0
2017-07-03 10:00:00,275.5,21.7,0
2017-07-03 11:00:00,280.5,22.2,0
2017-07-03 12:00:00,231.9,22.8,0
2017-07-03 13:00:00,201.7,22.8,0
2017-07-03 14:00:00,291.9,24.4,0
2017-07-03 15:00:00,282.5,23.9,0
2017-07-03 16:00:00,245.6,24.4,0
2017-07-03 17:00:00,250.4,23.9,0
2017-07-03 18:00:00,246.2,22.8,0
2017-07-03 19:00:00,200.6,21.1,0
2017-07-03 20:00:00,247.7,18.3,0
2017-07-03 21:00:00,249.9,16.7,0
2017-07-03 22:00:00,351.6,14.4,0
2017-07-03 23:00:00,371.2,13.9,0
2017-07-04 00:00:00,417.5,13.3,0
2017-07-04 01:00:00,234.0,13.3,0
2017-07-04 02:00:00,270.0,12.8,0
2017-07-04 03:00:00,310.7,12.2,0
2017-07-04 04:00:00,356.7,12.2,0
2017-07-04 05:00:00,448.1,11.7,0
2017-07-04 06:00:00,561.0,13.3,0
2017-07-04 07:00:00,532.1,16.7,0
2017-07-04 08:00:00,332.6,18.3,0
2017-07-04 09:00:00,309.8,20.6,0
2017-07-04 10:00:00,254.8,20.6,0
2017-07-04 11:00:00,194.3,22.2,0
2017-07-04 12:00:00,228.7,23.3,0
2017-07-04 13:00:00,283.0,23.9,0
2017-07-04 14:00:00,282.6,23.9,0
2017-07-04 15:00:00,346.8,25.0,0
2017-07-04 16:00:00,286.7,24.4,0
2017-07-04 17:00:00,229.4,24.4,0
2017-07-04 18:00:00,239.2,23.3,0
2017-07-04 19:00:00,232.0,22.2,0
2017-07-04 20:00:00,202.2,19.4,0
2017-07-04 21:00:00,285.9,17.8,0
2017-07-04 22:00:00,298.1,16.1,0
2017-07-04 23:00:00,353.4,13.9,0
2017-07-05 00:00:00,434.7,13.9,0
2017-07-05 01:00:00,292.9,12.8,0
2017-07-05 02:00:00,249.8,12.5,0
2017-07-05 03:00:00,286.6,12.2,0
2017-07-05 04:00:00,397.7,12.2,0
2017-07-05 05:00:00,441.6,11.7,0
2017-07-05 06:00:00,504.1,13.3,0
2017-07-05 07:00:00,469.6,16.7,0
2017-07-05 08:00:00,436.4,20.0,0
2017-07-05 09:00:00,366.0,22.8,0
2017-07-05 10:00:00,132.8,25.0,0
2017-07-05 11:00:00,246.6,26.1,0
2017-07-05 12:00:00,176.3,26.7,0
2017-07-05 13:00:00,289.3,27.8,0
2017-07-05 14:00:00,278.8,27.8,0
2017-07-05 15:00:00,312.1,28.3,0
2017-07-05 16:00:00,246.4,28.3,0
2017-07-05 17:00:00,184.9,27.2,0
2017-07-05 18:00:00,225.0,26.7,0
2017-07-05 19:00:00,177.2,25.0,0
2017-07-05 20:00:00,206.6,22.2,0
2017-07-05 21:00:00,307.1,21.7,0
2017-07-05 22:00:00,298.3,22.2,0
2017-07-05 23:00:00,339.9,21.7,0
2017-07-06 00:00:00,270.9,21.7,0
2017-07-06 01:00:00,187.4,21.1,0
2017-07-06 02:00:00,269.5,20.6,0
2017-07-06 03:00:00,114.3,20.6,0
2017-07-06 04:00:00,270.6,20.0,0
2017-07-06 05:00:00,231.6,20.0,0
2017-07-06 06:00:00,156.0,20.0,0
2017-07-06 07:00:00,250.9,20.6,0
2017-07-06 08:00:00,334.7,21.7,0
2017-07-06 09:00:00,213.6,22.2,0
2017-07-06 10:00:00,250.9,22.2,0
2017-07-06 11:00:00,237.3,21.7,0
2017-07-06 12:00:00,255.1,22.2,0
2017-07-06 13:00:00,291.2,23.9,0
2017-07-06 14:00:00,291.0,25.0,0
2017-07-06 15:00:00,229.3,25.0,0
2017-07-06 16:00:00,276.6,25.0,0
2017-07-06 17:00:00,222.6,24.4,0
2017-07-06 18:00:00,195.1,23.3,0
2017-07-06 19:00:00,285.2,22.8,0
2017-07-06 20:00:00,172.1,21.7,0
2017-07-06 21:00:00,335.5,21.1,0
2017-07-06 22:00:00,292.1,21.1,0
2017-07-06 23:00:00,292.1,20.6,0
2017-07-07 00:00:00,353.3,20.6,0
2017-07-07 01:00:00,285.1,20.6,0
2017-07-07 02:00:00,255.7,20.0,0
2017-07-07 03:00:00,202.1,19.7,0
2017-07-07 04:00:00,149.8,19.4,0
2017-07-07 05:00:00,259.0,20.0,0
2017-07-07 06:00:00,165.4,20.0,0
2017-07-07 07:00:00,271.6,21.7,0
2017-07-07 08:00:00,339.5,22.8,0
2017-07-07 09:00:00,333.0,23.9,0
2017-07-07 10:00:00,245.5,25.0,0
2017-07-07 11:00:00,189.2,26.1,0
2017-07-07 12:00:00,201.5,27.2,0
2017-07-07 13:00:00,237.8,26.7,0
2017-07-07 14:00:00,281.9,24.4,0
2017-07-07 15:00:00,225.0,23.0,0
2017-07-07 16:00:00,262.3,23.3,0
2017-07-07 17:00:00,243.7,23.3,0
2017-07-07 18:00:00,205.6,24.4,0
2017-07-07 19:00:00,201.3,23.3,0
2017-07-07 20:00:00,249.5,22.8,0
2017-07-07 21:00:00,220.3,22.2,0
2017-07-07 22:00:00,265.3,20.0,0
2017-07-07 23:00:00,343.2,18.3,0
2017-07-08 00:00:00,296.8,18.9,0
2017-07-08 01:00:00,269.7,18.3,0
2017-07-08 02:00:00,266.4,18.8,0
2017-07-08 03:00:00,201.6,19.4,0
2017-07-08 04:00:00,204.8,20.0,0
2017-07-08 05:00:00,161.0,20.0,0
2017-07-08 06:00:00,261.6,20.0,0
2017-07-08 07:00:00,159.0,20.6,0
2017-07-08 08:00:00,236.6,21.7,0
2017-07-08 09:00:00,271.4,22.2,0
2017-07-08 10:00:00,267.8,22.8,0
2017-07-08 11:00:00,282.9,21.7,0
2017-07-08 12:00:00,172.2,22.8,0
2017-07-08 13:00:00,229.0,22.2,0
2017-07-08 14:00:00,251.5,23.3,0
2017-07-08 15:00:00,231.4,23.3,0
2017-07-08 16:00:00,304.0,22.8,0
2017-07-08 17:00:00,310.9,22.2,0
2017-07-08 18:00:00,169.4,21.1,0
2017-07-08 19:00:00,290.9,20.0,0
2017-07-08 20:00:00,153.9,18.9,0
2017-07-08 21:00:00,298.1,16.1,0
2017-07-08 22:00:00,261.8,13.9,0
2017-07-08 23:00:00,303.8,12.8,0
2017-07-09 00:00:00,337.8,12.2,0
2017-07-09 01:00:00,320.3,11.7,0
2017-07-09 02:00:00,236.5,11.7,0
2017-07-09 03:00:00,308.3,11.1,0
2017-07-09 04:00:00,424.5,10.6,0
2017-07-09 05:00:00,430.2,10.6,0
2017-07-09 06:00:00,494.6,13.9,0
2017-07-09 07:00:00,469.5,16.7,0
2017-07-09 08:00:00,319.5,18.9,0
2017-07-09 09:00:00,191.9,20.6,0
2017-07-09 10:00:00,179.8,21.7,0
2017-07-09 11:00:00,264.1,22.8,0
2017-07-09 12:00:00,153.2,23.9,0
2017-07-09 13:00:00,291.7,23.9,0
2017-07-09 14:00:00,311.8,23.9,0
2017-07-09 15:00:00,330.8,24.4,0
2017-07-09 16:00:00,244.6,23.3,0
2017-07-09 17:00:00,191.3,23.9,0
2017-07-09 18:00:00,160.9,24.4,0
2017-07-09 19:00:00,230.3,23.3,0
2017-07-09 20:00:00,269.3,20.6,0
2017-07-09 21:00:00,274.8,19.4,0
2017-07-09 22:00:00,318.5,18.3,0
2017-07-09 23:00:00,370.5,16.7,0
2017-07-10 00:00:00,282.9,17.8,0
2017-07-10 01:00:00,295.1,16.7,0
2017-07-10 02:00:00,299.7,16.1,0
2017-07-10 03:00:00,177.5,16.1,0
2017-07-10 04:00:00,283.5,15.6,0
2017-07-10 05:00:00,286.6,16.1,0
2017-07-10 06:00:00,290.2,17.2,0
2017-07-10 07:00:00,232.6,18.0,0
2017-07-10 08:00:00,212.3,20.6,0
2017-07-10 09:00:00,230.3,22.2,0
2017-07-10 10:00:00,263.5,23.9,0
2017-07-10 11:00:00,298.4,25.0,0
2017-07-10 12:00:00,306.6,26.1,0
2017-07-10 13:00:00,211.0,24.0,0
2017-07-10 14:00:00,274.0,25.0,0
2017-07-10 15:00:00,288.6,24.4,0
2017-07-10 16:00:00,216.7,23.9,0
2017-07-10 17:00:00,233.1,23.9,0
2017-07-10 18:00:00,284.3,23.3,0
2017-07-10 19:00:00,251.8,22.8,0
2017-07-10 20:00:00,257.7,21.1,0
2017-07-10 21:00:00,293.9,20.6,0
2017-07-10 22:00:00,270.6,18.3,0
2017-07-10 23:00:00,213.9,18.9,0
2017-07-11 00:00:00,335.7,18.3,0
2017-07-11 01:00:00,349.0,18.3,0
2017-07-11 02:00:00,292.4,18.3,0
2017-07-11 03:00:00,220.6,18.3,0
2017-07-11 04:00:00,201.3,18.3,0
2017-07-11 05:00:00,177.9,18.9,0
2017-07-11 06:00:00,113.7,18.9,0
2017-07-11 07:00:00,277.6,20.0,0
2017-07-11 08:00:00,309.1,20.6,0
2017-07-11 09:00:00,405.1,21.7,0
2017-07-11 10:00:00,300.0,22.8,0
2017-07-11 11:00:00,211.8,24.4,0
2017-07-11 12:00:00,222.3,25.6,0
2017-07-11 13:00:00,119.3,26.7,0
2017-07-11 14:00:00,231.4,26.7,0
2017-07-11 15:00:00,253.5,27.8,0
2017-07-11 16:00:00,266.0,27.2,0
2017-07-11 17:00:00,341.2,26.1,0
2017-07-11 18:00:00,258.9,26.7,0
2017-07-11 19:00:00,165.3,26.1,0
2017-07-11 20:00:00,249.9,24.4,0
2017-07-11 21:00:00,170.6,23.3,0
2017-07-11 22:00:00,264.4,22.2,0
2017-07-11 23:00:00,328.3,20.0,0
2017-07-12 00:00:00,338.6,21.1,0
2017-07-12 01:00:00,345.5,20.0,0
2017-07-12 02:00:00,244.8,19.4,0
2017-07-12 03:00:00,214.6,19.4,0
2017-07-12 04:00:00,174.2,19.4,0
2017-07-12 05:00:00,197.8,19.4,0
2017-07-12 06:00:00,208.4,20.0,0
2017-07-12 07:00:00,231.0,22.8,0
2017-07-12 08:00:00,304.5,23.9,0
2017-07-12 09:00:00,226.7,23.9,0
2017-07-12 10:00:00,309.5,23.3,0
2017-07-12 11:00:00,224.4,22.2,0
2017-07-12 12:00:00,268.7,23.3,0
2017-07-12 13:00:00,284.9,24.4,0
2017-07-12 14:00:00,300.1,25.6,0
2017-07-12 15:00:00,334.2,26.7,0
2017-07-12 16:00:00,113.8,25.6,0
2017-07-12 17:00:00,134.4,22.2,0
2017-07-12 18:00:00,209.6,22.8,0
2017-07-12 19:00:00,231.9,21.1,0
2017-07-12 20:00:00,231.1,21.1,0
2017-07-12 21:00:00,287.7,21.0,0
2017-07-12 22:00:00,322.8,20.6,0
2017-07-12 23:00:00,240.3,21.1,0
2017-07-13 00:00:00,284.3,22.8,0
2017-07-13 01:00:00,284.9,23.3,0
2017-07-13 02:00:00,246.4,24.4,0
2017-07-13 03:00:00,251.3,23.9,0
2017-07-13 04:00:00,227.1,22.8,0
2017-07-13 05:00:00,195.9,22.2,0
2017-07-13 06:00:00,190.3,22.2,0
2017-07-13 07:00:00,185.2,22.2,0
2017-07-13 08:00:00,249.3,22.8,0
2017-07-13 09:00:00,312.1,23.3,0
2017-07-13 10:00:00,274.1,22.8,0
2017-07-13 11:00:00,254.0,20.6,0
2017-07-13 12:00:00,262.9,20.0,0
2017-07-13 13:00:00,230.6,20.6,0
2017-07-13 14:00:00,288.1,21.1,0
2017-07-13 15:00:00,283.4,18.9,0
2017-07-13 16:00:00,262.2,21.7,0
2017-07-13 17:00:00,253.3,21.7,0
2017-07-13 18:00:00,136.0,22.2,0
2017-07-13 19:00:00,289.6,20.0,0
2017-07-13 20:00:00,163.4,19.4,0
2017-07-13 21:00:00,292.1,18.3,0
2017-07-13 22:00:00,273.1,18.9,0
2017-07-13 23:00:00,290.4,19.4,0
2017-07-14 00:00:00,342.1,20.0,0
2017-07-14 01:00:00,339.7,20.6,0
2017-07-14 02:00:00,182.1,20.0,0
2017-07-14 03:00:00,288.1,20.0,0
2017-07-14 04:00:00,171.5,20.0,0
2017-07-14 05:00:00,237.8,20.6,0
2017-07-14 06:00:00,240.8,20.6,0
2017-07-14 07:00:00,274.5,21.1,0
2017-07-14 08:00:00,279.3,21.7,0
2017-07-14 09:00:00,264.3,22.8,0
2017-07-14 10:00:00,299.9,23.9,0
2017-07-14 11:00:00,200.8,23.3,0
2017-07-14 12:00:00,282.4,26.1,0
2017-07-14 13:00:00,196.3,26.7,0
2017-07-14 14:00:00,252.9,28.3,0
2017-07-14 15:00:00,241.6,23.9,0
2017-07-14 16:00:00,162.8,21.7,0
2017-07-14 17:00:00,287.9,22.0,0
2017-07-14 18:00:00,166.3,21.7,0
2017-07-14 19:00:00,303.3,20.6,0
2017-07-14 20:00:00,229.6,20.0,0
2017-07-14 21:00:00,298.0,18.9,0
2017-07-14 22:00:00,291.4,18.9,0
2017-07-14 23:00:00,195.7,17.2,0
2017-07-15 00:00:00,212.4,18.3,0
2017-07-15 01:00:00,243.6,18.3,0
2017-07-15 02:00:00,291.9,16.7,0
2017-07-15 03:00:00,332.5,16.1,0
2017-07-15 04:00:00,326.3,15.6,0
2017-07-15 05:00:00,260.6,16.7,0
2017-07-15 06:00:00,257.4,17.2,0
2017-07-15 07:00:00,230.3,17.2,0
2017-07-15 08:00:00,299.8,17.8,0
2017-07-15 09:00:00,234.1,18.3,0
2017-07-15 10:00:00,293.1,18.9,0
2017-07-15 11:00:00,230.4,20.0,0
2017-07-15 12:00:00,290.2,19.4,0
2017-07-15 13:00:00,243.5,20.6,0
2017-07-15 14:00:00,283.8,22.8,0
2017-07-15 15:00:00,265.8,21.7,0
2017-07-15 16:00:00,206.6,22.0,0
2017-07-15 17:00:00,264.0,22.2,0
2017-07-15 18:00:00,183.4,21.7,0
2017-07-15 19:00:00,287.6,20.0,0
2017-07-15 20:00:00,309.1,18.3,0
2017-07-15 21:00:00,236.0,16.7,0
2017-07-15 22:00:00,163.1,16.1,0
2017-07-15 23:00:00,265.0,16.1,0
2017-07-16 00:00:00,322.8,15.6,0
2017-07-16 01:00:00,320.3,15.0,0
2017-07-16 02:00:00,280.1,15.0,0
2017-07-16 03:00:00,320.3,15.0,0
2017-07-16 04:00:00,202.8,14.4,0
2017-07-16 05:00:00,260.8,13.9,0
2017-07-16 06:00:00,260.1,16.1,1
2017-07-16 07:00:00,259.4,18.3,1
2017-07-16 08:00:00,258.7,20.0,1
2017-07-16 09:00:00,258.0,21.1,1
2017-07-16 10:00:00,257.2,22.8,1
2017-07-16 11:00:00,256.5,22.8,1
2017-07-16 12:00:00,168.7,25.0,1
2017-07-16 13:00:00,261.8,24.4,1
2017-07-16 14:00:00,241.2,25.0,1
2017-07-16 15:00:00,305.7,26.1,1
2017-07-16 16:00:00,287.9,26.7,1
2017-07-16 17:00:00,197.5,26.1,1
2017-07-16 18:00:00,210.7,25.6,1
2017-07-16 19:00:00,187.6,22.2,1
2017-07-16 20:00:00,272.8,20.0,1
2017-07-16 21:00:00,282.7,20.6,1
2017-07-16 22:00:00,362.4,20.0,1
2017-07-16 23:00:00,329.4,18.9,1
2017-07-17 00:00:00,282.0,17.8,1
2017-07-17 01:00:00,251.6,17.2,1
2017-07-17 02:00:00,300.0,16.7,1
2017-07-17 03:00:00,183.9,16.7,1
2017-07-17 04:00:00,251.2,17.8,1
2017-07-17 05:00:00,297.4,16.7,1
2017-07-17 06:00:00,299.9,18.9,1
2017-07-17 07:00:00,216.9,22.0,1
2017-07-17 08:00:00,264.1,23.3,1
2017-07-17 09:00:00,199.0,24.4,1
2017-07-17 10:00:00,271.7,25.6,1
2017-07-17 11:00:00,285.2,26.7,1
2017-07-17 12:00:00,298.1,22.8,1
2017-07-17 13:00:00,237.2,18.3,1
2017-07-17 14:00:00,248.3,18.9,1
2017-07-17 15:00:00,242.6,19.4,1
2017-07-17 16:00:00,203.8,20.6,1
2017-07-17 17:00:00,209.3,21.7,1
2017-07-17 18:00:00,230.2,22.2,1
2017-07-17 19:00:00,256.8,21.7,1
2017-07-17 20:00:00,277.8,20.0,1
2017-07-17 21:00:00,318.7,18.3,1
2017-07-17 22:00:00,299.3,17.2,1
2017-07-17 23:00:00,258.1,17.2,1
2017-07-18 00:00:00,331.0,17.2,1
2017-07-18 01:00:00,271.6,16.7,1
2017-07-18 02:00:00,278.5,16.7,1
2017-07-18 03:00:00,228.9,16.7,1
2017-07-18 04:00:00,253.5,16.1,1
2017-07-18 05:00:00,268.7,16.1,1
2017-07-18 06:00:00,245.7,16.7,1
2017-07-18 07:00:00,286.9,18.9,1
2017-07-18 08:00:00,295.8,21.1,1
2017-07-18 09:00:00,389.9,23.0,1
2017-07-18 10:00:00,316.0,24.4,1
2017-07-18 11:00:00,286.9,25.6,1
2017-07-18 12:00:00,258.5,26.7,1
2017-07-18 13:00:00,231.1,26.7,1
2017-07-18 14:00:00,261.7,27.2,1
2017-07-18 15:00:00,258.4,28.3,1
2017-07-18 16:00:00,293.7,28.3,1
2017-07-18 17:00:00,335.1,27.8,1
2017-07-18 18:00:00,337.8,26.7,1
2017-07-18 19:00:00,261.7,24.4,1
2017-07-18 20:00:00,324.3,21.7,1
2017-07-18 21:00:00,293.7,19.4,1
2017-07-18 22:00:00,333.3,18.9,1
2017-07-18 23:00:00,363.8,17.2,1
2017-07-19 00:00:00,336.7,16.1,1
2017-07-19 01:00:00,324.2,16.1,1
2017-07-19 02:00:00,235.1,15.6,1
2017-07-19 03:00:00,223.1,15.6,1
2017-07-19 04:00:00,214.7,15.6,1
2017-07-19 05:00:00,233.5,15.6,1
2017-07-19 06:00:00,283.6,17.2,1
2017-07-19 07:00:00,278.2,20.0,1
2017-07-19 08:00:00,345.6,22.2,1
2017-07-19 09:00:00,205.9,23.0,0
2017-07-19 10:00:00,275.4,24.4,0
2017-07-19 11:00:00,126.6,26.1,0
2017-07-19 12:00:00,292.4,26.7,0
2017-07-19 13:00:00,277.6,27.8,0
2017-07-19 14:00:00,338.6,28.3,0
2017-07-19 15:00:00,341.6,27.8,0
2017-07-19 16:00:00,232.1,28.3,0
2017-07-19 17:00:00,172.7,28.3,0
2017-07-19 18:00:00,214.9,28.3,0
2017-07-19 19:00:00,127.4,26.7,0
2017-07-19 20:00:00,255.9,22.2,0
2017-07-19 21:00:00,343.2,21.1,0
2017-07-19 22:00:00,283.5,20.0,0
2017-07-19 23:00:00,313.1,19.4,0
2017-07-20 00:00:00,169.9,18.9,0
2017-07-20 01:00:00,269.8,18.9,0
2017-07-20 02:00:00,196.0,18.3,0
2017-07-20 03:00:00,238.8,18.3,0
2017-07-20 04:00:00,288.3,18.3,0
2017-07-20 05:00:00,232.5,17.8,0
2017-07-20 06:00:00,214.1,19.4,0
2017-07-20 07:00:00,167.4,22.2,0
2017-07-20 08:00:00,326.2,23.9,0
2017-07-20 09:00:00,255.4,25.0,0
2017-07-20 10:00:00,273.5,26.7,0
2017-07-20 11:00:00,286.1,27.2,0
2017-07-20 12:00:00,229.9,27.2,0
2017-07-20 13:00:00,231.3,26.1,0
2017-07-20 14:00:00,242.3,25.0,0
2017-07-20 15:00:00,154.7,20.6,0
2017-07-20 16:00:00,264.4,21.1,0
2017-07-20 17:00:00,351.1,21.7,0
2017-07-20 18:00:00,256.4,22.2,0
2017-07-20 19:00:00,208.5,22.2,0
2017-07-20 20:00:00,248.2,22.2,0
2017-07-20 21:00:00,160.0,21.1,0
2017-07-20 22:00:00,248.3,18.9,0
2017-07-20 23:00:00,262.0,19.4,0
2017-07-21 00:00:00,314.6,18.3,0
2017-07-21 01:00:00,311.2,19.4,0
2017-07-21 02:00:00,219.1,20.6,0
2017-07-21 03:00:00,299.3,20.6,0
2017-07-21 04:00:00,128.3,19.8,0
2017-07-21 05:00:00,227.8,18.9,0
2017-07-21 06:00:00,186.4,20.0,0
2017-07-21 07:00:00,208.3,22.2,0
2017-07-21 08:00:00,329.9,23.3,0
2017-07-21 09:00:00,354.5,23.9,0
2017-07-21 10:00:00,267.5,25.6,0
2017-07-21 11:00:00,170.3,26.7,0
2017-07-21 12:00:00,201.5,27.2,0
2017-07-21 13:00:00,336.7,27.8,0
2017-07-21 14:00:00,279.1,28.3,0
2017-07-21 15:00:00,244.7,28.3,0
2017-07-21 16:00:00,205.7,28.3,0
2017-07-21 17:00:00,200.1,27.8,0
2017-07-21 18:00:00,194.5,26.1,0
2017-07-21 19:00:00,175.0,23.9,0
2017-07-21 20:00:00,255.8,21.7,0
2017-07-21 21:00:00,280.5,19.4,0
2017-07-21 22:00:00,291.1,18.9,0
2017-07-21 23:00:00,265.3,17.8,0
2017-07-22 00:00:00,304.0,16.7,0
2017-07-22 01:00:00,243.9,16.7,0
2017-07-22 02:00:00,269.4,16.7,0
2017-07-22 03:00:00,211.7,17.2,0
2017-07-22 04:00:00,191.2,17.2,0
2017-07-22 05:00:00,274.2,17.2,0
2017-07-22 06:00:00,234.6,17.2,0
2017-07-22 07:00:00,167.0,19.4,0
2017-07-22 08:00:00,261.7,21.7,0
2017-07-22 09:00:00,225.1,22.8,0
2017-07-22 10:00:00,258.0,23.9,0
2017-07-22 11:00:00,261.7,23.9,0
2017-07-22 12:00:00,273.3,23.9,0
2017-07-22 13:00:00,191.8,23.9,0
2017-07-22 14:00:00,196.2,25.0,0
2017-07-22 15:00:00,224.8,23.9,0
2017-07-22 16:00:00,318.9,24.4,0
2017-07-22 17:00:00,283.3,23.9,0
2017-07-22 18:00:00,283.8,23.3,0
2017-07-22 19:00:00,183.1,22.8,0
2017-07-22 20:00:00,219.1,20.6,0
2017-07-22 21:00:00,213.3,21.1,0
2017-07-22 22:00:00,205.7,18.3,0
2017-07-22 23:00:00,312.9,17.8,0
2017-07-23 00:00:00,249.8,18.3,0
2017-07-23 01:00:00,263.8,17.8,0
2017-07-23 02:00:00,242.0,17.8,0
2017-07-23 03:00:00,270.2,17.2,0
2017-07-23 04:00:00,170.0,17.2,0
2017-07-23 05:00:00,270.7,17.8,0
2017-07-23 06:00:00,104.3,17.8,0
2017-07-23 07:00:00,276.1,20.0,0
2017-07-23 08:00:00,220.5,21.1,0
2017-07-23 09:00:00,253.0,21.7,0
2017-07-23 10:00:00,227.8,23.3,0
2017-07-23 11:00:00,296.0,24.4,0
2017-07-23 12:00:00,184.2,25.6,0
2017-07-23 13:00:00,232.0,26.1,0
2017-07-23 14:00:00,170.6,26.7,0
2017-07-23 15:00:00,280.6,26.1,0
2017-07-23 16:00:00,331.2,25.6,0
2017-07-23 17:00:00,203.7,25.6,0
2017-07-23 18:00:00,260.5,24.4,0
2017-07-23 19:00:00,145.0,20.0,0
2017-07-23 20:00:00,276.4,18.9,0
2017-07-23 21:00:00,290.6,18.3,0
2017-07-23 22:00:00,406.3,19.4,0
2017-07-23 23:00:00,288.4,19.4,0
2017-07-24 00:00:00,281.1,19.4,0
2017-07-24 01:00:00,208.1,18.9,0
2017-07-24 02:00:00,300.4,18.3,0
2017-07-24 03:00:00,190.3,17.8,0
2017-07-24 04:00:00,218.9,17.8,0
2017-07-24 05:00:00,308.3,17.8,0
2017-07-24 06:00:00,309.6,17.8,0
2017-07-24 07:00:00,201.1,17.8,0
2017-07-24 08:00:00,316.0,18.9,0
2017-07-24 09:00:00,167.7,18.9,0
2017-07-24 10:00:00,279.8,20.0,0
2017-07-24 11:00:00,271.9,22.2,0
2017-07-24 12:00:00,289.5,22.2,0
2017-07-24 13:00:00,263.4,18.3,0
2017-07-24 14:00:00,222.7,20.6,0
2017-07-24 15:00:00,196.6,25.0,0
2017-07-24 16:00:00,190.9,23.3,0
2017-07-24 17:00:00,185.5,23.3,0
2017-07-24 18:00:00,176.1,20.6,0
2017-07-24 19:00:00,261.8,18.9,0
2017-07-24 20:00:00,297.9,18.3,0
2017-07-24 21:00:00,343.4,18.3,0
2017-07-24 22:00:00,328.1,17.8,0
2017-07-24 23:00:00,302.3,17.8,0
2017-07-25 00:00:00,326.3,17.8,0
2017-07-25 01:00:00,194.1,17.2,0
2017-07-25 02:00:00,264.6,16.7,0
2017-07-25 03:00:00,237.1,16.1,0
2017-07-25 04:00:00,305.7,16.1,0
2017-07-25 05:00:00,359.4,15.6,0
2017-07-25 06:00:00,377.7,15.6,0
2017-07-25 07:00:00,296.3,15.6,0
2017-07-25 08:00:00,282.5,15.6,0
2017-07-25 09:00:00,374.8,16.7,0
2017-07-25 10:00:00,332.0,15.6,0
2017-07-25 11:00:00,362.1,16.1,0
2017-07-25 12:00:00,294.7,16.7,0
2017-07-25 13:00:00,342.9,16.1,0
2017-07-25 14:00:00,292.1,18.0,0
2017-07-25 15:00:00,263.3,16.1,0
2017-07-25 16:00:00,321.3,15.6,0
2017-07-25 17:00:00,328.9,15.6,0
2017-07-25 18:00:00,416.7,15.6,0
2017-07-25 19:00:00,358.1,15.0,0
2017-07-25 20:00:00,398.8,15.0,0
2017-07-25 21:00:00,416.9,15.0,0
2017-07-25 22:00:00,402.2,15.0,0
2017-07-25 23:00:00,399.3,15.0,0
2017-07-26 00:00:00,334.8,15.0,0
2017-07-26 01:00:00,302.9,15.6,0
2017-07-26 02:00:00,225.4,15.0,0
2017-07-26 03:00:00,231.6,15.0,0
2017-07-26 04:00:00,255.1,15.0,0
2017-07-26 05:00:00,269.1,15.0,0
2017-07-26 06:00:00,358.7,15.6,0
2017-07-26 07:00:00,325.4,15.6,0
2017-07-26 08:00:00,386.7,17.2,0
2017-07-26 09:00:00,382.7,17.2,0
2017-07-26 10:00:00,304.4,18.9,0
2017-07-26 11:00:00,235.8,19.4,0
2017-07-26 12:00:00,226.8,21.7,0
2017-07-26 13:00:00,173.7,20.6,0
2017-07-26 14:00:00,314.0,22.2,0
2017-07-26 15:00:00,194.9,22.2,0
2017-07-26 16:00:00,270.5,22.8,0
2017-07-26 17:00:00,282.1,22.2,0
2017-07-26 18:00:00,237.2,21.7,0
2017-07-26 19:00:00,269.7,20.6,0
2017-07-26 20:00:00,234.8,19.4,0
2017-07-26 21:00:00,330.4,18.9,0
2017-07-26 22:00:00,294.7,18.3,0
2017-07-26 23:00:00,346.9,18.9,0
2017-07-27 00:00:00,296.5,19.4,0
2017-07-27 01:00:00,285.4,18.9,0
2017-07-27 02:00:00,166.5,18.3,0
2017-07-27 03:00:00,187.3,18.3,0
2017-07-27 04:00:00,195.3,17.2,0
2017-07-27 05:00:00,208.1,17.2,0
2017-07-27 06:00:00,276.8,17.2,0
2017-07-27 07:00:00,265.5,18.3,0
2017-07-27 08:00:00,326.2,18.3,0
2017-07-27 09:00:00,307.8,18.9,0
2017-07-27 10:00:00,303.9,18.9,0
2017-07-27 11:00:00,278.4,21.0,0
2017-07-27 12:00:00,228.8,20.6,0
2017-07-27 13:00:00,221.1,21.1,0
2017-07-27 14:00:00,257.8,21.1,0
2017-07-27 15:00:00,236.7,22.8,0
2017-07-27 16:00:00,260.9,23.3,0
2017-07-27 17:00:00,289.1,24.4,0
2017-07-27 18:00:00,248.8,23.9,0
2017-07-27 19:00:00,245.4,21.7,0
2017-07-27 20:00:00,184.1,20.0,0
2017-07-27 21:00:00,294.4,19.4,0
2017-07-27 22:00:00,280.6,18.3,0
2017-07-27 23:00:00,340.4,18.3,0
2017-07-28 00:00:00,357.6,18.3,0
2017-07-28 01:00:00,256.4,17.8,0
2017-07-28 02:00:00,318.8,17.2,0
2017-07-28 03:00:00,232.1,16.1,0
2017-07-28 04:00:00,197.7,16.7,0
2017-07-28 05:00:00,195.7,16.7,0
2017-07-28 06:00:00,265.9,17.2,0
2017-07-28 07:00:00,288.8,18.3,0
2017-07-28 08:00:00,304.4,18.9,0
2017-07-28 09:00:00,264.3,20.0,0
2017-07-28 10:00:00,342.4,21.7,0
2017-07-28 11:00:00,354.0,21.1,0
2017-07-28 12:00:00,298.8,21.0,0
2017-07-28 13:00:00,338.7,21.7,0
2017-07-28 14:00:00,338.2,22.2,0
2017-07-28 15:00:00,148.7,22.2,0
2017-07-28 16:00:00,238.9,21.7,0
2017-07-28 17:00:00,175.5,21.1,0
2017-07-28 18:00:00,254.0,20.0,0
2017-07-28 19:00:00,289.3,18.3,0
2017-07-28 20:00:00,337.3,16.1,0
2017-07-28 21:00:00,326.2,14.4,0
2017-07-28 22:00:00,288.5,13.3,0
2017-07-28 23:00:00,343.6,13.3,0
2017-07-29 00:00:00,341.9,12.8,0
2017-07-29 01:00:00,276.8,11.7,0
2017-07-29 02:00:00,290.9,11.1,0
2017-07-29 03:00:00,275.8,11.7,0
2017-07-29 04:00:00,322.2,11.1,0
2017-07-29 05:00:00,442.4,11.1,0
2017-07-29 06:00:00,490.3,11.1,0
2017-07-29 07:00:00,475.6,13.3,0
2017-07-29 08:00:00,338.8,17.2,0
2017-07-29 09:00:00,321.2,18.3,0
2017-07-29 10:00:00,347.7,20.6,0
2017-07-29 11:00:00,293.3,21.7,0
2017-07-29 12:00:00,194.0,22.2,0
2017-07-29 13:00:00,239.6,22.8,0
2017-07-29 14:00:00,284.3,22.8,0
2017-07-29 15:00:00,302.7,22.8,0
2017-07-29 16:00:00,292.3,22.2,0
2017-07-29 17:00:00,214.7,22.2,0
2017-07-29 18:00:00,304.7,20.6,0
2017-07-29 19:00:00,177.3,18.9,0
2017-07-29 20:00:00,238.8,16.7,0
2017-07-29 21:00:00,294.5,15.0,0
2017-07-29 22:00:00,351.9,13.9,0
2017-07-29 23:00:00,368.5,11.1,0
2017-07-30 00:00:00,468.9,10.0,0
2017-07-30 01:00:00,463.8,10.0,0
2017-07-30 02:00:00,508.4,10.0,0
2017-07-30 03:00:00,528.7,10.0,0
2017-07-30 04:00:00,540.9,9.4,0
2017-07-30 05:00:00,683.3,8.9,0
2017-07-30 06:00:00,698.6,11.1,0
2017-07-30 07:00:00,642.8,13.9,0
2017-07-30 08:00:00,499.7,16.7,0
2017-07-30 09:00:00,384.6,20.0,0
2017-07-30 10:00:00,220.7,21.7,0
2017-07-30 11:00:00,254.0,23.3,0
2017-07-30 12:00:00,195.0,23.3,0
2017-07-30 13:00:00,249.9,24.4,0
2017-07-30 14:00:00,280.7,24.4,0
2017-07-30 15:00:00,293.2,25.0,0
2017-07-30 16:00:00,283.9,25.6,0
2017-07-30 17:00:00,272.2,25.0,0
2017-07-30 18:00:00,136.8,24.4,0
2017-07-30 19:00:00,247.8,22.2,0
2017-07-30 20:00:00,251.8,18.3,0
2017-07-30 21:00:00,280.8,17.2,0
2017-07-30 22:00:00,312.4,16.1,0
2017-07-30 23:00:00,324.2,15.6,0
2017-07-31 00:00:00,351.1,15.6,0
2017-07-31 01:00:00,330.9,15.6,0
2017-07-31 02:00:00,288.2,14.4,0
2017-07-31 03:00:00,202.2,14.4,0
2017-07-31 04:00:00,317.6,14.4,0
2017-07-31 05:00:00,146.3,13.3,0
2017-07-31 06:00:00,312.6,13.9,0
2017-07-31 07:00:00,394.8,18.0,0
2017-07-31 08:00:00,353.9,20.6,0
2017-07-31 09:00:00,358.0,22.2,0
2017-07-31 10:00:00,231.3,23.9,0
2017-07-31 11:00:00,238.5,25.0,0
2017-07-31 12:00:00,207.5,26.1,0
2017-07-31 13:00:00,242.3,26.7,0
2017-07-31 14:00:00,298.4,27.2,0
2017-07-31 15:00:00,270.3,27.8,0
2017-07-31 16:00:00,218.3,27.2,0
2017-07-31 17:00:00,232.8,26.1,0
2017-07-31 18:00:00,184.3,25.0,0
2017-07-31 19:00:00,225.8,21.7,0
2017-07-31 20:00:00,219.5,20.0,0
2017-07-31 21:00:00,282.5,18.9,0
2017-07-31 22:00:00,259.1,19.4,0
2017-07-31 23:00:00,309.2,17.8,0
2017-08-01 00:00:00,291.3,17.2,0
2017-08-01 01:00:00,276.4,16.7,0
2017-08-01 02:00:00,191.6,16.7,0
2017-08-01 03:00:00,159.2,16.7,0
2017-08-01 04:00:00,227.4,16.7,0
2017-08-01 05:00:00,225.0,16.1,0
2017-08-01 06:00:00,221.0,16.7,0
2017-08-01 07:00:00,296.6,18.9,0
2017-08-01 08:00:00,327.2,21.1,0
2017-08-01 09:00:00,264.7,22.8,0
2017-08-01 10:00:00,261.3,23.9,0
2017-08-01 11:00:00,123.6,25.6,0
2017-08-01 12:00:00,265.4,26.1,0
2017-08-01 13:00:00,174.1,26.7,0
2017-08-01 14:00:00,291.6,27.8,0
2017-08-01 15:00:00,284.4,28.3,0
2017-08-01 16:00:00,275.9,28.3,0
2017-08-01 17:00:00,230.1,25.6,0
2017-08-01 18:00:00,143.5,24.4,0
2017-08-01 19:00:00,258.2,25.0,0
2017-08-01 20:00:00,185.3,20.6,0
2017-08-01 21:00:00,270.7,19.4,0
2017-08-01 22:00:00,341.3,18.3,0
2017-08-01 23:00:00,284.6,18.3,0
2017-08-02 00:00:00,309.8,17.8,0
2017-08-02 01:00:00,267.7,17.8,0
2017-08-02 02:00:00,251.9,17.2,0
2017-08-02 03:00:00,218.7,17.2,0
2017-08-02 04:00:00,206.2,17.2,0
2017-08-02 05:00:00,259.8,17.2,0
2017-08-02 06:00:00,219.8,17.2,0
2017-08-02 07:00:00,264.9,18.9,0
2017-08-02 08:00:00,295.3,22.8,0
2017-08-02 09:00:00,282.5,25.6,0
2017-08-02 10:00:00,203.2,25.6,0
2017-08-02 11:00:00,194.1,26.1,0
2017-08-02 12:00:00,174.0,26.7,0
2017-08-02 13:00:00,304.1,26.7,0
2017-08-02 14:00:00,223.8,28.3,0
2017-08-02 15:00:00,265.3,28.9,0
2017-08-02 16:00:00,242.2,27.8,0
2017-08-02 17:00:00,164.5,27.0,0
2017-08-02 18:00:00,222.2,26.1,0
2017-08-02 19:00:00,167.1,22.2,0
2017-08-02 20:00:00,234.0,21.1,0
2017-08-02 21:00:00,329.9,21.1,0
2017-08-02 22:00:00,279.7,20.0,0
2017-08-02 23:00:00,252.8,18.9,0
2017-08-03 00:00:00,251.5,18.3,0
2017-08-03 01:00:00,268.1,18.3,0
2017-08-03 02:00:00,112.7,17.2,0
2017-08-03 03:00:00,239.4,17.2,0
2017-08-03 04:00:00,229.2,17.8,0
2017-08-03 05:00:00,262.6,18.3,0
2017-08-03 06:00:00,220.8,18.3,0
2017-08-03 07:00:00,214.4,20.0,0
2017-08-03 08:00:00,263.4,21.7,0
2017-08-03 09:00:00,286.7,23.9,0
2017-08-03 10:00:00,254.1,24.4,0
2017-08-03 11:00:00,189.0,27.2,0
2017-08-03 12:00:00,299.4,27.8,0
2017-08-03 13:00:00,253.6,27.8,0
2017-08-03 14:00:00,205.1,27.8,0
2017-08-03 15:00:00,255.0,28.9,0
2017-08-03 16:00:00,243.7,28.9,0
2017-08-03 17:00:00,241.6,28.9,0
2017-08-03 18:00:00,188.8,25.6,0
2017-08-03 19:00:00,186.7,23.3,0
2017-08-03 20:00:00,160.1,20.6,0
2017-08-03 21:00:00,291.5,20.6,0
2017-08-03 22:00:00,287.9,20.6,0
2017-08-03 23:00:00,283.7,18.9,0
2017-08-04 00:00:00,276.0,20.6,0
2017-08-04 01:00:00,222.9,20.6,0
2017-08-04 02:00:00,277.4,20.6,0
2017-08-04 03:00:00,217.4,20.0,0
2017-08-04 04:00:00,193.5,20.6,0
2017-08-04 05:00:00,188.6,20.0,0
2017-08-04 06:00:00,184.2,20.6,0
2017-08-04 07:00:00,302.6,21.7,0
2017-08-04 08:00:00,255.5,23.3,0
2017-08-04 09:00:00,260.5,24.4,0
2017-08-04 10:00:00,269.9,26.7,0
2017-08-04 11:00:00,233.2,27.8,0
2017-08-04 12:00:00,212.0,28.3,0
2017-08-04 13:00:00,195.0,28.3,0
2017-08-04 14:00:00,233.3,28.3,0
2017-08-04 15:00:00,196.7,27.2,0
2017-08-04 16:00:00,217.9,27.2,0
2017-08-04 17:00:00,224.8,26.7,0
2017-08-04 18:00:00,249.2,24.4,0
2017-08-04 19:00:00,286.5,23.3,0
2017-08-04 20:00:00,238.1,18.3,0
2017-08-04 21:00:00,280.2,18.9,0
2017-08-04 22:00:00,187.0,18.9,0
2017-08-04 23:00:00,301.8,18.9,0
2017-08-05 00:00:00,318.2,17.8,0
2017-08-05 01:00:00,208.9,17.8,0
2017-08-05 02:00:00,262.3,18.3,0
2017-08-05 03:00:00,147.2,18.3,0
2017-08-05 04:00:00,152.5,17.8,0
2017-08-05 05:00:00,227.6,17.2,0
2017-08-05 06:00:00,242.4,16.7,0
2017-08-05 07:00:00,331.5,16.7,0
2017-08-05 08:00:00,340.2,17.8,0
2017-08-05 09:00:00,320.3,18.9,0
2017-08-05 10:00:00,246.4,18.9,0
2017-08-05 11:00:00,217.8,18.9,0
2017-08-05 12:00:00,164.0,18.3,0
2017-08-05 13:00:00,225.1,18.3,0
2017-08-05 14:00:00,312.3,18.9,0
2017-08-05 15:00:00,318.3,18.3,0
2017-08-05 16:00:00,416.0,19.4,0
2017-08-05 17:00:00,264.1,19.4,0
2017-08-05 18:00:00,247.4,19.4,0
2017-08-05 19:00:00,237.2,17.8,0
2017-08-05 20:00:00,171.1,17.2,0
2017-08-05 21:00:00,247.7,15.6,0
2017-08-05 22:00:00,349.8,15.0,0
2017-08-05 23:00:00,344.9,13.9,0
2017-08-06 00:00:00,358.4,13.9,0
2017-08-06 01:00:00,281.6,11.1,0
2017-08-06 02:00:00,315.2,10.0,0
2017-08-06 03:00:00,168.0,10.0,0
2017-08-06 04:00:00,553.0,9.4,0
2017-08-06 05:00:00,504.8,8.9,0
2017-08-06 06:00:00,646.7,10.0,0
2017-08-06 07:00:00,538.1,13.9,0
2017-08-06 08:00:00,471.7,16.1,0
2017-08-06 09:00:00,336.6,17.8,0
2017-08-06 10:00:00,277.0,19.4,0
2017-08-06 11:00:00,151.8,20.0,0
2017-08-06 12:00:00,328.3,20.6,0
2017-08-06 13:00:00,226.6,21.1,0
2017-08-06 14:00:00,293.8,22.2,0
2017-08-06 15:00:00,242.4,22.8,0
2017-08-06 16:00:00,315.9,21.7,0
2017-08-06 17:00:00,267.8,22.8,0
2017-08-06 18:00:00,200.6,20.6,0
2017-08-06 19:00:00,220.5,18.3,0
2017-08-06 20:00:00,265.8,15.0,0
2017-08-06 21:00:00,199.9,13.9,0
2017-08-06 22:00:00,329.3,13.3,0
2017-08-06 23:00:00,373.0,13.9,0
2017-08-07 00:00:00,267.7,15.0,0
2017-08-07 01:00:00,293.0,15.0,0
2017-08-07 02:00:00,216.9,12.8,0
2017-08-07 03:00:00,213.8,12.2,0
2017-08-07 04:00:00,252.5,12.2,0
2017-08-07 05:00:00,239.4,13.3,0
2017-08-07 06:00:00,287.2,13.9,0
2017-08-07 07:00:00,318.3,16.1,0
2017-08-07 08:00:00,331.8,18.3,0
2017-08-07 09:00:00,244.3,20.6,0
2017-08-07 10:00:00,232.0,20.6,0
2017-08-07 11:00:00,238.4,21.1,0
2017-08-07 12:00:00,193.8,22.2,0
2017-08-07 13:00:00,260.1,22.2,0
2017-08-07 14:00:00,240.2,22.8,0
2017-08-07 15:00:00,241.9,21.7,0
2017-08-07 16:00:00,258.5,20.6,0
2017-08-07 17:00:00,245.4,19.4,0
2017-08-07 18:00:00,308.5,18.3,0
2017-08-07 19:00:00,236.3,17.8,0
2017-08-07 20:00:00,200.9,16.1,0
2017-08-07 21:00:00,235.0,15.0,0
2017-08-07 22:00:00,273.7,15.6,0
2017-08-07 23:00:00,271.1,15.6,0
2017-08-08 00:00:00,268.9,15.0,0
2017-08-08 01:00:00,354.8,14.4,0
2017-08-08 02:00:00,234.7,15.0,0
2017-08-08 03:00:00,195.8,15.0,0
2017-08-08 04:00:00,252.3,15.6,0
2017-08-08 05:00:00,125.1,15.6,0
2017-08-08 06:00:00,303.2,15.6,0
2017-08-08 07:00:00,322.8,16.1,0
2017-08-08 08:00:00,297.0,16.7,0
2017-08-08 09:00:00,448.4,17.8,0
2017-08-08 10:00:00,277.9,19.4,0
2017-08-08 11:00:00,263.1,19.4,0
2017-08-08 12:00:00,145.8,19.4,0
2017-08-08 13:00:00,252.4,20.6,0
2017-08-08 14:00:00,204.9,22.2,0
2017-08-08 15:00:00,228.1,22.2,0
2017-08-08 16:00:00,342.4,22.8,0
2017-08-08 17:00:00,278.1,22.0,0
2017-08-08 18:00:00,255.6,21.1,0
2017-08-08 19:00:00,219.1,18.9,0
2017-08-08 20:00:00,205.3,16.7,0
2017-08-08 21:00:00,222.1,12.8,0
2017-08-08 22:00:00,262.1,12.2,0
2017-08-08 23:00:00,331.0,12.2,0
2017-08-09 00:00:00,465.6,12.2,0
2017-08-09 01:00:00,327.0,11.7,0
2017-08-09 02:00:00,296.9,11.7,0
2017-08-09 03:00:00,312.4,11.7,0
2017-08-09 04:00:00,339.7,11.1,0
2017-08-09 05:00:00,388.8,10.6,0
2017-08-09 06:00:00,623.4,11.7,0
2017-08-09 07:00:00,429.8,15.6,0
2017-08-09 08:00:00,340.8,19.4,0
2017-08-09 09:00:00,301.2,21.7,0
2017-08-09 10:00:00,278.7,23.0,0
2017-08-09 11:00:00,177.3,23.9,0
2017-08-09 12:00:00,289.2,23.9,0
2017-08-09 13:00:00,159.5,25.6,0
2017-08-09 14:00:00,300.2,26.0,0
2017-08-09 15:00:00,248.8,25.6,0
2017-08-09 16:00:00,277.4,26.7,0
2017-08-09 17:00:00,247.8,25.6,0
2017-08-09 18:00:00,158.1,24.4,0
2017-08-09 19:00:00,221.1,20.6,0
2017-08-09 20:00:00,208.5,17.8,0
2017-08-09 21:00:00,288.4,17.8,0
2017-08-09 22:00:00,247.8,17.2,0
2017-08-09 23:00:00,273.6,16.1,0
2017-08-10 00:00:00,184.3,15.0,0
2017-08-10 01:00:00,277.7,14.4,0
2017-08-10 02:00:00,150.1,14.4,0
2017-08-10 03:00:00,266.8,14.4,0
2017-08-10 04:00:00,182.2,14.4,0
2017-08-10 05:00:00,291.8,13.9,0
2017-08-10 06:00:00,293.1,14.4,0
2017-08-10 07:00:00,305.4,16.7,0
2017-08-10 08:00:00,333.7,20.6,0
2017-08-10 09:00:00,265.8,23.3,0
2017-08-10 10:00:00,243.3,23.9,0
2017-08-10 11:00:00,161.9,26.1,0
2017-08-10 12:00:00,208.3,26.7,0
2017-08-10 13:00:00,249.1,27.0,0
2017-08-10 14:00:00,269.0,26.7,0
2017-08-10 15:00:00,269.6,26.1,0
2017-08-10 16:00:00,257.8,25.0,0
2017-08-10 17:00:00,253.1,25.0,0
2017-08-10 18:00:00,236.5,24.4,0
2017-08-10 19:00:00,208.8,22.2,0
2017-08-10 20:00:00,155.0,17.8,0
2017-08-10 21:00:00,253.0,18.9,0
2017-08-10 22:00:00,262.7,16.1,0
2017-08-10 23:00:00,286.8,15.6,0
2017-08-11 00:00:00,301.8,15.6,0
2017-08-11 01:00:00,300.4,17.2,0
2017-08-11 02:00:00,158.4,17.2,0
2017-08-11 03:00:00,187.8,15.0,0
2017-08-11 04:00:00,207.6,15.0,0
2017-08-11 05:00:00,183.2,17.2,0
2017-08-11 06:00:00,220.5,17.8,0
2017-08-11 07:00:00,283.4,18.3,0
2017-08-11 08:00:00,308.6,19.4,0
2017-08-11 09:00:00,249.5,20.6,0
2017-08-11 10:00:00,237.1,21.7,0
2017-08-11 11:00:00,260.0,22.2,0
2017-08-11 12:00:00,125.2,23.3,0
2017-08-11 13:00:00,243.1,23.9,0
2017-08-11 14:00:00,175.3,24.4,0
2017-08-11 15:00:00,290.8,23.9,0
2017-08-11 16:00:00,265.5,23.3,0
2017-08-11 17:00:00,259.9,23.3,0
2017-08-11 18:00:00,214.0,22.2,0
2017-08-11 19:00:00,179.6,21.1,0
2017-08-11 20:00:00,225.0,20.6,0
2017-08-11 21:00:00,236.1,18.9,0
2017-08-11 22:00:00,219.2,18.9,0
2017-08-11 23:00:00,225.6,18.3,0
2017-08-12 00:00:00,227.7,17.8,0
2017-08-12 01:00:00,198.7,17.8,0
2017-08-12 02:00:00,214.9,17.8,0
2017-08-12 03:00:00,254.8,18.3,0
2017-08-12 04:00:00,243.5,18.3,0
2017-08-12 05:00:00,226.6,18.3,0
2017-08-12 06:00:00,167.7,18.3,0
2017-08-12 07:00:00,192.2,20.0,0
2017-08-12 08:00:00,206.8,21.1,0
2017-08-12 09:00:00,310.3,22.8,0
2017-08-12 10:00:00,275.7,25.0,0
2017-08-12 11:00:00,276.9,25.0,0
2017-08-12 12:00:00,284.6,26.7,0
2017-08-12 13:00:00,250.9,26.7,0
2017-08-12 14:00:00,257.0,23.9,0
2017-08-12 15:00:00,252.4,27.2,0
2017-08-12 16:00:00,267.1,23.3,0
2017-08-12 17:00:00,273.5,23.3,0
2017-08-12 18:00:00,297.1,23.3,0
2017-08-12 19:00:00,234.2,22.8,0
2017-08-12 20:00:00,271.3,20.6,0
2017-08-12 21:00:00,222.3,17.8,0
2017-08-12 22:00:00,197.2,17.8,0
2017-08-12 23:00:00,251.0,15.0,0
2017-08-13 00:00:00,227.0,14.4,0
2017-08-13 01:00:00,303.8,14.4,0
2017-08-13 02:00:00,257.6,15.0,0
2017-08-13 03:00:00,269.4,15.6,0
2017-08-13 04:00:00,282.0,16.7,0
2017-08-13 05:00:00,143.6,17.2,0
2017-08-13 06:00:00,245.5,16.7,0
2017-08-13 07:00:00,213.5,17.2,0
2017-08-13 08:00:00,303.6,17.8,0
2017-08-13 09:00:00,310.9,19.4,0
2017-08-13 10:00:00,313.0,20.0,0
2017-08-13 11:00:00,309.5,21.7,0
2017-08-13 12:00:00,272.1,22.2,0
2017-08-13 13:00:00,213.1,23.3,0
2017-08-13 14:00:00,203.8,23.9,0
2017-08-13 15:00:00,255.3,23.9,0
2017-08-13 16:00:00,275.4,23.9,0
2017-08-13 17:00:00,287.4,23.3,0
2017-08-13 18:00:00,269.6,22.2,0
2017-08-13 19:00:00,273.5,19.4,0
2017-08-13 20:00:00,214.6,16.1,0
2017-08-13 21:00:00,243.1,15.6,0
2017-08-13 22:00:00,211.3,13.9,0
2017-08-13 23:00:00,365.3,13.9,0
2017-08-14 00:00:00,309.7,13.3,0
2017-08-14 01:00:00,327.6,13.3,0
2017-08-14 02:00:00,322.3,13.3,0
2017-08-14 03:00:00,259.5,13.3,0
2017-08-14 04:00:00,229.6,13.3,0
2017-08-14 05:00:00,273.8,13.3,0
2017-08-14 06:00:00,455.6,13.3,0
2017-08-14 07:00:00,317.8,15.6,0
2017-08-14 08:00:00,346.7,17.8,0
2017-08-14 09:00:00,350.1,21.7,0
2017-08-14 10:00:00,278.6,22.8,0
2017-08-14 11:00:00,187.0,23.3,0
2017-08-14 12:00:00,227.9,25.0,0
2017-08-14 13:00:00,194.2,25.6,0
2017-08-14 14:00:00,275.0,25.6,0
2017-08-14 15:00:00,231.9,25.0,0
2017-08-14 16:00:00,222.9,25.6,0
2017-08-14 17:00:00,312.4,25.0,0
2017-08-14 18:00:00,265.1,23.3,0
2017-08-14 19:00:00,272.4,21.1,0
2017-08-14 20:00:00,203.5,20.6,0
2017-08-14 21:00:00,261.1,20.0,0
2017-08-14 22:00:00,170.1,20.6,0
2017-08-14 23:00:00,238.3,20.0,0
2017-08-15 00:00:00,303.8,18.9,0
2017-08-15 01:00:00,271.4,18.9,0
2017-08-15 02:00:00,222.5,17.8,0
2017-08-15 03:00:00,196.4,18.3,0
2017-08-15 04:00:00,210.1,18.3,0
2017-08-15 05:00:00,130.8,19.4,0
2017-08-15 06:00:00,254.7,19.4,0
2017-08-15 07:00:00,224.9,20.0,0
2017-08-15 08:00:00,319.7,21.7,0
2017-08-15 09:00:00,326.5,23.3,0
2017-08-15 10:00:00,256.9,25.0,0
2017-08-15 11:00:00,278.2,26.1,0
2017-08-15 12:00:00,214.8,27.2,0
2017-08-15 13:00:00,175.5,27.8,0
2017-08-15 14:00:00,244.4,26.1,0
2017-08-15 15:00:00,236.7,26.1,0
2017-08-15 16:00:00,322.9,20.0,0
2017-08-15 17:00:00,255.0,18.9,0
2017-08-15 18:00:00,338.2,20.0,0
2017-08-15 19:00:00,289.6,19.4,0
2017-08-15 20:00:00,258.2,16.7,0
2017-08-15 21:00:00,154.7,16.1,0
2017-08-15 22:00:00,297.4,15.6,0
2017-08-15 23:00:00,185.3,16.7,0
2017-08-16 00:00:00,233.6,16.1,0
2017-08-16 01:00:00,285.1,15.6,0
2017-08-16 02:00:00,225.1,15.0,0
2017-08-16 03:00:00,272.4,14.4,0
2017-08-16 04:00:00,261.4,14.4,0
2017-08-16 05:00:00,217.6,14.4,0
2017-08-16 06:00:00,314.3,14.4,0
2017-08-16 07:00:00,232.3,16.7,0
2017-08-16 08:00:00,301.4,18.9,0
2017-08-16 09:00:00,302.2,19.4,0
2017-08-16 10:00:00,285.9,21.1,0
2017-08-16 11:00:00,290.1,22.2,0
2017-08-16 12:00:00,248.6,23.3,0
2017-08-16 13:00:00,239.0,23.9,0
2017-08-16 14:00:00,196.3,24.4,0
2017-08-16 15:00:00,243.8,24.4,0
2017-08-16 16:00:00,277.2,23.3,0
2017-08-16 17:00:00,239.2,22.8,0
2017-08-16 18:00:00,276.8,21.7,0
2017-08-16 19:00:00,233.9,18.9,0
2017-08-16 20:00:00,238.1,16.1,0
2017-08-16 21:00:00,283.8,14.4,0
2017-08-16 22:00:00,307.4,13.3,0
2017-08-16 23:00:00,228.2,12.2,0
2017-08-17 00:00:00,281.9,12.2,0
2017-08-17 01:00:00,301.9,11.7,0
2017-08-17 02:00:00,319.7,12.2,0
2017-08-17 03:00:00,353.6,12.2,0
2017-08-17 04:00:00,591.0,11.7,0
2017-08-17 05:00:00,396.0,11.1,0
2017-08-17 06:00:00,507.3,11.7,0
2017-08-17 07:00:00,345.8,13.3,0
2017-08-17 08:00:00,307.3,15.6,0
2017-08-17 09:00:00,307.5,20.0,0
2017-08-17 10:00:00,405.7,22.2,0
2017-08-17 11:00:00,258.1,23.9,0
2017-08-17 12:00:00,204.1,25.0,0
2017-08-17 13:00:00,223.5,26.1,0
2017-08-17 14:00:00,207.6,26.7,0
2017-08-17 15:00:00,269.6,27.8,0
2017-08-17 16:00:00,289.5,27.2,0
2017-08-17 17:00:00,258.1,27.2,0
2017-08-17 18:00:00,298.7,25.6,0
2017-08-17 19:00:00,212.3,25.0,0
2017-08-17 20:00:00,184.2,23.9,0
2017-08-17 21:00:00,224.4,23.9,0
2017-08-17 22:00:00,202.8,22.8,0
2017-08-17 23:00:00,231.0,22.2,0
2017-08-18 00:00:00,328.6,22.8,0
2017-08-18 01:00:00,290.0,22.8,0
2017-08-18 02:00:00,142.5,22.8,0
2017-08-18 03:00:00,254.1,22.8,0
2017-08-18 04:00:00,137.7,22.8,0
2017-08-18 05:00:00,99.5,22.8,0
2017-08-18 06:00:00,266.2,22.8,0
2017-08-18 07:00:00,228.7,23.3,0
2017-08-18 08:00:00,330.3,23.9,0
2017-08-18 09:00:00,268.3,22.8,0
2017-08-18 10:00:00,274.6,23.9,0
2017-08-18 11:00:00,228.1,25.0,0
2017-08-18 12:00:00,262.5,25.6,0
2017-08-18 13:00:00,275.0,26.7,0
2017-08-18 14:00:00,176.4,28.3,0
2017-08-18 15:00:00,272.3,28.3,0
2017-08-18 16:00:00,166.7,29.4,0
2017-08-18 17:00:00,299.9,28.9,0
2017-08-18 18:00:00,194.1,27.2,0
2017-08-18 19:00:00,221.1,25.0,0
2017-08-18 20:00:00,258.3,22.2,0
2017-08-18 21:00:00,243.3,21.7,0
2017-08-18 22:00:00,279.4,21.7,0
2017-08-18 23:00:00,248.6,21.1,0
2017-08-19 00:00:00,243.0,18.9,0
2017-08-19 01:00:00,311.0,19.4,0
2017-08-19 02:00:00,191.8,20.0,0
2017-08-19 03:00:00,125.8,18.9,0
2017-08-19 04:00:00,263.4,18.9,0
2017-08-19 05:00:00,256.4,17.8,0
2017-08-19 06:00:00,243.0,18.9,0
2017-08-19 07:00:00,277.8,19.4,0
2017-08-19 08:00:00,311.0,20.6,0
2017-08-19 09:00:00,309.2,21.7,0
2017-08-19 10:00:00,206.1,22.8,0
2017-08-19 11:00:00,221.6,22.8,0
2017-08-19 12:00:00,229.0,23.3,0
2017-08-19 13:00:00,281.4,22.8,0
2017-08-19 14:00:00,207.7,23.9,0
2017-08-19 15:00:00,249.5,24.4,0
2017-08-19 16:00:00,253.7,21.1,0
2017-08-19 17:00:00,307.5,21.7,0
2017-08-19 18:00:00,301.1,20.0,0
2017-08-19 19:00:00,283.6,18.9,0
2017-08-19 20:00:00,288.9,17.2,0
2017-08-19 21:00:00,299.0,17.2,0
2017-08-19 22:00:00,273.0,17.8,0
2017-08-19 23:00:00,276.1,17.2,0
2017-08-20 00:00:00,301.4,16.7,0
2017-08-20 01:00:00,167.6,16.7,0
2017-08-20 02:00:00,286.2,16.7,0
2017-08-20 03:00:00,205.2,16.7,0
2017-08-20 04:00:00,254.3,16.7,0
2017-08-20 05:00:00,240.8,15.6,0
2017-08-20 06:00:00,269.7,15.0,0
2017-08-20 07:00:00,335.4,16.1,0
2017-08-20 08:00:00,435.3,17.8,0
2017-08-20 09:00:00,316.2,18.9,0
2017-08-20 10:00:00,319.2,21.1,0
2017-08-20 11:00:00,324.0,22.2,0
2017-08-20 12:00:00,326.6,23.3,0
2017-08-20 13:00:00,269.6,24.4,0
2017-08-20 14:00:00,216.1,25.0,0
2017-08-20 15:00:00,304.5,26.0,0
2017-08-20 16:00:00,217.7,25.6,0
2017-08-20 17:00:00,207.8,25.6,0
2017-08-20 18:00:00,272.6,24.4,0
2017-08-20 19:00:00,275.9,20.6,0
2017-08-20 20:00:00,246.7,17.8,0
2017-08-20 21:00:00,329.8,17.2,0
2017-08-20 22:00:00,253.0,17.2,0
2017-08-20 23:00:00,268.0,17.2,0
2017-08-21 00:00:00,280.8,16.7,0
2017-08-21 01:00:00,280.8,16.1,0
2017-08-21 02:00:00,251.5,15.6,0
2017-08-21 03:00:00,230.6,15.6,0
2017-08-21 04:00:00,298.8,15.6,0
2017-08-21 05:00:00,251.3,15.0,0
2017-08-21 06:00:00,292.8,15.6,0
2017-08-21 07:00:00,291.9,18.3,0
2017-08-21 08:00:00,352.0,21.7,0
2017-08-21 09:00:00,433.0,22.2,0
2017-08-21 10:00:00,318.4,22.8,0
2017-08-21 11:00:00,268.9,23.9,0
2017-08-21 12:00:00,237.3,26.1,0
2017-08-21 13:00:00,279.6,27.2,0
2017-08-21 14:00:00,202.8,26.1,0
2017-08-21 15:00:00,237.2,28.3,0
2017-08-21 16:00:00,240.3,27.2,0
2017-08-21 17:00:00,286.9,26.1,0
2017-08-21 18:00:00,243.0,24.4,0
2017-08-21 19:00:00,187.2,22.2,0
2017-08-21 20:00:00,311.6,20.6,0
2017-08-21 21:00:00,244.6,18.9,0
2017-08-21 22:00:00,303.4,20.0,0
2017-08-21 23:00:00,310.0,20.6,0
2017-08-22 00:00:00,292.8,19.4,0
2017-08-22 01:00:00,242.7,20.0,0
2017-08-22 02:00:00,261.8,18.3,0
2017-08-22 03:00:00,121.6,20.0,0
2017-08-22 04:00:00,221.9,21.1,0
2017-08-22 05:00:00,225.6,21.1,0
2017-08-22 06:00:00,265.0,21.1,0
2017-08-22 07:00:00,309.5,22.2,0
2017-08-22 08:00:00,390.2,24.4,0
2017-08-22 09:00:00,356.3,25.6,0
2017-08-22 10:00:00,245.4,26.7,0
2017-08-22 11:00:00,252.7,28.0,0
2017-08-22 12:00:00,220.6,29.4,0
2017-08-22 13:00:00,146.4,29.4,0
2017-08-22 14:00:00,286.3,28.9,0
2017-08-22 15:00:00,165.0,28.3,0
2017-08-22 16:00:00,243.8,26.1,0
2017-08-22 17:00:00,313.1,19.0,0
2017-08-22 18:00:00,304.5,19.4,0
2017-08-22 19:00:00,364.7,19.4,0
2017-08-22 20:00:00,352.4,20.0,0
2017-08-22 21:00:00,347.8,20.0,0
2017-08-22 22:00:00,341.9,20.6,0
2017-08-22 23:00:00,312.0,19.4,0
2017-08-23 00:00:00,326.1,18.3,0
2017-08-23 01:00:00,131.9,18.3,0
2017-08-23 02:00:00,196.4,16.1,0
2017-08-23 03:00:00,236.4,15.0,0
2017-08-23 04:00:00,230.7,13.9,0
2017-08-23 05:00:00,273.9,12.8,0
2017-08-23 06:00:00,367.8,11.7,0
2017-08-23 07:00:00,361.9,15.0,0
2017-08-23 08:00:00,425.3,16.7,0
2017-08-23 09:00:00,434.4,18.3,0
2017-08-23 10:00:00,396.8,19.0,0
2017-08-23 11:00:00,280.6,20.6,0
2017-08-23 12:00:00,250.2,21.7,0
2017-08-23 13:00:00,222.8,21.7,0
2017-08-23 14:00:00,248.5,21.7,0
2017-08-23 15:00:00,252.5,22.2,0
2017-08-23 16:00:00,292.9,22.2,0
2017-08-23 17:00:00,284.5,22.0,0
2017-08-23 18:00:00,389.3,21.1,0
2017-08-23 19:00:00,289.1,18.3,0
2017-08-23 20:00:00,198.8,16.1,0
2017-08-23 21:00:00,304.8,14.4,0
2017-08-23 22:00:00,368.7,14.4,0
2017-08-23 23:00:00,348.5,15.0,0
2017-08-24 00:00:00,338.0,15.0,0
2017-08-24 01:00:00,365.0,15.0,0
2017-08-24 02:00:00,206.0,13.3,0
2017-08-24 03:00:00,250.2,12.2,0
2017-08-24 04:00:00,242.8,11.1,0
2017-08-24 05:00:00,315.8,9.4,0
2017-08-24 06:00:00,537.5,10.0,0
2017-08-24 07:00:00,585.6,13.3,0
2017-08-24 08:00:00,532.3,15.0,0
2017-08-24 09:00:00,546.7,15.6,0
2017-08-24 10:00:00,295.5,16.1,0
2017-08-24 11:00:00,333.4,18.3,0
2017-08-24 12:00:00,223.7,19.4,0
2017-08-24 13:00:00,269.4,20.0,0
2017-08-24 14:00:00,290.2,20.6,0
2017-08-24 15:00:00,275.4,18.0,0
2017-08-24 16:00:00,423.9,17.8,0
2017-08-24 17:00:00,324.8,17.8,0
2017-08-24 18:00:00,383.2,16.7,0
2017-08-24 19:00:00,291.3,15.6,0
2017-08-24 20:00:00,317.7,13.9,0
2017-08-24 21:00:00,346.2,13.9,0
2017-08-24 22:00:00,340.5,12.8,0
2017-08-24 23:00:00,376.9,11.7,0
2017-08-25 00:00:00,413.7,11.1,0
2017-08-25 01:00:00,375.2,11.1,0
2017-08-25 02:00:00,438.8,11.1,0
2017-08-25 03:00:00,274.4,10.6,0
2017-08-25 04:00:00,486.8,9.4,0
2017-08-25 05:00:00,445.4,8.9,0
2017-08-25 06:00:00,627.1,8.9,0
2017-08-25 07:00:00,744.3,12.2,0
2017-08-25 08:00:00,623.6,14.4,0
2017-08-25 09:00:00,615.7,16.1,0
2017-08-25 10:00:00,410.2,17.8,0
2017-08-25 11:00:00,294.1,18.9,0
2017-08-25 12:00:00,272.3,18.3,0
2017-08-25 13:00:00,256.6,17.8,0
2017-08-25 14:00:00,325.0,19.4,0
2017-08-25 15:00:00,324.1,18.9,0
2017-08-25 16:00:00,295.8,18.9,0
2017-08-25 17:00:00,293.5,18.3,0
2017-08-25 18:00:00,347.4,16.7,0
2017-08-25 19:00:00,267.7,13.3,0
2017-08-25 20:00:00,270.6,11.1,0
2017-08-25 21:00:00,397.7,9.4,0
2017-08-25 22:00:00,626.4,8.3,0
2017-08-25 23:00:00,558.1,7.8,0
2017-08-26 00:00:00,795.4,8.3,0
2017-08-26 01:00:00,719.7,7.8,0
2017-08-26 02:00:00,657.8,7.2,0
2017-08-26 03:00:00,729.8,7.2,0
2017-08-26 04:00:00,819.8,6.7,0
2017-08-26 05:00:00,773.9,6.1,0
2017-08-26 06:00:00,797.7,6.7,0
2017-08-26 07:00:00,842.9,8.9,0
2017-08-26 08:00:00,819.2,12.8,0
2017-08-26 09:00:00,728.0,16.1,0
2017-08-26 10:00:00,532.6,17.8,0
2017-08-26 11:00:00,418.4,18.9,0
2017-08-26 12:00:00,344.4,18.9,0
2017-08-26 13:00:00,223.4,20.6,0
2017-08-26 14:00:00,289.0,20.0,0
2017-08-26 15:00:00,317.4,20.6,0
2017-08-26 16:00:00,358.3,21.1,0
2017-08-26 17:00:00,328.3,20.0,0
2017-08-26 18:00:00,309.6,18.3,0
2017-08-26 19:00:00,231.3,14.4,0
2017-08-26 20:00:00,263.2,13.9,0
2017-08-26 21:00:00,312.3,12.2,0
2017-08-26 22:00:00,427.9,11.7,0
2017-08-26 23:00:00,562.5,9.4,0
2017-08-27 00:00:00,570.1,9.4,0
2017-08-27 01:00:00,671.6,9.4,0
2017-08-27 02:00:00,628.9,8.9,0
2017-08-27 03:00:00,668.2,8.3,0
2017-08-27 04:00:00,670.9,7.8,0
2017-08-27 05:00:00,758.7,7.2,0
2017-08-27 06:00:00,896.8,7.2,0
2017-08-27 07:00:00,771.6,9.4,0
2017-08-27 08:00:00,786.3,12.2,0
2017-08-27 09:00:00,648.9,15.6,0
2017-08-27 10:00:00,532.9,18.9,0
2017-08-27 11:00:00,356.8,20.6,0
2017-08-27 12:00:00,245.6,21.1,0
2017-08-27 13:00:00,286.0,21.7,0
2017-08-27 14:00:00,265.8,22.8,0
2017-08-27 15:00:00,325.8,22.8,0
2017-08-27 16:00:00,386.3,22.8,0
2017-08-27 17:00:00,304.6,22.2,0
2017-08-27 18:00:00,250.1,18.3,0
2017-08-27 19:00:00,309.6,15.6,0
2017-08-27 20:00:00,292.9,13.3,0
2017-08-27 21:00:00,409.8,13.9,0
2017-08-27 22:00:00,525.7,13.3,0
2017-08-27 23:00:00,523.8,12.2,0
2017-08-28 00:00:00,553.1,12.8,0
2017-08-28 01:00:00,424.1,12.2,0
2017-08-28 02:00:00,491.0,11.7,0
2017-08-28 03:00:00,429.3,11.1,0
2017-08-28 04:00:00,442.3,10.0,0
2017-08-28 05:00:00,568.7,10.6,0
2017-08-28 06:00:00,813.4,10.6,0
2017-08-28 07:00:00,710.2,13.3,0
2017-08-28 08:00:00,728.4,16.1,0
2017-08-28 09:00:00,514.0,18.3,0
2017-08-28 10:00:00,335.1,18.9,0
2017-08-28 11:00:00,275.5,20.0,0
2017-08-28 12:00:00,261.1,20.6,0
2017-08-28 13:00:00,235.6,21.1,0
2017-08-28 14:00:00,320.8,21.1,0
2017-08-28 15:00:00,245.9,21.1,0
2017-08-28 16:00:00,344.5,21.1,0
2017-08-28 17:00:00,309.9,21.7,0
2017-08-28 18:00:00,292.0,19.4,0
2017-08-28 19:00:00,296.4,17.2,0
2017-08-28 20:00:00,257.5,15.6,0
2017-08-28 21:00:00,324.2,15.0,0
2017-08-28 22:00:00,406.7,14.4,0
2017-08-28 23:00:00,373.0,15.0,0
2017-08-29 00:00:00,380.7,13.9,0
2017-08-29 01:00:00,316.2,13.3,0
2017-08-29 02:00:00,333.1,12.2,0
2017-08-29 03:00:00,381.5,11.7,0
2017-08-29 04:00:00,446.6,11.7,0
2017-08-29 05:00:00,462.3,11.7,0
2017-08-29 06:00:00,566.3,11.7,0
2017-08-29 07:00:00,513.5,12.2,0
2017-08-29 08:00:00,550.7,14.4,0
2017-08-29 09:00:00,544.1,16.7,0
2017-08-29 10:00:00,419.5,16.7,0
2017-08-29 11:00:00,373.3,17.2,0
2017-08-29 12:00:00,338.9,17.8,0
2017-08-29 13:00:00,276.8,19.4,0
2017-08-29 14:00:00,218.4,20.0,0
2017-08-29 15:00:00,264.9,19.4,0
2017-08-29 16:00:00,294.4,19.4,0
2017-08-29 17:00:00,332.2,18.9,0
2017-08-29 18:00:00,317.3,17.8,0
2017-08-29 19:00:00,371.4,14.4,0
2017-08-29 20:00:00,405.8,13.3,0
2017-08-29 21:00:00,408.8,12.2,0
2017-08-29 22:00:00,474.4,11.1,0
2017-08-29 23:00:00,594.9,10.6,0
2017-08-30 00:00:00,545.1,11.1,0
2017-08-30 01:00:00,440.2,9.4,0
2017-08-30 02:00:00,364.0,8.3,0
2017-08-30 03:00:00,489.8,8.9,0
2017-08-30 04:00:00,570.8,8.9,0
2017-08-30 05:00:00,771.4,8.9,0
2017-08-30 06:00:00,807.5,8.9,0
2017-08-30 07:00:00,910.5,10.6,0
2017-08-30 08:00:00,876.0,14.4,0
2017-08-30 09:00:00,638.8,17.2,0
2017-08-30 10:00:00,418.4,18.3,0
2017-08-30 11:00:00,338.7,20.0,0
2017-08-30 12:00:00,223.6,21.1,0
2017-08-30 13:00:00,264.9,22.8,0
2017-08-30 14:00:00,215.1,22.8,0
2017-08-30 15:00:00,267.2,23.3,0
2017-08-30 16:00:00,277.7,22.2,0
2017-08-30 17:00:00,348.7,23.0,0
2017-08-30 18:00:00,337.2,20.6,0
2017-08-30 19:00:00,303.1,15.6,0
2017-08-30 20:00:00,330.0,13.9,0
2017-08-30 21:00:00,282.5,13.3,0
2017-08-30 22:00:00,365.6,12.8,0
2017-08-30 23:00:00,447.2,12.2,0
2017-08-31 00:00:00,454.8,11.7,0
2017-08-31 01:00:00,335.8,12.2,0
2017-08-31 02:00:00,274.0,12.2,0
2017-08-31 03:00:00,315.8,13.9,0
2017-08-31 04:00:00,172.6,16.1,0
2017-08-31 05:00:00,288.3,15.6,0
2017-08-31 06:00:00,334.3,16.1,0
2017-08-31 07:00:00,366.2,16.7,0
2017-08-31 08:00:00,411.3,15.0,0
2017-08-31 09:00:00,465.1,15.0,0
2017-08-31 10:00:00,502.1,16.0,0
2017-08-31 11:00:00,367.7,16.0,0
2017-08-31 12:00:00,342.4,16.7,0
2017-08-31 13:00:00,352.0,17.2,0
2017-08-31 14:00:00,331.0,17.8,0
2017-08-31 15:00:00,293.6,17.8,0
2017-08-31 16:00:00,276.5,18.3,0
2017-08-31 17:00:00,332.6,16.7,0
2017-08-31 18:00:00,386.7,15.6,0
2017-08-31 19:00:00,514.1,13.3,0
2017-08-31 20:00:00,473.0,11.7,0
2017-08-31 21:00:00,491.8,12.2,0
2017-08-31 22:00:00,411.2,11.1,0
2017-08-31 23:00:00,695.5,10.6,0
2017-09-01 00:00:00,691.4,7.2,0
2017-09-01 01:00:00,531.3,6.7,0
2017-09-01 02:00:00,728.8,6.1,0
2017-09-01 03:00:00,740.2,5.6,0
2017-09-01 04:00:00,823.6,5.0,0
2017-09-01 05:00:00,867.5,5.0,0
2017-09-01 06:00:00,940.2,5.6,0
2017-09-01 07:00:00,987.5,7.8,0
2017-09-01 08:00:00,959.2,9.4,0
2017-09-01 09:00:00,920.8,12.2,0
2017-09-01 10:00:00,691.0,12.8,0
2017-09-01 11:00:00,540.3,14.4,0
2017-09-01 12:00:00,442.4,14.4,0
2017-09-01 13:00:00,365.4,15.0,0
2017-09-01 14:00:00,407.0,15.6,0
2017-09-01 15:00:00,458.3,16.1,0
2017-09-01 16:00:00,417.6,15.0,0
2017-09-01 17:00:00,431.5,14.4,0
2017-09-01 18:00:00,422.0,12.8,0
2017-09-01 19:00:00,483.4,11.1,0
2017-09-01 20:00:00,763.6,7.8,0
2017-09-01 21:00:00,762.8,7.2,0
2017-09-01 22:00:00,1053.0,6.7,0
2017-09-01 23:00:00,968.0,6.7,0
2017-09-02 00:00:00,846.7,5.6,0
2017-09-02 01:00:00,849.5,5.0,0
2017-09-02 02:00:00,832.0,5.0,0
2017-09-02 03:00:00,990.5,4.4,0
2017-09-02 04:00:00,999.7,4.4,0
2017-09-02 05:00:00,956.2,4.4,0
2017-09-02 06:00:00,1049.1,4.4,0
2017-09-02 07:00:00,1054.9,5.6,0
2017-09-02 08:00:00,1061.0,9.4,0
2017-09-02 09:00:00,986.4,12.2,0
2017-09-02 10:00:00,753.2,14.4,0
2017-09-02 11:00:00,462.0,16.7,0
2017-09-02 12:00:00,396.3,18.3,0
2017-09-02 13:00:00,313.5,20.0,0
2017-09-02 14:00:00,365.1,18.3,0
2017-09-02 15:00:00,341.8,17.2,0
2017-09-02 16:00:00,401.6,16.7,0
2017-09-02 17:00:00,393.4,16.0,0
2017-09-02 18:00:00,393.0,15.6,0
2017-09-02 19:00:00,375.2,15.0,0
2017-09-02 20:00:00,385.6,15.0,0
2017-09-02 21:00:00,402.5,13.3,0
2017-09-02 22:00:00,453.3,12.8,0
2017-09-02 23:00:00,708.1,12.2,0
2017-09-03 00:00:00,537.5,11.7,0
2017-09-03 01:00:00,618.8,11.7,0
2017-09-03 02:00:00,637.3,11.7,0
2017-09-03 03:00:00,732.3,11.1,0
2017-09-03 04:00:00,566.6,11.7,0
2017-09-03 05:00:00,686.4,11.7,0
2017-09-03 06:00:00,642.3,12.2,0
2017-09-03 07:00:00,661.6,12.8,0
2017-09-03 08:00:00,554.9,12.8,0
2017-09-03 09:00:00,549.3,13.3,0
2017-09-03 10:00:00,578.9,13.9,0
2017-09-03 11:00:00,600.8,14.4,0
2017-09-03 12:00:00,497.5,15.0,0
2017-09-03 13:00:00,427.8,16.7,0
2017-09-03 14:00:00,365.9,17.8,0
2017-09-03 15:00:00,396.6,17.8,0
2017-09-03 16:00:00,331.8,14.4,0
2017-09-03 17:00:00,450.8,15.0,0
2017-09-03 18:00:00,455.4,15.0,0
2017-09-03 19:00:00,457.3,14.4,0
2017-09-03 20:00:00,458.5,15.0,0
2017-09-03 21:00:00,410.5,14.4,0
2017-09-03 22:00:00,432.1,13.9,0
2017-09-03 23:00:00,448.8,14.4,0
2017-09-04 00:00:00,461.3,13.9,0
2017-09-04 01:00:00,405.6,13.3,0
2017-09-04 02:00:00,341.1,13.3,0
2017-09-04 03:00:00,350.6,13.3,0
2017-09-04 04:00:00,349.5,12.2,0
2017-09-04 05:00:00,351.4,13.3,0
2017-09-04 06:00:00,485.6,13.9,0
2017-09-04 07:00:00,510.1,15.0,0
2017-09-04 08:00:00,512.9,17.2,0
2017-09-04 09:00:00,419.2,18.9,0
2017-09-04 10:00:00,315.1,21.1,0
2017-09-04 11:00:00,355.3,22.8,0
2017-09-04 12:00:00,300.0,23.3,0
2017-09-04 13:00:00,355.9,24.4,0
2017-09-04 14:00:00,277.2,24.4,0
2017-09-04 15:00:00,320.4,24.4,0
2017-09-04 16:00:00,315.0,25.0,0
2017-09-04 17:00:00,372.2,23.9,0
2017-09-04 18:00:00,301.2,22.8,0
2017-09-04 19:00:00,246.1,21.7,0
2017-09-04 20:00:00,273.8,20.6,0
2017-09-04 21:00:00,309.4,20.0,0
2017-09-04 22:00:00,428.7,20.0,0
2017-09-04 23:00:00,379.0,20.0,0
2017-09-05 00:00:00,317.5,20.0,0
2017-09-05 01:00:00,259.9,21.7,0
2017-09-05 02:00:00,222.4,18.9,0
2017-09-05 03:00:00,135.5,18.3,0
2017-09-05 04:00:00,290.4,17.8,0
2017-09-05 05:00:00,357.0,17.2,0
2017-09-05 06:00:00,281.7,17.2,0
2017-09-05 07:00:00,330.7,17.8,0
2017-09-05 08:00:00,403.3,16.1,0
2017-09-05 09:00:00,449.4,16.7,0
2017-09-05 10:00:00,429.1,17.2,0
2017-09-05 11:00:00,360.7,16.7,0
2017-09-05 12:00:00,408.8,16.1,0
2017-09-05 13:00:00,379.5,15.6,0
2017-09-05 14:00:00,384.4,15.0,0
2017-09-05 15:00:00,430.0,15.0,0
2017-09-05 16:00:00,423.6,15.0,0
2017-09-05 17:00:00,483.6,15.0,0
2017-09-05 18:00:00,403.7,15.0,0
2017-09-05 19:00:00,472.4,12.8,0
2017-09-05 20:00:00,428.2,13.0,0
2017-09-05 21:00:00,440.7,11.7,0
2017-09-05 22:00:00,530.9,11.1,0
2017-09-05 23:00:00,680.5,11.7,0
2017-09-06 00:00:00,512.8,11.7,0
2017-09-06 01:00:00,560.9,12.2,0
2017-09-06 02:00:00,385.4,12.2,0
2017-09-06 03:00:00,344.8,12.8,0
2017-09-06 04:00:00,328.2,12.2,0
2017-09-06 05:00:00,437.3,12.2,0
2017-09-06 06:00:00,399.0,12.8,0
2017-09-06 07:00:00,561.3,13.3,0
2017-09-06 08:00:00,572.1,13.9,0
2017-09-06 09:00:00,551.7,15.0,0
2017-09-06 10:00:00,527.7,15.6,0
2017-09-06 11:00:00,415.2,16.1,0
2017-09-06 12:00:00,355.8,17.2,0
2017-09-06 13:00:00,312.6,16.7,0
2017-09-06 14:00:00,341.2,17.2,0
2017-09-06 15:00:00,332.4,16.7,0
2017-09-06 16:00:00,400.1,16.7,0
2017-09-06 17:00:00,383.4,16.1,0
2017-09-06 18:00:00,448.6,15.0,0
2017-09-06 19:00:00,408.9,15.0,0
2017-09-06 20:00:00,441.5,14.4,0
2017-09-06 21:00:00,449.9,13.9,0
2017-09-06 22:00:00,407.2,13.9,0
2017-09-06 23:00:00,435.9,13.9,0
2017-09-07 00:00:00,426.4,13.9,0
2017-09-07 01:00:00,313.1,13.3,0
2017-09-07 02:00:00,388.9,12.8,0
2017-09-07 03:00:00,534.7,12.2,0
2017-09-07 04:00:00,431.6,11.7,0
2017-09-07 05:00:00,407.6,10.0,0
2017-09-07 06:00:00,532.4,10.0,0
2017-09-07 07:00:00,657.5,12.2,0
2017-09-07 08:00:00,619.9,13.9,0
2017-09-07 09:00:00,613.8,15.0,0
2017-09-07 10:00:00,415.0,15.6,0
2017-09-07 11:00:00,325.1,17.2,0
2017-09-07 12:00:00,338.6,17.8,0
2017-09-07 13:00:00,346.6,16.1,0
2017-09-07 14:00:00,310.9,13.3,0
2017-09-07 15:00:00,300.5,15.0,0
2017-09-07 16:00:00,456.3,17.2,0
2017-09-07 17:00:00,367.0,16.7,0
2017-09-07 18:00:00,440.2,13.9,0
2017-09-07 19:00:00,498.9,13.3,0
2017-09-07 20:00:00,483.4,12.8,0
2017-09-07 21:00:00,510.2,11.7,0
2017-09-07 22:00:00,593.2,10.0,0
2017-09-07 23:00:00,632.0,8.3,0
2017-09-08 00:00:00,645.0,10.0,0
2017-09-08 01:00:00,788.2,10.0,0
2017-09-08 02:00:00,597.1,8.9,0
2017-09-08 03:00:00,680.5,10.6,0
2017-09-08 04:00:00,606.8,10.0,0
2017-09-08 05:00:00,647.3,10.6,0
2017-09-08 06:00:00,721.7,11.0,0
2017-09-08 07:00:00,742.5,11.0,0
2017-09-08 08:00:00,717.8,12.0,0
2017-09-08 09:00:00,760.5,12.8,0
2017-09-08 10:00:00,575.2,13.9,0
2017-09-08 11:00:00,449.9,14.4,0
2017-09-08 12:00:00,378.1,16.1,0
2017-09-08 13:00:00,361.9,16.1,0
2017-09-08 14:00:00,403.9,15.0,0
2017-09-08 15:00:00,427.5,12.8,0
2017-09-08 16:00:00,558.5,15.0,0
2017-09-08 17:00:00,570.8,14.4,0
2017-09-08 18:00:00,436.0,11.7,0
2017-09-08 19:00:00,569.4,11.7,0
2017-09-08 20:00:00,711.1,9.4,0
2017-09-08 21:00:00,738.0,8.9,0
2017-09-08 22:00:00,988.1,7.8,0
2017-09-08 23:00:00,840.4,8.3,0
2017-09-09 00:00:00,749.8,9.2,0
2017-09-09 01:00:00,649.1,10.0,0
2017-09-09 02:00:00,749.2,10.6,0
2017-09-09 03:00:00,750.5,10.0,0
2017-09-09 04:00:00,809.2,9.4,0
2017-09-09 05:00:00,690.4,7.2,0
2017-09-09 06:00:00,804.6,7.8,0
2017-09-09 07:00:00,750.3,9.4,0
2017-09-09 08:00:00,727.7,11.1,0
2017-09-09 09:00:00,666.5,11.7,0
2017-09-09 10:00:00,705.7,12.8,0
2017-09-09 11:00:00,626.7,13.9,0
2017-09-09 12:00:00,556.8,13.3,0
2017-09-09 13:00:00,510.5,13.3,0
2017-09-09 14:00:00,487.7,13.9,0
2017-09-09 15:00:00,371.6,13.9,0
2017-09-09 16:00:00,422.5,13.9,0
2017-09-09 17:00:00,509.8,13.3,0
2017-09-09 18:00:00,456.1,12.8,0
2017-09-09 19:00:00,521.8,12.2,0
2017-09-09 20:00:00,503.2,11.1,0
2017-09-09 21:00:00,701.3,8.9,0
2017-09-09 22:00:00,771.4,8.9,0
2017-09-09 23:00:00,889.8,10.0,0
2017-09-10 00:00:00,778.5,8.3,0
2017-09-10 01:00:00,764.2,6.7,0
2017-09-10 02:00:00,784.9,5.6,0
2017-09-10 03:00:00,816.9,6.1,0
2017-09-10 04:00:00,832.2,5.6,0
2017-09-10 05:00:00,941.0,4.4,0
2017-09-10 06:00:00,964.8,4.4,0
2017-09-10 07:00:00,938.4,7.8,0
2017-09-10 08:00:00,929.3,9.4,0
2017-09-10 09:00:00,949.4,11.7,0
2017-09-10 10:00:00,871.2,14.4,0
2017-09-10 11:00:00,623.0,14.4,0
2017-09-10 12:00:00,496.2,16.7,0
2017-09-10 13:00:00,397.0,17.2,0
2017-09-10 14:00:00,368.1,17.2,0
2017-09-10 15:00:00,405.0,17.2,0
2017-09-10 16:00:00,442.4,16.7,0
2017-09-10 17:00:00,404.4,15.6,0
2017-09-10 18:00:00,351.8,13.9,0
2017-09-10 19:00:00,388.7,12.2,0
2017-09-10 20:00:00,450.1,11.0,0
2017-09-10 21:00:00,843.1,8.3,0
2017-09-10 22:00:00,1077.3,6.7,0
2017-09-10 23:00:00,985.9,6.4,0
2017-09-11 00:00:00,919.8,6.1,0
2017-09-11 01:00:00,826.4,5.6,0
2017-09-11 02:00:00,768.7,6.1,0
2017-09-11 03:00:00,846.3,5.6,0
2017-09-11 04:00:00,926.3,6.1,0
2017-09-11 05:00:00,964.3,5.2,0
2017-09-11 06:00:00,1009.8,4.4,0
2017-09-11 07:00:00,1088.6,6.7,0
2017-09-11 08:00:00,1222.5,10.6,0
2017-09-11 09:00:00,962.2,14.4,0
2017-09-11 10:00:00,605.6,17.2,0
2017-09-11 11:00:00,459.4,18.9,0
2017-09-11 12:00:00,386.5,20.0,0
2017-09-11 13:00:00,270.2,20.6,0
2017-09-11 14:00:00,272.4,21.7,0
2017-09-11 15:00:00,275.8,22.2,0
2017-09-11 16:00:00,346.8,21.1,0
2017-09-11 17:00:00,319.3,20.0,0
2017-09-11 18:00:00,395.4,17.8,0
2017-09-11 19:00:00,374.8,13.3,0
2017-09-11 20:00:00,341.0,11.7,0
2017-09-11 21:00:00,425.8,10.0,0
2017-09-11 22:00:00,506.3,11.1,0
2017-09-11 23:00:00,520.7,10.6,1
2017-09-12 00:00:00,535.0,10.6,1
2017-09-12 01:00:00,549.3,10.6,1
2017-09-12 02:00:00,563.6,10.0,1
2017-09-12 03:00:00,577.9,10.0,0
2017-09-12 04:00:00,570.7,8.9,0
2017-09-12 05:00:00,611.4,8.9,0
2017-09-12 06:00:00,798.4,8.3,0
2017-09-12 07:00:00,959.7,10.0,0
2017-09-12 08:00:00,981.1,12.2,0
2017-09-12 09:00:00,770.9,16.7,0
2017-09-12 10:00:00,547.3,20.0,0
2017-09-12 11:00:00,349.9,21.7,0
2017-09-12 12:00:00,213.5,22.8,0
2017-09-12 13:00:00,306.1,23.9,0
2017-09-12 14:00:00,236.6,23.9,0
2017-09-12 15:00:00,288.7,24.4,0
2017-09-12 16:00:00,361.6,24.4,0
2017-09-12 17:00:00,354.9,23.9,0
2017-09-12 18:00:00,292.1,18.3,0
2017-09-12 19:00:00,322.0,15.0,0
2017-09-12 20:00:00,380.9,13.9,0
2017-09-12 21:00:00,305.8,14.4,0
2017-09-12 22:00:00,438.7,13.9,0
2017-09-12 23:00:00,474.4,12.8,0
2017-09-13 00:00:00,496.3,12.2,0
2017-09-13 01:00:00,537.5,11.7,0
2017-09-13 02:00:00,554.2,11.7,0
2017-09-13 03:00:00,509.2,11.1,0
2017-09-13 04:00:00,529.7,10.6,0
2017-09-13 05:00:00,667.6,10.6,0
2017-09-13 06:00:00,793.1,10.0,0
2017-09-13 07:00:00,743.1,12.2,0
2017-09-13 08:00:00,757.6,14.4,0
2017-09-13 09:00:00,562.2,18.3,0
2017-09-13 10:00:00,452.0,18.9,0
2017-09-13 11:00:00,321.4,21.1,0
2017-09-13 12:00:00,226.7,22.8,0
2017-09-13 13:00:00,311.4,24.4,0
2017-09-13 14:00:00,249.1,25.0,0
2017-09-13 15:00:00,247.0,25.0,0
2017-09-13 16:00:00,295.4,24.4,0
2017-09-13 17:00:00,389.6,21.7,0
2017-09-13 18:00:00,377.3,20.0,0
2017-09-13 19:00:00,325.6,20.0,0
2017-09-13 20:00:00,302.6,18.9,0
2017-09-13 21:00:00,349.0,18.9,0
2017-09-13 22:00:00,347.3,18.3,0
2017-09-13 23:00:00,382.1,18.3,0
2017-09-14 00:00:00,224.5,18.3,0
2017-09-14 01:00:00,333.0,18.3,0
2017-09-14 02:00:00,156.7,18.3,0
2017-09-14 03:00:00,252.4,18.3,0
2017-09-14 04:00:00,259.2,17.8,0
2017-09-14 05:00:00,290.7,17.2,0
2017-09-14 06:00:00,263.6,17.2,0
2017-09-14 07:00:00,317.2,18.3,0
2017-09-14 08:00:00,379.6,18.9,0
2017-09-14 09:00:00,365.5,19.4,0
2017-09-14 10:00:00,379.3,18.9,0
2017-09-14 11:00:00,392.5,18.9,0
2017-09-14 12:00:00,306.7,18.9,0
2017-09-14 13:00:00,364.2,18.9,0
2017-09-14 14:00:00,265.3,20.0,0
2017-09-14 15:00:00,262.2,20.6,0
2017-09-14 16:00:00,333.0,20.6,0
2017-09-14 17:00:00,275.4,20.6,0
2017-09-14 18:00:00,279.6,19.4,0
2017-09-14 19:00:00,406.2,17.8,0
2017-09-14 20:00:00,414.7,17.8,0
2017-09-14 21:00:00,461.2,16.7,0
2017-09-14 22:00:00,355.7,16.7,0
2017-09-14 23:00:00,382.6,16.1,0
2017-09-15 00:00:00,221.1,15.0,0
2017-09-15 01:00:00,348.9,14.4,0
2017-09-15 02:00:00,179.2,13.9,0
2017-09-15 03:00:00,283.1,13.9,0
2017-09-15 04:00:00,305.4,15.0,0
2017-09-15 05:00:00,292.7,13.9,0
2017-09-15 06:00:00,293.6,12.2,0
2017-09-15 07:00:00,379.8,15.0,0
2017-09-15 08:00:00,437.8,18.3,0
2017-09-15 09:00:00,421.1,20.0,0
2017-09-15 10:00:00,401.4,21.1,0
2017-09-15 11:00:00,271.2,22.2,0
2017-09-15 12:00:00,304.0,23.3,0
2017-09-15 13:00:00,249.8,23.9,0
2017-09-15 14:00:00,287.6,24.4,0
2017-09-15 15:00:00,330.3,25.0,0
2017-09-15 16:00:00,342.6,24.4,0
2017-09-15 17:00:00,425.5,23.3,0
2017-09-15 18:00:00,303.0,21.1,0
2017-09-15 19:00:00,333.2,17.8,0
2017-09-15 20:00:00,280.8,15.6,0
2017-09-15 21:00:00,348.8,15.0,0
2017-09-15 22:00:00,379.0,14.4,0
2017-09-15 23:00:00,396.4,13.9,0
2017-09-16 00:00:00,278.4,15.6,0
2017-09-16 01:00:00,256.1,15.0,0
2017-09-16 02:00:00,267.3,13.9,0
2017-09-16 03:00:00,203.4,14.4,0
2017-09-16 04:00:00,319.1,14.4,0
2017-09-16 05:00:00,317.1,13.9,0
2017-09-16 06:00:00,295.0,12.8,0
2017-09-16 07:00:00,379.6,13.9,0
2017-09-16 08:00:00,435.0,16.0,0
2017-09-16 09:00:00,352.9,18.9,0
2017-09-16 10:00:00,326.8,21.1,0
2017-09-16 11:00:00,364.0,22.2,0
2017-09-16 12:00:00,318.3,23.9,0
2017-09-16 13:00:00,289.2,25.6,0
2017-09-16 14:00:00,305.6,25.6,0
2017-09-16 15:00:00,291.6,25.6,0
2017-09-16 16:00:00,281.6,25.0,0
2017-09-16 17:00:00,328.4,23.3,0
2017-09-16 18:00:00,316.8,21.1,0
2017-09-16 19:00:00,266.7,18.3,0
2017-09-16 20:00:00,303.6,17.2,0
2017-09-16 21:00:00,298.0,16.7,0
2017-09-16 22:00:00,351.2,16.1,0
2017-09-16 23:00:00,379.2,17.2,0
2017-09-17 00:00:00,319.5,16.7,0
2017-09-17 01:00:00,198.8,15.6,0
2017-09-17 02:00:00,317.7,15.6,0
2017-09-17 03:00:00,145.0,15.6,0
2017-09-17 04:00:00,242.4,15.6,0
2017-09-17 05:00:00,280.9,15.6,0
2017-09-17 06:00:00,318.4,14.4,0
2017-09-17 07:00:00,365.8,16.1,0
2017-09-17 08:00:00,340.7,18.3,0
2017-09-17 09:00:00,333.8,21.7,0
2017-09-17 10:00:00,345.8,23.3,0
2017-09-17 11:00:00,305.2,26.1,0
2017-09-17 12:00:00,242.4,26.7,0
2017-09-17 13:00:00,297.0,27.8,0
2017-09-17 14:00:00,239.8,28.3,0
2017-09-17 15:00:00,320.4,28.9,0
2017-09-17 16:00:00,306.3,27.8,0
2017-09-17 17:00:00,281.7,26.1,0
2017-09-17 18:00:00,293.7,22.8,0
2017-09-17 19:00:00,187.7,20.6,0
2017-09-17 20:00:00,297.0,20.0,0
2017-09-17 21:00:00,281.6,19.4,0
2017-09-17 22:00:00,344.6,18.3,0
2017-09-17 23:00:00,374.5,17.8,0
2017-09-18 00:00:00,342.7,17.8,0
2017-09-18 01:00:00,190.1,16.1,0
2017-09-18 02:00:00,264.1,16.1,0
2017-09-18 03:00:00,224.1,16.1,0
2017-09-18 04:00:00,220.0,16.1,0
2017-09-18 05:00:00,283.2,16.1,0
2017-09-18 06:00:00,262.6,16.1,0
2017-09-18 07:00:00,415.9,17.2,0
2017-09-18 08:00:00,412.3,20.0,0
2017-09-18 09:00:00,384.8,22.2,0
2017-09-18 10:00:00,354.6,24.4,0
2017-09-18 11:00:00,265.8,25.6,0
2017-09-18 12:00:00,266.0,27.2,0
2017-09-18 13:00:00,207.7,27.8,0
2017-09-18 14:00:00,246.2,27.8,0
2017-09-18 15:00:00,252.2,28.3,0
2017-09-18 16:00:00,327.2,27.2,0
2017-09-18 17:00:00,324.6,27.2,0
2017-09-18 18:00:00,269.4,21.1,0
2017-09-18 19:00:00,361.2,19.4,0
2017-09-18 20:00:00,228.9,18.3,0
2017-09-18 21:00:00,290.4,18.9,0
2017-09-18 22:00:00,347.6,19.4,0
2017-09-18 23:00:00,399.4,19.4,0
2017-09-19 00:00:00,303.5,19.4,0
2017-09-19 01:00:00,299.3,18.9,0
2017-09-19 02:00:00,156.7,17.2,0
2017-09-19 03:00:00,310.5,17.2,0
2017-09-19 04:00:00,150.0,17.8,0
2017-09-19 05:00:00,275.3,15.0,0
2017-09-19 06:00:00,224.7,16.1,0
2017-09-19 07:00:00,334.3,17.2,0
2017-09-19 08:00:00,413.6,18.9,0
2017-09-19 09:00:00,440.9,20.0,0
2017-09-19 10:00:00,425.4,21.7,0
2017-09-19 11:00:00,232.2,22.2,0
2017-09-19 12:00:00,282.8,24.4,0
2017-09-19 13:00:00,141.2,25.6,0
2017-09-19 14:00:00,296.9,27.2,0
2017-09-19 15:00:00,262.3,26.7,0
2017-09-19 16:00:00,301.7,25.0,0
2017-09-19 17:00:00,301.9,24.4,0
2017-09-19 18:00:00,244.2,21.7,0
2017-09-19 19:00:00,279.6,18.3,0
2017-09-19 20:00:00,310.1,17.2,0
2017-09-19 21:00:00,332.2,17.8,0
2017-09-19 22:00:00,349.7,17.8,0
2017-09-19 23:00:00,440.1,16.7,0
2017-09-20 00:00:00,318.8,16.1,0
2017-09-20 01:00:00,253.0,15.0,0
2017-09-20 02:00:00,249.3,13.3,0
2017-09-20 03:00:00,207.4,13.3,0
2017-09-20 04:00:00,196.4,12.8,0
2017-09-20 05:00:00,298.9,12.2,0
2017-09-20 06:00:00,395.0,11.7,0
2017-09-20 07:00:00,476.9,13.9,0
2017-09-20 08:00:00,571.0,16.7,0
2017-09-20 09:00:00,433.7,20.6,0
2017-09-20 10:00:00,388.2,21.7,0
2017-09-20 11:00:00,312.1,22.8,0
2017-09-20 12:00:00,185.4,23.3,0
2017-09-20 13:00:00,223.2,23.9,0
2017-09-20 14:00:00,260.8,25.6,0
2017-09-20 15:00:00,178.0,25.6,0
2017-09-20 16:00:00,300.7,25.0,0
2017-09-20 17:00:00,316.0,23.9,0
2017-09-20 18:00:00,289.7,20.6,0
2017-09-20 19:00:00,292.2,18.3,0
2017-09-20 20:00:00,259.8,17.8,0
2017-09-20 21:00:00,320.7,15.6,0
2017-09-20 22:00:00,329.3,15.0,0
2017-09-20 23:00:00,392.7,14.4,0
2017-09-21 00:00:00,339.8,14.0,0
2017-09-21 01:00:00,238.0,16.7,0
2017-09-21 02:00:00,300.1,17.2,0
2017-09-21 03:00:00,128.0,17.2,0
2017-09-21 04:00:00,242.1,17.2,0
2017-09-21 05:00:00,142.4,17.2,0
2017-09-21 06:00:00,295.2,17.2,0
2017-09-21 07:00:00,319.1,17.2,0
2017-09-21 08:00:00,456.7,17.8,0
2017-09-21 09:00:00,467.9,18.3,0
2017-09-21 10:00:00,407.5,18.9,0
2017-09-21 11:00:00,296.1,19.4,0
2017-09-21 12:00:00,188.1,20.0,0
2017-09-21 13:00:00,306.3,22.8,0
2017-09-21 14:00:00,224.9,24.4,0
2017-09-21 15:00:00,272.1,24.4,0
2017-09-21 16:00:00,262.8,23.9,0
2017-09-21 17:00:00,278.6,22.8,0
2017-09-21 18:00:00,285.5,21.7,0
2017-09-21 19:00:00,275.7,20.0,0
2017-09-21 20:00:00,282.9,18.3,0
2017-09-21 21:00:00,304.3,15.6,0
2017-09-21 22:00:00,346.4,15.0,0
2017-09-21 23:00:00,305.7,13.9,0
2017-09-22 00:00:00,361.5,13.9,0
2017-09-22 01:00:00,287.4,15.0,0
2017-09-22 02:00:00,248.9,16.1,0
2017-09-22 03:00:00,279.8,16.1,0
2017-09-22 04:00:00,219.2,15.6,0
2017-09-22 05:00:00,290.4,15.0,0
2017-09-22 06:00:00,249.5,14.4,0
2017-09-22 07:00:00,289.5,15.0,0
2017-09-22 08:00:00,484.5,15.6,0
2017-09-22 09:00:00,524.5,16.1,0
2017-09-22 10:00:00,406.2,16.7,0
2017-09-22 11:00:00,381.5,17.2,0
2017-09-22 12:00:00,295.9,20.6,0
2017-09-22 13:00:00,262.9,21.1,0
2017-09-22 14:00:00,348.4,22.8,0
2017-09-22 15:00:00,200.8,22.8,0
2017-09-22 16:00:00,333.7,23.9,0
2017-09-22 17:00:00,318.5,22.8,0
2017-09-22 18:00:00,283.5,18.9,0
2017-09-22 19:00:00,360.4,15.6,0
2017-09-22 20:00:00,336.3,13.9,0
2017-09-22 21:00:00,319.1,13.3,0
2017-09-22 22:00:00,343.3,12.2,0
2017-09-22 23:00:00,391.3,12.2,0
2017-09-23 00:00:00,359.2,11.7,0
2017-09-23 01:00:00,299.1,11.7,0
2017-09-23 02:00:00,325.3,10.6,0
2017-09-23 03:00:00,443.9,11.1,0
2017-09-23 04:00:00,515.4,11.1,0
2017-09-23 05:00:00,512.1,10.6,0
2017-09-23 06:00:00,616.6,11.1,0
2017-09-23 07:00:00,505.6,12.8,0
2017-09-23 08:00:00,490.5,16.7,0
2017-09-23 09:00:00,384.5,20.0,0
2017-09-23 10:00:00,325.3,22.2,0
2017-09-23 11:00:00,353.1,23.9,0
2017-09-23 12:00:00,345.9,25.0,0
2017-09-23 13:00:00,288.1,26.7,0
2017-09-23 14:00:00,286.0,26.7,0
2017-09-23 15:00:00,232.2,27.8,0
2017-09-23 16:00:00,312.9,27.2,0
2017-09-23 17:00:00,281.1,26.1,0
2017-09-23 18:00:00,234.2,21.7,0
2017-09-23 19:00:00,305.7,18.3,0
2017-09-23 20:00:00,340.5,17.0,0
2017-09-23 21:00:00,326.6,16.7,0
2017-09-23 22:00:00,356.4,17.8,0
2017-09-23 23:00:00,335.7,17.8,0
2017-09-24 00:00:00,343.1,17.2,0
2017-09-24 01:00:00,281.7,17.2,0
2017-09-24 02:00:00,216.6,16.7,0
2017-09-24 03:00:00,227.7,16.1,0
2017-09-24 04:00:00,231.3,16.1,0
2017-09-24 05:00:00,248.5,15.0,0
2017-09-24 06:00:00,280.7,14.0,0
2017-09-24 07:00:00,321.3,16.1,0
2017-09-24 08:00:00,317.9,20.6,0
2017-09-24 09:00:00,390.3,23.9,0
2017-09-24 10:00:00,360.9,25.6,0
2017-09-24 11:00:00,292.5,26.7,0
2017-09-24 12:00:00,235.7,27.8,0
2017-09-24 13:00:00,357.1,29.0,0
2017-09-24 14:00:00,198.3,30.0,0
2017-09-24 15:00:00,313.0,28.9,0
2017-09-24 16:00:00,157.2,28.3,0
2017-09-24 17:00:00,317.7,27.8,0
2017-09-24 18:00:00,226.2,25.0,0
2017-09-24 19:00:00,283.2,23.3,0
2017-09-24 20:00:00,281.9,21.7,0
2017-09-24 21:00:00,313.4,18.9,0
2017-09-24 22:00:00,324.6,18.9,0
2017-09-24 23:00:00,277.7,18.6,0
2017-09-25 00:00:00,274.9,18.3,0
2017-09-25 01:00:00,306.1,18.3,0
2017-09-25 02:00:00,237.3,16.7,0
2017-09-25 03:00:00,292.5,16.7,0
2017-09-25 04:00:00,285.1,16.7,0
2017-09-25 05:00:00,191.7,16.7,0
2017-09-25 06:00:00,291.0,16.7,0
2017-09-25 07:00:00,228.5,17.8,0
2017-09-25 08:00:00,441.3,20.0,0
2017-09-25 09:00:00,438.9,23.3,0
2017-09-25 10:00:00,373.7,26.7,0
2017-09-25 11:00:00,247.4,28.3,0
2017-09-25 12:00:00,181.6,30.6,0
2017-09-25 13:00:00,303.6,31.1,0
2017-09-25 14:00:00,143.1,31.1,0
2017-09-25 15:00:00,282.5,32.2,0
2017-09-25 16:00:00,229.4,31.7,0
2017-09-25 17:00:00,217.2,28.3,0
2017-09-25 18:00:00,377.4,25.6,0
2017-09-25 19:00:00,293.7,22.2,0
2017-09-25 20:00:00,230.6,20.0,0
2017-09-25 21:00:00,286.9,20.0,0
2017-09-25 22:00:00,271.7,20.0,0
2017-09-25 23:00:00,325.0,19.4,0
2017-09-26 00:00:00,269.6,19.4,0
2017-09-26 01:00:00,301.1,18.9,0
2017-09-26 02:00:00,207.0,18.3,0
2017-09-26 03:00:00,200.9,18.3,0
2017-09-26 04:00:00,121.5,17.8,0
2017-09-26 05:00:00,254.8,17.8,0
2017-09-26 06:00:00,236.9,17.8,0
2017-09-26 07:00:00,299.9,17.8,0
2017-09-26 08:00:00,385.9,21.7,0
2017-09-26 09:00:00,426.6,24.4,0
2017-09-26 10:00:00,379.2,27.2,0
2017-09-26 11:00:00,179.5,29.4,0
2017-09-26 12:00:00,286.4,30.6,0
2017-09-26 13:00:00,121.2,29.4,0
2017-09-26 14:00:00,204.0,32.0,0
2017-09-26 15:00:00,224.5,31.1,0
2017-09-26 16:00:00,295.9,30.6,0
2017-09-26 17:00:00,200.1,29.4,0
2017-09-26 18:00:00,211.2,24.4,0
2017-09-26 19:00:00,361.9,22.2,0
2017-09-26 20:00:00,327.1,22.2,0
2017-09-26 21:00:00,221.7,21.1,0
2017-09-26 22:00:00,345.2,21.1,0
2017-09-26 23:00:00,298.9,20.6,0
2017-09-27 00:00:00,281.7,19.4,0
2017-09-27 01:00:00,256.1,18.9,0
2017-09-27 02:00:00,187.8,18.3,0
2017-09-27 03:00:00,221.7,18.3,0
2017-09-27 04:00:00,118.0,17.8,0
2017-09-27 05:00:00,275.7,17.8,0
2017-09-27 06:00:00,216.7,17.2,0
2017-09-27 07:00:00,281.8,18.9,0
2017-09-27 08:00:00,407.3,22.2,0
2017-09-27 09:00:00,358.8,25.6,0
2017-09-27 10:00:00,341.9,27.8,0
2017-09-27 11:00:00,188.5,28.9,0
2017-09-27 12:00:00,146.3,30.6,0
2017-09-27 13:00:00,323.8,30.6,0
2017-09-27 14:00:00,136.8,31.1,0
2017-09-27 15:00:00,239.7,31.1,0
2017-09-27 16:00:00,259.2,30.6,0
2017-09-27 17:00:00,300.9,27.8,0
2017-09-27 18:00:00,300.5,24.4,0
2017-09-27 19:00:00,285.9,22.8,0
2017-09-27 20:00:00,225.6,22.2,0
2017-09-27 21:00:00,211.3,21.1,0
2017-09-27 22:00:00,371.1,19.4,0
2017-09-27 23:00:00,355.7,18.3,0
2017-09-28 00:00:00,299.5,17.2,0
2017-09-28 01:00:00,237.0,16.1,0
2017-09-28 02:00:00,240.2,16.1,0
2017-09-28 03:00:00,159.6,14.4,0
2017-09-28 04:00:00,207.6,14.4,0
2017-09-28 05:00:00,235.5,14.4,0
2017-09-28 06:00:00,269.5,14.4,0
2017-09-28 07:00:00,349.2,13.9,0
2017-09-28 08:00:00,434.7,14.4,0
2017-09-28 09:00:00,539.6,14.4,0
2017-09-28 10:00:00,394.1,15.0,0
2017-09-28 11:00:00,386.3,14.4,0
2017-09-28 12:00:00,354.8,14.4,0
2017-09-28 13:00:00,363.8,14.4,1
2017-09-28 14:00:00,372.7,13.9,1
2017-09-28 15:00:00,381.7,14.4,1
2017-09-28 16:00:00,390.7,13.9,1
2017-09-28 17:00:00,399.6,12.8,0
2017-09-28 18:00:00,409.0,11.7,0
2017-09-28 19:00:00,515.7,11.7,0
2017-09-28 20:00:00,606.1,11.1,0
2017-09-28 21:00:00,556.1,8.9,0
2017-09-28 22:00:00,545.3,6.7,0
2017-09-28 23:00:00,538.7,7.2,0
2017-09-29 00:00:00,699.9,6.1,0
2017-09-29 01:00:00,718.2,5.6,0
2017-09-29 02:00:00,670.7,7.2,0
2017-09-29 03:00:00,600.9,7.2,0
2017-09-29 04:00:00,514.4,5.6,0
2017-09-29 05:00:00,676.5,6.0,0
2017-09-29 06:00:00,707.2,7.2,0
2017-09-29 07:00:00,881.6,8.3,0
2017-09-29 08:00:00,934.2,10.0,0
2017-09-29 09:00:00,868.2,10.6,0
2017-09-29 10:00:00,691.9,12.2,0
2017-09-29 11:00:00,538.0,14.4,0
2017-09-29 12:00:00,415.6,15.0,0
2017-09-29 13:00:00,364.5,16.7,0
2017-09-29 14:00:00,381.9,16.1,0
2017-09-29 15:00:00,366.1,16.1,0
2017-09-29 16:00:00,455.6,15.6,0
2017-09-29 17:00:00,419.0,13.9,0
2017-09-29 18:00:00,405.7,12.2,0
2017-09-29 19:00:00,751.1,11.7,0
2017-09-29 20:00:00,789.0,11.7,0
2017-09-29 21:00:00,679.5,11.1,0
2017-09-29 22:00:00,686.9,12.2,0
2017-09-29 23:00:00,626.7,11.7,0
2017-09-30 00:00:00,480.2,11.7,0
2017-09-30 01:00:00,562.1,10.0,0
2017-09-30 02:00:00,609.0,10.0,0
2017-09-30 03:00:00,680.3,9.4,0
2017-09-30 04:00:00,739.3,8.9,0
2017-09-30 05:00:00,829.8,8.3,0
2017-09-30 06:00:00,826.4,8.0,0
2017-09-30 07:00:00,882.8,8.3,0
2017-09-30 08:00:00,910.5,8.3,0
2017-09-30 09:00:00,937.1,9.4,0
2017-09-30 10:00:00,960.5,10.6,0
2017-09-30 11:00:00,870.2,12.8,0
2017-09-30 12:00:00,818.0,11.7,0
2017-09-30 13:00:00,766.0,11.7,0
2017-09-30 14:00:00,720.9,11.1,0
2017-09-30 15:00:00,803.0,11.1,0
2017-09-30 16:00:00,841.9,11.1,0
2017-09-30 17:00:00,800.1,11.7,0
2017-09-30 18:00:00,739.9,8.3,0
2017-09-30 19:00:00,850.3,5.6,0
2017-09-30 20:00:00,903.7,7.8,0
2017-09-30 21:00:00,939.3,6.7,0
2017-09-30 22:00:00,1061.9,3.9,0
2017-09-30 23:00:00,1096.7,2.2,0
2017-10-01 00:00:00,1025.8,1.7,0
2017-10-01 01:00:00,957.0,2.8,0
2017-10-01 02:00:00,950.7,2.2,0
2017-10-01 03:00:00,1116.2,2.2,0
2017-10-01 04:00:00,1220.9,2.2,0
2017-10-01 05:00:00,1175.1,1.7,0
2017-10-01 06:00:00,1329.9,1.1,0
2017-10-01 07:00:00,1252.8,2.2,0
2017-10-01 08:00:00,1287.1,6.1,0
2017-10-01 09:00:00,1299.9,9.4,0
2017-10-01 10:00:00,1047.5,11.7,0
2017-10-01 11:00:00,784.8,12.8,0
2017-10-01 12:00:00,597.9,14.4,0
2017-10-01 13:00:00,567.6,15.0,0
2017-10-01 14:00:00,594.8,15.6,0
2017-10-01 15:00:00,539.8,16.1,0
2017-10-01 16:00:00,450.2,16.7,0
2017-10-01 17:00:00,402.2,15.0,0
2017-10-01 18:00:00,363.1,10.6,0
2017-10-01 19:00:00,428.4,7.2,0
2017-10-01 20:00:00,937.9,6.7,0
2017-10-01 21:00:00,1047.4,6.1,0
2017-10-01 22:00:00,1092.4,6.7,0
2017-10-01 23:00:00,1094.9,4.4,0
2017-10-02 00:00:00,1024.4,5.6,0
2017-10-02 01:00:00,915.4,5.0,0
2017-10-02 02:00:00,993.4,5.0,0
2017-10-02 03:00:00,1082.7,4.4,0
2017-10-02 04:00:00,1075.6,4.4,0
2017-10-02 05:00:00,1065.9,3.9,0
2017-10-02 06:00:00,1134.5,3.3,0
2017-10-02 07:00:00,1328.5,4.4,0
2017-10-02 08:00:00,1485.5,7.2,0
2017-10-02 09:00:00,1345.5,11.1,0
2017-10-02 10:00:00,988.1,14.4,0
2017-10-02 11:00:00,637.0,16.7,0
2017-10-02 12:00:00,396.1,17.8,0
2017-10-02 13:00:00,324.5,18.9,0
2017-10-02 14:00:00,387.9,20.6,0
2017-10-02 15:00:00,325.5,20.6,0
2017-10-02 16:00:00,323.5,21.7,0
2017-10-02 17:00:00,371.6,20.6,0
2017-10-02 18:00:00,397.6,12.8,0
2017-10-02 19:00:00,402.6,10.6,0
2017-10-02 20:00:00,540.9,8.9,0
2017-10-02 21:00:00,1021.9,9.4,0
2017-10-02 22:00:00,1059.1,8.9,0
2017-10-02 23:00:00,1001.9,7.8,0
2017-10-03 00:00:00,913.3,7.8,0
2017-10-03 01:00:00,816.2,7.8,0
2017-10-03 02:00:00,833.5,7.2,0
2017-10-03 03:00:00,777.2,5.6,0
2017-10-03 04:00:00,875.6,7.2,0
2017-10-03 05:00:00,926.3,5.6,0
2017-10-03 06:00:00,925.6,7.2,0
2017-10-03 07:00:00,940.8,9.4,0
2017-10-03 08:00:00,1095.7,13.3,0
2017-10-03 09:00:00,874.7,15.0,0
2017-10-03 10:00:00,681.3,17.2,0
2017-10-03 11:00:00,364.6,18.9,0
2017-10-03 12:00:00,317.9,20.6,0
2017-10-03 13:00:00,254.7,21.7,0
2017-10-03 14:00:00,332.2,22.8,0
2017-10-03 15:00:00,299.3,23.3,0
2017-10-03 16:00:00,373.4,22.2,0
2017-10-03 17:00:00,368.2,21.1,0
2017-10-03 18:00:00,324.9,18.3,0
2017-10-03 19:00:00,457.0,17.2,0
2017-10-03 20:00:00,344.1,14.4,0
2017-10-03 21:00:00,368.5,12.8,0
2017-10-03 22:00:00,434.8,12.8,0
2017-10-03 23:00:00,501.1,13.3,0
2017-10-04 00:00:00,458.8,12.8,0
2017-10-04 01:00:00,352.5,12.2,0
2017-10-04 02:00:00,391.4,12.2,0
2017-10-04 03:00:00,304.2,12.2,0
2017-10-04 04:00:00,294.2,11.7,0
2017-10-04 05:00:00,535.8,11.1,0
2017-10-04 06:00:00,468.6,11.1,0
2017-10-04 07:00:00,625.6,12.8,0
2017-10-04 08:00:00,680.5,15.6,0
2017-10-04 09:00:00,537.1,17.8,0
2017-10-04 10:00:00,415.5,21.0,0
2017-10-04 11:00:00,335.2,23.9,0
2017-10-04 12:00:00,204.1,25.6,0
2017-10-04 13:00:00,322.6,27.2,0
2017-10-04 14:00:00,219.7,27.8,0
2017-10-04 15:00:00,294.2,27.2,0
2017-10-04 16:00:00,311.8,27.8,0
2017-10-04 17:00:00,302.8,26.1,0
2017-10-04 18:00:00,382.8,25.0,0
2017-10-04 19:00:00,356.7,24.4,0
2017-10-04 20:00:00,298.6,23.9,0
2017-10-04 21:00:00,316.9,23.3,0
2017-10-04 22:00:00,349.0,21.7,0
2017-10-04 23:00:00,350.1,19.4,0
2017-10-05 00:00:00,349.0,16.1,0
2017-10-05 01:00:00,286.5,15.6,0
2017-10-05 02:00:00,204.8,15.6,0
2017-10-05 03:00:00,264.7,15.6,0
2017-10-05 04:00:00,302.3,15.0,0
2017-10-05 05:00:00,261.3,15.0,0
2017-10-05 06:00:00,347.2,15.0,0
2017-10-05 07:00:00,329.5,15.0,0
2017-10-05 08:00:00,453.9,15.6,0
2017-10-05 09:00:00,515.7,16.1,0
2017-10-05 10:00:00,429.9,18.3,0
2017-10-05 11:00:00,393.2,18.9,0
2017-10-05 12:00:00,362.0,20.0,0
2017-10-05 13:00:00,300.5,21.1,0
2017-10-05 14:00:00,336.9,21.7,0
2017-10-05 15:00:00,294.4,22.2,0
2017-10-05 16:00:00,319.3,21.7,0
2017-10-05 17:00:00,316.7,20.6,0
2017-10-05 18:00:00,339.8,16.1,0
2017-10-05 19:00:00,372.6,15.6,0
2017-10-05 20:00:00,369.3,14.4,0
2017-10-05 21:00:00,375.8,10.6,0
2017-10-05 22:00:00,515.0,10.0,0
2017-10-05 23:00:00,611.1,8.9,0
2017-10-06 00:00:00,641.5,8.9,0
2017-10-06 01:00:00,526.4,8.9,0
2017-10-06 02:00:00,517.4,9.4,0
2017-10-06 03:00:00,498.6,10.6,0
2017-10-06 04:00:00,488.3,11.1,0
2017-10-06 05:00:00,575.2,11.1,0
2017-10-06 06:00:00,605.2,11.1,0
2017-10-06 07:00:00,528.2,11.7,0
2017-10-06 08:00:00,567.4,13.3,0
2017-10-06 09:00:00,539.8,15.0,0
2017-10-06 10:00:00,438.9,15.6,0
2017-10-06 11:00:00,441.6,17.2,0
2017-10-06 12:00:00,360.3,18.3,0
2017-10-06 13:00:00,290.0,20.0,0
2017-10-06 14:00:00,312.6,21.7,0
2017-10-06 15:00:00,299.0,21.7,0
2017-10-06 16:00:00,334.6,20.6,0
2017-10-06 17:00:00,311.7,19.4,0
2017-10-06 18:00:00,359.3,17.8,0
2017-10-06 19:00:00,348.8,16.1,0
2017-10-06 20:00:00,351.0,15.6,0
2017-10-06 21:00:00,332.9,16.1,0
2017-10-06 22:00:00,363.6,16.1,0
2017-10-06 23:00:00,313.1,16.7,0
2017-10-07 00:00:00,249.7,17.2,0
2017-10-07 01:00:00,301.7,17.8,0
2017-10-07 02:00:00,191.4,17.2,0
2017-10-07 03:00:00,291.0,16.7,0
2017-10-07 04:00:00,249.9,16.7,0
2017-10-07 05:00:00,307.1,17.2,0
2017-10-07 06:00:00,310.8,17.8,0
2017-10-07 07:00:00,321.6,17.8,0
2017-10-07 08:00:00,293.6,18.3,0
2017-10-07 09:00:00,290.3,18.9,0
2017-10-07 10:00:00,293.6,20.0,0
2017-10-07 11:00:00,364.2,21.7,0
2017-10-07 12:00:00,282.4,22.8,0
2017-10-07 13:00:00,342.3,26.0,0
2017-10-07 14:00:00,314.4,26.7,0
2017-10-07 15:00:00,227.1,27.2,0
2017-10-07 16:00:00,215.4,25.6,0
2017-10-07 17:00:00,246.4,23.9,0
2017-10-07 18:00:00,262.4,23.3,0
2017-10-07 19:00:00,343.0,22.8,0
2017-10-07 20:00:00,340.2,21.1,0
2017-10-07 21:00:00,342.7,20.6,0
2017-10-07 22:00:00,284.8,20.6,0
2017-10-07 23:00:00,240.7,20.6,0
2017-10-08 00:00:00,198.3,20.6,0
2017-10-08 01:00:00,213.0,21.1,0
2017-10-08 02:00:00,218.8,22.8,0
2017-10-08 03:00:00,235.0,22.8,0
2017-10-08 04:00:00,225.6,21.1,0
2017-10-08 05:00:00,270.1,20.6,0
2017-10-08 06:00:00,230.8,21.1,0
2017-10-08 07:00:00,269.9,21.7,0
2017-10-08 08:00:00,289.0,21.1,0
2017-10-08 09:00:00,277.9,22.2,0
2017-10-08 10:00:00,292.8,24.4,0
2017-10-08 11:00:00,225.4,21.1,0
2017-10-08 12:00:00,303.2,23.3,0
2017-10-08 13:00:00,311.0,22.8,0
2017-10-08 14:00:00,338.6,23.3,0
2017-10-08 15:00:00,337.1,21.7,0
2017-10-08 16:00:00,305.5,21.1,0
2017-10-08 17:00:00,254.9,20.0,0
2017-10-08 18:00:00,222.8,16.7,0
2017-10-08 19:00:00,301.7,15.6,0
2017-10-08 20:00:00,310.8,15.0,0
2017-10-08 21:00:00,385.8,15.6,0
2017-10-08 22:00:00,356.5,16.1,0
2017-10-08 23:00:00,356.1,16.1,0
2017-10-09 00:00:00,258.7,16.1,0
2017-10-09 01:00:00,178.7,17.2,0
2017-10-09 02:00:00,263.3,17.8,0
2017-10-09 03:00:00,269.1,18.3,0
2017-10-09 04:00:00,271.8,18.9,0
2017-10-09 05:00:00,281.3,20.0,0
2017-10-09 06:00:00,264.6,20.0,0
2017-10-09 07:00:00,284.6,21.1,0
2017-10-09 08:00:00,261.6,21.7,0
2017-10-09 09:00:00,313.4,21.7,0
2017-10-09 10:00:00,227.9,22.2,0
2017-10-09 11:00:00,269.1,21.7,0
2017-10-09 12:00:00,324.0,22.8,0
2017-10-09 13:00:00,390.7,23.9,0
2017-10-09 14:00:00,343.0,20.0,0
2017-10-09 15:00:00,289.7,18.9,0
2017-10-09 16:00:00,310.5,18.3,0
2017-10-09 17:00:00,377.6,18.3,0
2017-10-09 18:00:00,277.3,17.2,0
2017-10-09 19:00:00,350.8,16.1,0
2017-10-09 20:00:00,341.5,16.1,0
2017-10-09 21:00:00,370.8,16.1,0
2017-10-09 22:00:00,367.3,16.1,0
2017-10-09 23:00:00,351.3,16.1,1
2017-10-10 00:00:00,335.4,16.7,1
2017-10-10 01:00:00,319.4,16.1,1
2017-10-10 02:00:00,303.4,16.7,1
2017-10-10 03:00:00,287.5,16.7,1
2017-10-10 04:00:00,271.5,16.7,1
2017-10-10 05:00:00,1152.6,16.7,1
2017-10-10 06:00:00,239.6,15.6,0
2017-10-10 07:00:00,300.3,16.7,0
2017-10-10 08:00:00,276.9,17.8,0
2017-10-10 09:00:00,289.9,18.3,0
2017-10-10 10:00:00,327.4,19.4,0
2017-10-10 11:00:00,393.7,19.4,0
2017-10-10 12:00:00,358.4,21.1,0
2017-10-10 13:00:00,340.7,21.1,0
2017-10-10 14:00:00,309.3,21.7,0
2017-10-10 15:00:00,312.4,21.7,0
2017-10-10 16:00:00,296.1,21.7,0
2017-10-10 17:00:00,269.9,20.0,0
2017-10-10 18:00:00,296.2,16.1,0
2017-10-10 19:00:00,283.0,13.9,0
2017-10-10 20:00:00,420.1,13.9,0
2017-10-10 21:00:00,341.0,13.9,0
2017-10-10 22:00:00,419.3,13.3,0
2017-10-10 23:00:00,400.2,12.8,0
2017-10-11 00:00:00,335.3,11.1,0
2017-10-11 01:00:00,338.6,11.7,0
2017-10-11 02:00:00,284.0,11.7,0
2017-10-11 03:00:00,369.8,11.7,0
2017-10-11 04:00:00,338.0,12.2,0
2017-10-11 05:00:00,357.2,12.8,0
2017-10-11 06:00:00,400.3,12.8,0
2017-10-11 07:00:00,423.3,12.8,0
2017-10-11 08:00:00,529.4,13.9,0
2017-10-11 09:00:00,481.8,14.4,0
2017-10-11 10:00:00,407.4,14.4,0
2017-10-11 11:00:00,373.8,15.6,0
2017-10-11 12:00:00,354.6,16.7,0
2017-10-11 13:00:00,334.1,17.2,0
2017-10-11 14:00:00,387.8,14.4,0
2017-10-11 15:00:00,363.5,15.0,0
2017-10-11 16:00:00,402.0,15.0,0
2017-10-11 17:00:00,457.6,15.0,0
2017-10-11 18:00:00,582.0,14.4,0
2017-10-11 19:00:00,532.4,13.9,0
2017-10-11 20:00:00,548.1,13.0,0
2017-10-11 21:00:00,592.8,12.2,0
2017-10-11 22:00:00,999.2,11.1,0
2017-10-11 23:00:00,814.2,10.0,0
2017-10-12 00:00:00,829.0,10.0,0
2017-10-12 01:00:00,804.8,10.0,0
2017-10-12 02:00:00,777.5,10.0,0
2017-10-12 03:00:00,668.2,10.0,0
2017-10-12 04:00:00,665.5,10.0,0
2017-10-12 05:00:00,641.2,10.0,0
2017-10-12 06:00:00,729.7,10.6,0
2017-10-12 07:00:00,866.4,10.6,0
2017-10-12 08:00:00,804.2,11.7,0
2017-10-12 09:00:00,793.8,12.8,0
2017-10-12 10:00:00,679.4,13.3,0
2017-10-12 11:00:00,545.8,15.0,0
2017-10-12 12:00:00,450.1,15.6,0
2017-10-12 13:00:00,374.4,15.6,0
2017-10-12 14:00:00,433.6,15.6,0
2017-10-12 15:00:00,387.9,15.0,0
2017-10-12 16:00:00,418.3,14.4,0
2017-10-12 17:00:00,469.5,13.9,0
2017-10-12 18:00:00,501.6,13.3,0
2017-10-12 19:00:00,598.3,11.7,0
2017-10-12 20:00:00,742.7,11.7,0
2017-10-12 21:00:00,633.1,11.0,0
2017-10-12 22:00:00,511.4,11.1,0
2017-10-12 23:00:00,607.9,11.7,0
2017-10-13 00:00:00,702.9,11.1,0
2017-10-13 01:00:00,772.5,10.6,0
2017-10-13 02:00:00,737.8,10.6,0
2017-10-13 03:00:00,741.6,10.0,0
2017-10-13 04:00:00,812.4,10.0,0
2017-10-13 05:00:00,812.3,10.0,0
2017-10-13 06:00:00,866.6,8.9,0
2017-10-13 07:00:00,966.1,8.9,0
2017-10-13 08:00:00,951.5,11.1,0
2017-10-13 09:00:00,1034.0,11.1,0
2017-10-13 10:00:00,922.5,13.3,0
2017-10-13 11:00:00,759.0,14.4,0
2017-10-13 12:00:00,500.1,15.0,0
2017-10-13 13:00:00,384.7,15.6,0
2017-10-13 14:00:00,439.3,15.0,0
2017-10-13 15:00:00,432.0,15.0,0
2017-10-13 16:00:00,511.6,15.0,0
2017-10-13 17:00:00,533.4,14.4,0
2017-10-13 18:00:00,503.8,14.4,0
2017-10-13 19:00:00,548.7,14.4,0
2017-10-13 20:00:00,482.2,13.9,0
2017-10-13 21:00:00,405.8,13.9,0
2017-10-13 22:00:00,467.7,13.9,0
2017-10-13 23:00:00,534.7,13.3,0
2017-10-14 00:00:00,455.2,13.9,0
2017-10-14 01:00:00,381.2,13.9,0
2017-10-14 02:00:00,298.1,13.9,0
2017-10-14 03:00:00,346.3,14.4,0
2017-10-14 04:00:00,285.1,14.4,0
2017-10-14 05:00:00,342.0,14.4,0
2017-10-14 06:00:00,439.1,14.4,0
2017-10-14 07:00:00,406.6,14.4,0
2017-10-14 08:00:00,418.2,15.6,0
2017-10-14 09:00:00,459.0,16.1,0
2017-10-14 10:00:00,456.8,16.6,0
2017-10-14 11:00:00,488.7,17.2,0
2017-10-14 12:00:00,592.3,18.3,0
2017-10-14 13:00:00,450.2,20.0,0
2017-10-14 14:00:00,330.3,20.6,0
2017-10-14 15:00:00,283.2,21.1,0
2017-10-14 16:00:00,317.2,20.6,0
2017-10-14 17:00:00,398.0,18.3,0
2017-10-14 18:00:00,446.4,16.1,0
2017-10-14 19:00:00,383.6,15.6,0
2017-10-14 20:00:00,356.4,15.0,0
2017-10-14 21:00:00,379.4,14.4,0
2017-10-14 22:00:00,485.4,14.4,0
2017-10-14 23:00:00,431.3,15.0,0
2017-10-15 00:00:00,418.3,15.0,0
2017-10-15 01:00:00,317.2,15.0,0
2017-10-15 02:00:00,255.1,15.0,0
2017-10-15 03:00:00,295.8,15.0,0
2017-10-15 04:00:00,286.5,15.6,0
2017-10-15 05:00:00,303.5,15.0,0
2017-10-15 06:00:00,406.0,15.0,0
2017-10-15 07:00:00,354.8,16.1,0
2017-10-15 08:00:00,410.0,17.2,0
2017-10-15 09:00:00,381.2,19.4,0
2017-10-15 10:00:00,388.3,19.4,0
2017-10-15 11:00:00,384.0,22.2,0
2017-10-15 12:00:00,381.8,23.3,0
2017-10-15 13:00:00,302.7,24.4,0
2017-10-15 14:00:00,359.5,25.0,0
2017-10-15 15:00:00,260.0,24.4,0
2017-10-15 16:00:00,332.0,22.8,0
2017-10-15 17:00:00,373.0,21.1,0
2017-10-15 18:00:00,390.7,21.1,0
2017-10-15 19:00:00,321.1,15.6,0
2017-10-15 20:00:00,386.6,15.6,0
2017-10-15 21:00:00,357.6,15.6,0
2017-10-15 22:00:00,492.9,13.9,0
2017-10-15 23:00:00,503.3,12.8,0
2017-10-16 00:00:00,574.5,11.7,0
2017-10-16 01:00:00,834.5,9.0,0
2017-10-16 02:00:00,821.4,7.8,0
2017-10-16 03:00:00,774.5,7.2,0
2017-10-16 04:00:00,938.9,6.7,0
2017-10-16 05:00:00,939.4,6.1,0
2017-10-16 06:00:00,1009.5,6.1,0
2017-10-16 07:00:00,1000.3,5.6,0
2017-10-16 08:00:00,1212.0,6.1,0
2017-10-16 09:00:00,1200.8,6.1,0
2017-10-16 10:00:00,1181.5,6.1,0
2017-10-16 11:00:00,1126.8,7.0,0
2017-10-16 12:00:00,1143.9,7.8,0
2017-10-16 13:00:00,1038.3,8.3,0
2017-10-16 14:00:00,941.7,8.3,0
2017-10-16 15:00:00,959.7,7.8,0
2017-10-16 16:00:00,1085.9,6.7,0
2017-10-16 17:00:00,1110.3,5.6,0
2017-10-16 18:00:00,1218.4,5.0,0
2017-10-16 19:00:00,1307.0,4.4,0
2017-10-16 20:00:00,1171.4,3.3,0
2017-10-16 21:00:00,1272.2,3.9,0
2017-10-16 22:00:00,1340.1,2.2,0
2017-10-16 23:00:00,1381.9,0.0,0
2017-10-17 00:00:00,1236.3,-1.7,0
2017-10-17 01:00:00,1227.1,-1.7,0
2017-10-17 02:00:00,1237.3,-1.7,0
2017-10-17 03:00:00,1296.5,-2.2,0
2017-10-17 04:00:00,1385.5,-2.2,0
2017-10-17 05:00:00,1378.8,-2.2,0
2017-10-17 06:00:00,1497.6,-2.8,0
2017-10-17 07:00:00,1671.2,-2.2,0
2017-10-17 08:00:00,1758.8,1.1,0
2017-10-17 09:00:00,1678.4,6.1,0
2017-10-17 10:00:00,1207.8,9.4,0
2017-10-17 11:00:00,974.5,11.7,0
2017-10-17 12:00:00,803.8,13.3,0
2017-10-17 13:00:00,647.7,14.4,0
2017-10-17 14:00:00,619.8,15.0,0
2017-10-17 15:00:00,578.0,15.0,0
2017-10-17 16:00:00,476.7,15.6,0
2017-10-17 17:00:00,437.7,13.9,0
2017-10-17 18:00:00,461.0,9.4,0
2017-10-17 19:00:00,736.9,8.9,0
2017-10-17 20:00:00,909.2,10.6,0
2017-10-17 21:00:00,913.8,10.0,0
2017-10-17 22:00:00,897.3,9.4,0
2017-10-17 23:00:00,822.0,10.0,0
2017-10-18 00:00:00,874.2,8.3,0
2017-10-18 01:00:00,752.1,9.4,0
2017-10-18 02:00:00,799.4,10.6,0
2017-10-18 03:00:00,787.2,11.1,0
2017-10-18 04:00:00,844.0,11.7,0
2017-10-18 05:00:00,798.7,10.0,0
2017-10-18 06:00:00,892.3,7.8,0
2017-10-18 07:00:00,1077.7,5.0,0
2017-10-18 08:00:00,1126.4,11.1,0
2017-10-18 09:00:00,1014.7,14.4,0
2017-10-18 10:00:00,656.5,16.1,0
2017-10-18 11:00:00,533.9,17.8,0
2017-10-18 12:00:00,396.4,19.4,0
2017-10-18 13:00:00,347.2,20.6,0
2017-10-18 14:00:00,309.3,20.6,0
2017-10-18 15:00:00,373.4,21.1,0
2017-10-18 16:00:00,317.5,20.6,0
2017-10-18 17:00:00,344.6,19.4,0
2017-10-18 18:00:00,406.4,11.7,0
2017-10-18 19:00:00,343.8,13.9,0
2017-10-18 20:00:00,451.3,13.9,0
2017-10-18 21:00:00,525.9,13.3,0
2017-10-18 22:00:00,540.8,12.8,0
2017-10-18 23:00:00,602.0,12.8,0
2017-10-19 00:00:00,413.1,12.2,0
2017-10-19 01:00:00,466.4,11.7,0
2017-10-19 02:00:00,451.6,10.6,0
2017-10-19 03:00:00,592.1,10.6,0
2017-10-19 04:00:00,733.3,10.6,0
2017-10-19 05:00:00,632.3,10.0,0
2017-10-19 06:00:00,711.0,9.4,0
2017-10-19 07:00:00,743.3,9.4,0
2017-10-19 08:00:00,886.1,12.2,0
2017-10-19 09:00:00,832.8,15.0,0
2017-10-19 10:00:00,673.1,16.7,0
2017-10-19 11:00:00,384.5,18.3,0
2017-10-19 12:00:00,313.7,20.0,0
2017-10-19 13:00:00,362.6,20.6,0
2017-10-19 14:00:00,297.2,21.7,0
2017-10-19 15:00:00,338.8,22.2,0
2017-10-19 16:00:00,356.4,21.1,0
2017-10-19 17:00:00,384.0,20.0,0
2017-10-19 18:00:00,366.2,16.1,0
2017-10-19 19:00:00,394.7,17.2,0
2017-10-19 20:00:00,389.6,16.7,0
2017-10-19 21:00:00,400.1,16.1,0
2017-10-19 22:00:00,471.8,12.8,0
2017-10-19 23:00:00,447.4,11.7,0
2017-10-20 00:00:00,543.6,10.0,0
2017-10-20 01:00:00,742.3,9.4,0
2017-10-20 02:00:00,616.2,6.7,0
2017-10-20 03:00:00,641.9,4.4,0
2017-10-20 04:00:00,789.7,3.9,0
2017-10-20 05:00:00,735.9,3.3,0
2017-10-20 06:00:00,866.4,2.8,0
2017-10-20 07:00:00,954.2,3.3,0
2017-10-20 08:00:00,1121.2,9.4,0
2017-10-20 09:00:00,1030.6,12.8,0
2017-10-20 10:00:00,821.0,14.4,0
2017-10-20 11:00:00,614.4,15.6,0
2017-10-20 12:00:00,491.8,16.1,0
2017-10-20 13:00:00,440.7,16.7,0
2017-10-20 14:00:00,536.7,17.2,0
2017-10-20 15:00:00,474.7,17.2,0
2017-10-20 16:00:00,516.9,17.2,0
2017-10-20 17:00:00,392.0,15.0,0
2017-10-20 18:00:00,447.2,8.9,0
2017-10-20 19:00:00,547.0,7.2,0
2017-10-20 20:00:00,893.5,6.7,0
2017-10-20 21:00:00,900.3,6.7,0
2017-10-20 22:00:00,961.4,7.2,0
2017-10-20 23:00:00,957.4,7.2,0
2017-10-21 00:00:00,807.3,7.2,0
2017-10-21 01:00:00,765.1,7.2,0
2017-10-21 02:00:00,823.9,6.1,0
2017-10-21 03:00:00,877.5,6.1,0
2017-10-21 04:00:00,855.6,6.1,0
2017-10-21 05:00:00,890.3,6.1,0
2017-10-21 06:00:00,907.1,5.0,0
2017-10-21 07:00:00,969.4,5.0,0
2017-10-21 08:00:00,1049.6,8.9,0
2017-10-21 09:00:00,1045.4,13.9,0
2017-10-21 10:00:00,868.4,18.9,0
2017-10-21 11:00:00,591.3,21.7,0
2017-10-21 12:00:00,415.8,23.3,0
2017-10-21 13:00:00,344.4,23.3,0
2017-10-21 14:00:00,333.2,23.0,0
2017-10-21 15:00:00,318.0,23.3,0
2017-10-21 16:00:00,254.3,21.7,0
2017-10-21 17:00:00,317.4,18.9,0
2017-10-21 18:00:00,390.4,15.0,0
2017-10-21 19:00:00,366.7,13.3,0
2017-10-21 20:00:00,408.6,13.9,0
2017-10-21 21:00:00,465.0,15.0,0
2017-10-21 22:00:00,411.2,15.0,0
2017-10-21 23:00:00,485.0,15.0,0
2017-10-22 00:00:00,420.7,13.3,0
2017-10-22 01:00:00,347.1,13.3,0
2017-10-22 02:00:00,325.5,12.8,0
2017-10-22 03:00:00,330.1,11.1,0
2017-10-22 04:00:00,403.1,12.8,0
2017-10-22 05:00:00,423.5,12.8,0
2017-10-22 06:00:00,569.0,8.3,0
2017-10-22 07:00:00,834.6,10.0,0
2017-10-22 08:00:00,695.2,15.0,0
2017-10-22 09:00:00,617.7,17.2,0
2017-10-22 10:00:00,493.8,19.4,0
2017-10-22 11:00:00,489.5,21.7,0
2017-10-22 12:00:00,375.8,22.8,0
2017-10-22 13:00:00,275.6,22.2,0
2017-10-22 14:00:00,282.1,22.2,0
2017-10-22 15:00:00,281.5,22.2,0
2017-10-22 16:00:00,339.5,21.1,0
2017-10-22 17:00:00,338.2,19.4,0
2017-10-22 18:00:00,416.8,16.7,0
2017-10-22 19:00:00,345.6,16.1,0
2017-10-22 20:00:00,348.2,16.7,0
2017-10-22 21:00:00,343.2,16.1,0
2017-10-22 22:00:00,376.7,16.1,0
2017-10-22 23:00:00,385.5,15.6,0
2017-10-23 00:00:00,440.0,15.0,0
2017-10-23 01:00:00,461.7,15.0,0
2017-10-23 02:00:00,258.4,14.4,0
2017-10-23 03:00:00,282.3,14.4,0
2017-10-23 04:00:00,272.9,13.9,0
2017-10-23 05:00:00,321.4,13.9,0
2017-10-23 06:00:00,384.9,13.3,0
2017-10-23 07:00:00,502.2,13.3,0
2017-10-23 08:00:00,642.2,14.4,0
2017-10-23 09:00:00,656.2,16.1,0
2017-10-23 10:00:00,495.9,17.8,0
2017-10-23 11:00:00,422.0,19.4,0
2017-10-23 12:00:00,288.4,19.4,0
2017-10-23 13:00:00,307.5,20.0,0
2017-10-23 14:00:00,274.7,21.7,0
2017-10-23 15:00:00,345.3,20.0,0
2017-10-23 16:00:00,341.8,19.4,0
2017-10-23 17:00:00,395.5,18.9,0
2017-10-23 18:00:00,365.9,18.9,0
2017-10-23 19:00:00,480.3,18.9,0
2017-10-23 20:00:00,349.2,19.4,0
2017-10-23 21:00:00,325.3,19.4,0
2017-10-23 22:00:00,324.6,20.0,0
2017-10-23 23:00:00,291.3,20.0,1
2017-10-24 00:00:00,258.0,19.4,1
2017-10-24 01:00:00,224.8,18.9,1
2017-10-24 02:00:00,191.5,20.0,1
2017-10-24 03:00:00,158.3,20.0,0
2017-10-24 04:00:00,240.8,17.8,0
2017-10-24 05:00:00,287.3,17.8,0
2017-10-24 06:00:00,288.0,17.8,1
2017-10-24 07:00:00,288.7,15.0,1
2017-10-24 08:00:00,289.4,14.4,1
2017-10-24 09:00:00,290.1,15.6,1
2017-10-24 10:00:00,290.8,17.2,1
2017-10-24 11:00:00,291.6,18.3,1
2017-10-24 12:00:00,977.3,18.9,1
2017-10-24 13:00:00,938.3,18.9,1
2017-10-24 14:00:00,941.2,18.3,1
2017-10-24 15:00:00,294.4,20.0,0
2017-10-24 16:00:00,411.9,18.3,0
2017-10-24 17:00:00,401.9,17.8,0
2017-10-24 18:00:00,369.0,16.7,0
2017-10-24 19:00:00,332.0,15.6,0
2017-10-24 20:00:00,385.8,13.9,0
2017-10-24 21:00:00,448.8,12.8,0
2017-10-24 22:00:00,928.4,11.1,0
2017-10-24 23:00:00,881.8,11.1,0
2017-10-25 00:00:00,667.5,10.6,0
2017-10-25 01:00:00,589.8,11.1,0
2017-10-25 02:00:00,559.9,10.6,0
2017-10-25 03:00:00,498.6,9.4,0
2017-10-25 04:00:00,656.8,8.3,0
2017-10-25 05:00:00,739.0,8.9,0
2017-10-25 06:00:00,748.0,8.3,0
2017-10-25 07:00:00,878.3,7.2,0
2017-10-25 08:00:00,1075.0,8.3,0
2017-10-25 09:00:00,1041.0,9.4,0
2017-10-25 10:00:00,930.3,10.6,0
2017-10-25 11:00:00,817.3,11.7,0
2017-10-25 12:00:00,681.7,12.8,0
2017-10-25 13:00:00,601.0,13.9,0
2017-10-25 14:00:00,581.6,13.9,0
2017-10-25 15:00:00,522.4,12.8,0
2017-10-25 16:00:00,520.9,11.7,0
2017-10-25 17:00:00,705.6,8.9,0
2017-10-25 18:00:00,932.8,7.8,0
2017-10-25 19:00:00,950.0,3.9,0
2017-10-25 20:00:00,1020.7,2.8,0
2017-10-25 21:00:00,1075.4,2.8,0
2017-10-25 22:00:00,1115.6,2.8,0
2017-10-25 23:00:00,1179.1,2.8,0
2017-10-26 00:00:00,1163.4,3.3,0
2017-10-26 01:00:00,980.5,3.9,0
2017-10-26 02:00:00,878.7,5.0,0
2017-10-26 03:00:00,919.7,6.1,0
2017-10-26 04:00:00,876.2,5.6,0
2017-10-26 05:00:00,874.9,6.1,0
2017-10-26 06:00:00,958.0,6.1,0
2017-10-26 07:00:00,1078.9,6.1,0
2017-10-26 08:00:00,1201.0,6.7,0
2017-10-26 09:00:00,1295.9,7.2,0
2017-10-26 10:00:00,1218.2,7.8,0
2017-10-26 11:00:00,1090.9,8.3,0
2017-10-26 12:00:00,1026.6,8.3,0
2017-10-26 13:00:00,995.0,8.3,0
2017-10-26 14:00:00,972.9,8.9,0
2017-10-26 15:00:00,958.8,8.9,0
2017-10-26 16:00:00,1073.8,8.3,0
2017-10-26 17:00:00,1009.5,6.7,0
2017-10-26 18:00:00,1064.7,5.6,0
2017-10-26 19:00:00,1001.1,4.4,0
2017-10-26 20:00:00,1192.8,1.7,0
2017-10-26 21:00:00,1341.2,0.0,0
2017-10-26 22:00:00,1352.4,-0.6,0
2017-10-26 23:00:00,1376.9,0.0,0
2017-10-27 00:00:00,1243.3,0.0,0
2017-10-27 01:00:00,1156.0,-0.6,0
2017-10-27 02:00:00,1085.0,0.3,0
2017-10-27 03:00:00,1051.2,1.1,0
2017-10-27 04:00:00,1065.5,2.8,0
2017-10-27 05:00:00,1138.0,2.2,0
2017-10-27 06:00:00,1109.7,1.1,0
2017-10-27 07:00:00,1455.3,0.0,0
2017-10-27 08:00:00,1590.4,3.9,0
2017-10-27 09:00:00,1622.9,7.8,0
2017-10-27 10:00:00,1302.9,10.0,0
2017-10-27 11:00:00,988.5,11.1,0
2017-10-27 12:00:00,794.4,13.3,0
2017-10-27 13:00:00,622.3,15.0,0
2017-10-27 14:00:00,570.8,16.1,0
2017-10-27 15:00:00,471.5,16.7,0
2017-10-27 16:00:00,649.1,16.7,0
2017-10-27 17:00:00,534.1,15.0,0
2017-10-27 18:00:00,462.2,13.9,0
2017-10-27 19:00:00,591.3,12.8,0
2017-10-27 20:00:00,913.6,12.2,0
2017-10-27 21:00:00,685.6,11.7,0
2017-10-27 22:00:00,937.8,11.1,0
2017-10-27 23:00:00,909.8,11.1,0
2017-10-28 00:00:00,839.1,11.1,0
2017-10-28 01:00:00,830.9,10.0,0
2017-10-28 02:00:00,708.2,9.4,0
2017-10-28 03:00:00,683.7,10.6,0
2017-10-28 04:00:00,853.6,10.6,0
2017-10-28 05:00:00,880.9,10.0,0
2017-10-28 06:00:00,841.2,10.0,0
2017-10-28 07:00:00,813.6,10.6,0
2017-10-28 08:00:00,862.7,11.1,0
2017-10-28 09:00:00,952.7,13.9,0
2017-10-28 10:00:00,853.0,15.0,0
2017-10-28 11:00:00,776.5,17.8,0
2017-10-28 12:00:00,516.6,19.4,0
2017-10-28 13:00:00,301.8,19.4,0
2017-10-28 14:00:00,360.0,18.9,0
2017-10-28 15:00:00,387.0,18.3,0
2017-10-28 16:00:00,400.1,17.2,0
2017-10-28 17:00:00,478.8,16.7,0
2017-10-28 18:00:00,485.7,14.4,0
2017-10-28 19:00:00,554.5,13.3,0
2017-10-28 20:00:00,553.0,13.3,0
2017-10-28 21:00:00,722.3,10.6,0
2017-10-28 22:00:00,970.6,8.9,0
2017-10-28 23:00:00,930.2,7.8,0
2017-10-29 00:00:00,1037.3,7.2,0
2017-10-29 01:00:00,927.8,7.2,0
2017-10-29 02:00:00,861.5,7.2,0
2017-10-29 03:00:00,876.5,6.1,0
2017-10-29 04:00:00,860.4,6.1,0
2017-10-29 05:00:00,904.4,6.1,0
2017-10-29 06:00:00,1093.2,6.1,0
2017-10-29 07:00:00,1070.7,6.7,0
2017-10-29 08:00:00,1026.8,6.7,0
2017-10-29 09:00:00,1157.0,6.1,0
2017-10-29 10:00:00,1143.4,6.7,0
2017-10-29 11:00:00,1236.5,6.7,0
2017-10-29 12:00:00,1330.0,6.7,0
2017-10-29 13:00:00,1220.5,6.7,0
2017-10-29 14:00:00,1141.2,6.7,0
2017-10-29 15:00:00,1129.2,6.7,0
2017-10-29 16:00:00,1171.2,6.7,0
2017-10-29 17:00:00,1212.5,7.2,0
2017-10-29 18:00:00,1214.2,7.2,0
2017-10-29 19:00:00,1152.6,7.2,0
2017-10-29 20:00:00,1092.1,7.2,0
2017-10-29 21:00:00,1133.0,7.0,0
2017-10-29 22:00:00,1190.8,6.7,0
2017-10-29 23:00:00,1291.0,6.1,0
2017-10-30 00:00:00,1349.3,6.1,0
2017-10-30 01:00:00,1019.5,6.7,0
2017-10-30 02:00:00,974.1,5.6,0
2017-10-30 03:00:00,1027.8,5.0,0
2017-10-30 04:00:00,997.7,5.0,0
2017-10-30 05:00:00,1171.5,4.4,0
2017-10-30 06:00:00,1296.2,5.0,0
2017-10-30 07:00:00,1381.1,5.6,0
2017-10-30 08:00:00,1509.4,5.0,0
2017-10-30 09:00:00,1599.7,5.6,0
2017-10-30 10:00:00,1324.4,6.1,0
2017-10-30 11:00:00,1255.3,6.7,0
2017-10-30 12:00:00,1213.5,8.9,0
2017-10-30 13:00:00,1119.4,8.0,0
2017-10-30 14:00:00,1185.6,8.3,0
2017-10-30 15:00:00,1095.2,8.9,0
2017-10-30 16:00:00,1069.6,8.9,0
2017-10-30 17:00:00,997.4,8.3,0
2017-10-30 18:00:00,1101.2,7.8,0
2017-10-30 19:00:00,1257.2,7.2,0
2017-10-30 20:00:00,1283.8,6.7,0
2017-10-30 21:00:00,1262.8,6.7,0
2017-10-30 22:00:00,1247.0,6.7,0
2017-10-30 23:00:00,1142.4,6.1,0
2017-10-31 00:00:00,1210.6,5.6,0
2017-10-31 01:00:00,1159.5,5.6,0
2017-10-31 02:00:00,1108.4,5.6,0
2017-10-31 03:00:00,1169.1,5.0,0
2017-10-31 04:00:00,1089.6,5.6,0
2017-10-31 05:00:00,980.7,5.6,0
2017-10-31 06:00:00,1059.0,5.6,0
2017-10-31 07:00:00,1338.6,5.0,0
2017-10-31 08:00:00,1767.1,5.0,0
2017-10-31 09:00:00,1568.0,5.0,0
2017-10-31 10:00:00,1350.8,5.6,0
2017-10-31 11:00:00,1116.0,6.1,0
2017-10-31 12:00:00,1150.9,6.7,0
2017-10-31 13:00:00,1228.8,7.8,0
2017-10-31 14:00:00,1262.6,7.8,0
2017-10-31 15:00:00,1113.3,8.9,0
2017-10-31 16:00:00,946.9,7.8,0
2017-10-31 17:00:00,901.3,5.6,0
2017-10-31 18:00:00,1284.9,4.4,0
2017-10-31 19:00:00,1470.0,4.4,0
2017-10-31 20:00:00,1474.1,3.9,0
2017-10-31 21:00:00,1236.5,3.9,0
2017-10-31 22:00:00,1203.2,3.9,0
2017-10-31 23:00:00,1212.5,3.9,0
2017-11-01 00:00:00,1263.2,4.4,0
2017-11-01 01:00:00,1238.0,2.8,0
2017-11-01 02:00:00,1125.6,-0.6,0
2017-11-01 03:00:00,1130.4,-1.7,0
2017-11-01 04:00:00,1129.7,-1.7,0
2017-11-01 05:00:00,1353.5,-2.2,0
2017-11-01 06:00:00,1599.1,0.0,0
2017-11-01 07:00:00,1631.8,1.1,0
2017-11-01 08:00:00,1810.4,2.8,0
2017-11-01 09:00:00,1701.6,3.9,0
2017-11-01 10:00:00,1520.8,4.4,0
2017-11-01 11:00:00,1401.9,5.0,0
2017-11-01 12:00:00,1359.1,3.9,0
2017-11-01 13:00:00,1421.1,3.3,0
2017-11-01 14:00:00,1619.4,3.9,0
2017-11-01 15:00:00,1489.9,4.4,0
2017-11-01 16:00:00,1363.1,4.4,0
2017-11-01 17:00:00,1376.2,4.4,0
2017-11-01 18:00:00,1287.1,5.0,0
2017-11-01 19:00:00,1403.6,6.1,0
2017-11-01 20:00:00,1279.7,6.1,0
2017-11-01 21:00:00,1396.7,7.2,0
2017-11-01 22:00:00,1277.6,7.8,0
2017-11-01 23:00:00,1022.6,8.3,0
2017-11-02 00:00:00,1019.3,8.9,0
2017-11-02 01:00:00,899.4,9.4,0
2017-11-02 02:00:00,881.8,10.0,0
2017-11-02 03:00:00,916.0,10.0,0
2017-11-02 04:00:00,875.6,10.6,0
2017-11-02 05:00:00,805.2,10.6,0
2017-11-02 06:00:00,764.5,10.6,0
2017-11-02 07:00:00,917.8,11.1,0
2017-11-02 08:00:00,1130.9,10.6,0
2017-11-02 09:00:00,1107.6,11.7,0
2017-11-02 10:00:00,1110.1,12.8,0
2017-11-02 11:00:00,737.5,14.4,0
2017-11-02 12:00:00,581.6,14.4,0
2017-11-02 13:00:00,578.2,15.6,0
2017-11-02 14:00:00,518.5,17.8,0
2017-11-02 15:00:00,444.4,18.3,0
2017-11-02 16:00:00,441.4,17.2,0
2017-11-02 17:00:00,485.2,16.1,0
2017-11-02 18:00:00,447.5,16.1,0
2017-11-02 19:00:00,609.8,16.1,0
2017-11-02 20:00:00,630.6,15.6,0
2017-11-02 21:00:00,495.5,15.0,0
2017-11-02 22:00:00,578.1,15.6,0
2017-11-02 23:00:00,460.7,15.6,0
2017-11-03 00:00:00,427.8,15.6,0
2017-11-03 01:00:00,350.5,15.6,0
2017-11-03 02:00:00,348.6,15.0,0
2017-11-03 03:00:00,346.8,15.6,0
2017-11-03 04:00:00,263.6,15.6,0
2017-11-03 05:00:00,382.8,15.0,0
2017-11-03 06:00:00,376.9,13.9,0
2017-11-03 07:00:00,558.7,14.4,0
2017-11-03 08:00:00,592.4,13.9,0
2017-11-03 09:00:00,648.1,12.2,0
2017-11-03 10:00:00,941.2,11.1,0
2017-11-03 11:00:00,1051.2,10.0,0
2017-11-03 12:00:00,1096.6,8.9,0
2017-11-03 13:00:00,1153.8,8.9,0
2017-11-03 14:00:00,1194.5,8.9,0
2017-11-03 15:00:00,1015.6,8.9,0
2017-11-03 16:00:00,1037.6,9.4,0
2017-11-03 17:00:00,1044.1,8.3,0
2017-11-03 18:00:00,1011.1,6.7,0
2017-11-03 19:00:00,1134.9,6.1,0
2017-11-03 20:00:00,1218.5,5.0,0
2017-11-03 21:00:00,1318.7,3.9,0
2017-11-03 22:00:00,1309.8,3.9,0
2017-11-03 23:00:00,1223.5,2.8,0
2017-11-04 00:00:00,1050.0,2.8,0
2017-11-04 01:00:00,1146.3,0.0,0
2017-11-04 02:00:00,1326.5,1.7,0
2017-11-04 03:00:00,1439.9,-0.6,0
2017-11-04 04:00:00,1235.1,-0.6,0
2017-11-04 05:00:00,1162.0,-0.6,0
2017-11-04 06:00:00,1211.3,0.0,0
2017-11-04 07:00:00,1519.7,-0.6,0
2017-11-04 08:00:00,1571.8,1.1,0
2017-11-04 09:00:00,1558.6,2.8,0
2017-11-04 10:00:00,1428.6,5.6,0
2017-11-04 11:00:00,1316.4,6.7,0
2017-11-04 12:00:00,1218.0,7.8,0
2017-11-04 13:00:00,1162.6,8.9,0
2017-11-04 14:00:00,1058.4,9.4,0
2017-11-04 15:00:00,970.7,10.0,0
2017-11-04 16:00:00,1042.5,8.9,0
2017-11-04 17:00:00,1079.3,7.8,0
2017-11-04 18:00:00,1079.5,7.2,0
2017-11-04 19:00:00,1162.2,7.2,0
2017-11-04 20:00:00,1175.1,8.3,0
2017-11-04 21:00:00,1203.9,8.9,0
2017-11-04 22:00:00,1263.4,9.4,0
2017-11-04 23:00:00,1010.5,8.9,0
2017-11-05 00:00:00,884.3,8.9,0
2017-11-05 01:00:00,1026.9,7.8,0
2017-11-05 02:00:00,1049.9,7.8,0
2017-11-05 03:00:00,1047.1,8.3,0
2017-11-05 04:00:00,920.6,8.9,0
2017-11-05 05:00:00,776.3,8.9,0
2017-11-05 06:00:00,815.8,9.4,0
2017-11-05 07:00:00,821.9,9.4,0
2017-11-05 08:00:00,966.2,10.0,0
2017-11-05 09:00:00,1017.2,10.6,0
2017-11-05 10:00:00,1011.1,11.1,0
2017-11-05 11:00:00,932.2,11.7,0
2017-11-05 12:00:00,901.9,11.1,0
2017-11-05 13:00:00,909.7,11.1,0
2017-11-05 14:00:00,951.6,11.7,0
2017-11-05 15:00:00,947.9,12.2,0
2017-11-05 16:00:00,847.2,12.2,0
2017-11-05 17:00:00,776.0,12.2,0
2017-11-05 18:00:00,693.0,12.8,0
2017-11-05 19:00:00,695.2,12.8,0
2017-11-05 20:00:00,628.6,13.3,0
2017-11-05 21:00:00,683.2,14.4,0
2017-11-05 22:00:00,592.9,15.0,0
2017-11-05 23:00:00,661.7,15.0,0
2017-11-06 00:00:00,499.1,15.0,0
2017-11-06 01:00:00,437.9,15.0,0
2017-11-06 02:00:00,408.8,15.0,0
2017-11-06 03:00:00,256.3,14.4,0
2017-11-06 04:00:00,460.2,14.4,0
2017-11-06 05:00:00,391.8,13.9,0
2017-11-06 06:00:00,470.7,14.4,0
2017-11-06 07:00:00,580.8,14.4,0
2017-11-06 08:00:00,815.3,14.4,0
2017-11-06 09:00:00,1091.8,10.6,0
2017-11-06 10:00:00,1211.5,8.9,0
2017-11-06 11:00:00,1442.4,7.2,0
2017-11-06 12:00:00,1402.6,6.7,0
2017-11-06 13:00:00,1260.4,6.1,0
2017-11-06 14:00:00,1154.7,6.1,0
2017-11-06 15:00:00,1193.2,6.1,0
2017-11-06 16:00:00,1228.4,6.1,0
2017-11-06 17:00:00,1389.3,5.6,0
2017-11-06 18:00:00,1417.2,5.0,0
2017-11-06 19:00:00,1468.2,5.0,0
2017-11-06 20:00:00,1375.5,4.4,0
2017-11-06 21:00:00,1308.1,4.4,0
2017-11-06 22:00:00,1307.3,3.9,0
2017-11-06 23:00:00,1356.6,3.9,0
2017-11-07 00:00:00,1305.5,3.9,0
2017-11-07 01:00:00,1115.9,3.3,0
2017-11-07 02:00:00,1103.8,3.3,0
2017-11-07 03:00:00,1101.4,2.2,0
2017-11-07 04:00:00,1210.1,2.2,0
2017-11-07 05:00:00,1259.9,2.2,0
2017-11-07 06:00:00,1397.4,1.7,0
2017-11-07 07:00:00,1522.9,1.7,0
2017-11-07 08:00:00,1693.2,1.7,0
2017-11-07 09:00:00,1638.8,2.2,0
2017-11-07 10:00:00,1676.3,2.2,0
2017-11-07 11:00:00,1578.1,2.8,0
2017-11-07 12:00:00,1421.8,2.8,0
2017-11-07 13:00:00,1497.3,2.2,0
2017-11-07 14:00:00,1582.8,1.7,0
2017-11-07 15:00:00,1670.6,2.2,0
2017-11-07 16:00:00,1717.3,2.8,0
2017-11-07 17:00:00,1522.5,1.7,0
2017-11-07 18:00:00,1527.5,-0.6,0
2017-11-07 19:00:00,1632.1,-0.6,0
2017-11-07 20:00:00,1795.6,-1.7,0
2017-11-07 21:00:00,1936.5,-1.7,0
2017-11-07 22:00:00,1814.1,-2.8,0
2017-11-07 23:00:00,1580.6,-3.9,0
2017-11-08 00:00:00,1578.7,-3.9,0
2017-11-08 01:00:00,1490.2,-4.4,0
2017-11-08 02:00:00,1844.5,-4.4,0
2017-11-08 03:00:00,1723.6,-5.0,0
2017-11-08 04:00:00,1669.2,-5.0,0
2017-11-08 05:00:00,1577.1,-6.1,0
2017-11-08 06:00:00,1602.6,-6.7,0
2017-11-08 07:00:00,2127.6,-6.1,0
2017-11-08 08:00:00,2359.8,-3.9,0
2017-11-08 09:00:00,2095.1,0.6,0
2017-11-08 10:00:00,1722.3,1.7,0
2017-11-08 11:00:00,1394.9,3.9,0
2017-11-08 12:00:00,1226.7,5.6,0
2017-11-08 13:00:00,1321.3,6.7,0
2017-11-08 14:00:00,1334.4,6.1,0
2017-11-08 15:00:00,1194.4,6.7,0
2017-11-08 16:00:00,1194.3,6.1,0
2017-11-08 17:00:00,1172.5,2.8,0
2017-11-08 18:00:00,1449.9,-0.6,0
2017-11-08 19:00:00,1738.5,-2.2,0
2017-11-08 20:00:00,1690.8,-2.2,0
2017-11-08 21:00:00,1771.8,-1.7,0
2017-11-08 22:00:00,1726.5,-2.2,0
2017-11-08 23:00:00,1651.3,-2.2,0
2017-11-09 00:00:00,1553.6,-2.8,0
2017-11-09 01:00:00,1551.5,-2.8,0
2017-11-09 02:00:00,1701.4,-5.0,0
2017-11-09 03:00:00,1711.1,-5.0,0
2017-11-09 04:00:00,1534.8,-5.0,0
2017-11-09 05:00:00,1450.0,-5.0,0
2017-11-09 06:00:00,1748.7,-5.0,0
2017-11-09 07:00:00,2075.0,-6.1,0
2017-11-09 08:00:00,2214.8,-3.3,0
2017-11-09 09:00:00,1771.7,2.2,0
2017-11-09 10:00:00,1606.7,3.3,0
2017-11-09 11:00:00,1430.1,4.4,0
2017-11-09 12:00:00,1318.9,6.1,0
2017-11-09 13:00:00,1272.2,7.2,0
2017-11-09 14:00:00,1249.8,6.1,0
2017-11-09 15:00:00,1236.2,6.7,0
2017-11-09 16:00:00,1266.5,6.7,0
2017-11-09 17:00:00,1277.6,5.6,0
2017-11-09 18:00:00,1273.7,5.0,0
2017-11-09 19:00:00,1419.2,5.0,0
2017-11-09 20:00:00,1508.7,5.6,0
2017-11-09 21:00:00,1408.7,5.6,0
2017-11-09 22:00:00,1223.0,6.1,0
2017-11-09 23:00:00,1247.9,2.0,0
2017-11-10 00:00:00,1441.1,1.7,0
2017-11-10 01:00:00,1674.1,0.0,0
2017-11-10 02:00:00,1644.6,-1.7,0
2017-11-10 03:00:00,1619.6,-2.2,0
2017-11-10 04:00:00,1516.6,-2.8,0
2017-11-10 05:00:00,1553.5,-4.4,0
2017-11-10 06:00:00,1934.8,-5.0,0
2017-11-10 07:00:00,2473.9,-5.6,0
2017-11-10 08:00:00,2570.3,-7.0,0
2017-11-10 09:00:00,2429.6,-6.1,0
2017-11-10 10:00:00,2245.3,-5.6,0
2017-11-10 11:00:00,2224.5,-6.1,0
2017-11-10 12:00:00,2275.8,-6.1,0
2017-11-10 13:00:00,2478.2,-7.2,0
2017-11-10 14:00:00,2467.7,-7.2,0
2017-11-10 15:00:00,2351.0,-7.2,0
2017-11-10 16:00:00,2283.3,-6.7,0
2017-11-10 17:00:00,2309.3,-7.2,0
2017-11-10 18:00:00,2552.6,-7.2,0
2017-11-10 19:00:00,2585.1,-7.2,1
2017-11-10 20:00:00,2617.6,-7.2,0
2017-11-10 21:00:00,2347.0,-6.7,0
2017-11-10 22:00:00,2067.7,-6.7,0
2017-11-10 23:00:00,2148.8,-6.1,0
2017-11-11 00:00:00,2264.9,-6.7,0
2017-11-11 01:00:00,2297.3,-7.8,0
2017-11-11 02:00:00,1981.5,-7.2,0
2017-11-11 03:00:00,1848.7,-7.8,0
2017-11-11 04:00:00,1843.4,-8.9,0
2017-11-11 05:00:00,2086.1,-7.8,0
2017-11-11 06:00:00,2310.7,-8.3,0
2017-11-11 07:00:00,2276.2,-9.4,0
2017-11-11 08:00:00,2197.0,-8.9,0
2017-11-11 09:00:00,2143.8,-3.9,0
2017-11-11 10:00:00,2164.8,-1.7,0
2017-11-11 11:00:00,2283.3,-2.2,0
2017-11-11 12:00:00,2271.9,-1.1,0
2017-11-11 13:00:00,1891.2,0.6,0
2017-11-11 14:00:00,1729.8,-0.6,0
2017-11-11 15:00:00,1733.1,0.6,0
2017-11-11 16:00:00,1910.4,0.0,0
2017-11-11 17:00:00,2013.9,-2.8,0
2017-11-11 18:00:00,2042.4,-3.3,0
2017-11-11 19:00:00,1863.5,-2.2,0
2017-11-11 20:00:00,1888.0,-2.2,0
2017-11-11 21:00:00,1931.3,-2.2,0
2017-11-11 22:00:00,2103.9,-2.8,0
2017-11-11 23:00:00,2028.3,-2.2,0
2017-11-12 00:00:00,1734.0,-2.8,0
2017-11-12 01:00:00,1621.7,-3.3,0
2017-11-12 02:00:00,1591.3,-2.2,0
2017-11-12 03:00:00,1656.0,-2.8,0
2017-11-12 04:00:00,1835.6,-3.3,0
2017-11-12 05:00:00,1838.0,-3.9,0
2017-11-12 06:00:00,1690.5,-3.9,0
2017-11-12 07:00:00,1767.2,-4.4,0
2017-11-12 08:00:00,1783.4,-2.8,0
2017-11-12 09:00:00,1991.4,-0.6,0
2017-11-12 10:00:00,1969.7,1.1,0
2017-11-12 11:00:00,1622.8,2.2,0
2017-11-12 12:00:00,1386.0,3.9,0
2017-11-12 13:00:00,1362.6,4.4,0
2017-11-12 14:00:00,1461.6,5.0,0
2017-11-12 15:00:00,1434.0,5.0,0
2017-11-12 16:00:00,1418.3,4.4,0
2017-11-12 17:00:00,1505.0,3.3,0
2017-11-12 18:00:00,1475.2,2.2,0
2017-11-12 19:00:00,1513.4,3.3,0
2017-11-12 20:00:00,1588.9,2.8,0
2017-11-12 21:00:00,1743.2,1.1,0
2017-11-12 22:00:00,1667.7,1.7,0
2017-11-12 23:00:00,1534.2,1.7,0
2017-11-13 00:00:00,1519.2,1.1,0
2017-11-13 01:00:00,1488.7,0.6,0
2017-11-13 02:00:00,1487.4,0.6,0
2017-11-13 03:00:00,1544.1,0.6,0
2017-11-13 04:00:00,1468.8,0.6,0
2017-11-13 05:00:00,1485.8,0.6,0
2017-11-13 06:00:00,1442.7,0.6,0
2017-11-13 07:00:00,1587.9,0.6,0
2017-11-13 08:00:00,1836.7,1.1,0
2017-11-13 09:00:00,1927.8,1.7,0
2017-11-13 10:00:00,1791.1,2.2,0
2017-11-13 11:00:00,1556.3,3.9,0
2017-11-13 12:00:00,1281.2,5.0,0
2017-11-13 13:00:00,1180.5,6.1,0
2017-11-13 14:00:00,1181.8,6.7,0
2017-11-13 15:00:00,1299.3,5.6,0
2017-11-13 16:00:00,1503.1,4.4,0
2017-11-13 17:00:00,1642.3,3.3,0
2017-11-13 18:00:00,1578.2,2.8,0
2017-11-13 19:00:00,1466.5,2.8,0
2017-11-13 20:00:00,1440.2,2.8,0
2017-11-13 21:00:00,1440.8,2.8,0
2017-11-13 22:00:00,1476.9,2.8,0
2017-11-13 23:00:00,1585.8,2.8,0
2017-11-14 00:00:00,1562.9,2.8,0
2017-11-14 01:00:00,1281.0,2.8,0
2017-11-14 02:00:00,1191.3,2.8,0
2017-11-14 03:00:00,1239.2,2.8,0
2017-11-14 04:00:00,1330.6,2.8,0
2017-11-14 05:00:00,1327.1,2.8,0
2017-11-14 06:00:00,1334.2,2.8,0
2017-11-14 07:00:00,1489.7,2.2,0
2017-11-14 08:00:00,1586.6,2.2,0
2017-11-14 09:00:00,1787.2,2.8,0
2017-11-14 10:00:00,1771.9,2.8,0
2017-11-14 11:00:00,1682.7,2.8,0
2017-11-14 12:00:00,1557.2,3.3,0
2017-11-14 13:00:00,1436.9,3.0,0
2017-11-14 14:00:00,1382.9,3.9,0
2017-11-14 15:00:00,1388.2,3.3,0
2017-11-14 16:00:00,1608.2,3.3,0
2017-11-14 17:00:00,1575.7,2.8,0
2017-11-14 18:00:00,1551.8,2.2,0
2017-11-14 19:00:00,1552.1,1.7,0
2017-11-14 20:00:00,1410.1,1.7,0
2017-11-14 21:00:00,1450.7,1.7,0
2017-11-14 22:00:00,1684.5,1.7,0
2017-11-14 23:00:00,1690.3,1.1,0
2017-11-15 00:00:00,1389.4,0.0,0
2017-11-15 01:00:00,1246.1,-0.6,0
2017-11-15 02:00:00,1261.2,-0.6,0
2017-11-15 03:00:00,1372.6,-1.7,0
2017-11-15 04:00:00,1567.3,-2.2,0
2017-11-15 05:00:00,1474.5,-2.2,0
2017-11-15 06:00:00,1633.2,-2.8,0
2017-11-15 07:00:00,1788.0,-3.3,0
2017-11-15 08:00:00,2057.4,-2.2,0
2017-11-15 09:00:00,1894.2,1.1,0
2017-11-15 10:00:00,1751.1,3.3,0
2017-11-15 11:00:00,1391.8,4.4,0
2017-11-15 12:00:00,1229.4,5.0,0
2017-11-15 13:00:00,1235.3,6.7,0
2017-11-15 14:00:00,1179.3,6.7,0
2017-11-15 15:00:00,1177.5,6.7,0
2017-11-15 16:00:00,1293.1,6.1,0
2017-11-15 17:00:00,1295.7,5.6,0
2017-11-15 18:00:00,1400.1,5.6,0
2017-11-15 19:00:00,1453.0,5.6,0
2017-11-15 20:00:00,1360.9,5.6,0
2017-11-15 21:00:00,1324.1,5.6,0
2017-11-15 22:00:00,1327.5,5.6,0
2017-11-15 23:00:00,1198.0,5.6,0
2017-11-16 00:00:00,1095.6,6.1,0
2017-11-16 01:00:00,1042.6,6.7,0
2017-11-16 02:00:00,1011.4,6.7,0
2017-11-16 03:00:00,1152.0,6.7,0
2017-11-16 04:00:00,986.5,6.7,0
2017-11-16 05:00:00,1059.1,6.7,0
2017-11-16 06:00:00,987.2,6.7,0
2017-11-16 07:00:00,1135.7,6.7,0
2017-11-16 08:00:00,1445.6,5.6,0
2017-11-16 09:00:00,1404.7,6.7,0
2017-11-16 10:00:00,1263.8,7.8,0
2017-11-16 11:00:00,1114.0,7.8,0
2017-11-16 12:00:00,1107.6,5.6,0
2017-11-16 13:00:00,1264.2,6.7,0
2017-11-16 14:00:00,1322.2,5.6,0
2017-11-16 15:00:00,1378.5,5.6,0
2017-11-16 16:00:00,1301.1,5.0,0
2017-11-16 17:00:00,1233.7,5.0,0
2017-11-16 18:00:00,1418.1,3.9,0
2017-11-16 19:00:00,1544.1,3.3,0
2017-11-16 20:00:00,1684.3,3.3,0
2017-11-16 21:00:00,1443.4,2.8,0
2017-11-16 22:00:00,1452.1,2.2,0
2017-11-16 23:00:00,1522.3,1.7,0
2017-11-17 00:00:00,1659.4,1.1,0
2017-11-17 01:00:00,1563.2,0.6,0
2017-11-17 02:00:00,1443.5,0.0,0
2017-11-17 03:00:00,1322.0,-0.6,0
2017-11-17 04:00:00,1363.0,-1.1,0
2017-11-17 05:00:00,1540.3,-1.1,1
2017-11-17 06:00:00,1717.6,-1.1,0
2017-11-17 07:00:00,1941.2,-1.7,0
2017-11-17 08:00:00,1993.8,-1.7,0
2017-11-17 09:00:00,2001.9,-1.7,0
2017-11-17 10:00:00,2018.2,-1.1,0
2017-11-17 11:00:00,1921.3,-0.6,0
2017-11-17 12:00:00,1776.8,1.1,0
2017-11-17 13:00:00,1664.3,1.1,0
2017-11-17 14:00:00,1555.6,1.7,0
2017-11-17 15:00:00,1479.3,1.7,0
2017-11-17 16:00:00,1555.1,1.1,0
2017-11-17 17:00:00,1620.5,-0.6,0
2017-11-17 18:00:00,1673.6,-3.3,0
2017-11-17 19:00:00,1708.7,-1.7,0
2017-11-17 20:00:00,1763.6,-1.7,0
2017-11-17 21:00:00,1852.3,-1.7,0
2017-11-17 22:00:00,1729.8,-2.2,0
2017-11-17 23:00:00,1760.3,-3.3,0
2017-11-18 00:00:00,1717.6,-1.1,0
2017-11-18 01:00:00,1547.4,0.0,0
2017-11-18 02:00:00,1597.5,0.0,0
2017-11-18 03:00:00,1388.7,0.6,0
2017-11-18 04:00:00,1393.5,1.1,0
2017-11-18 05:00:00,1535.1,1.1,0
2017-11-18 06:00:00,1585.3,1.7,0
2017-11-18 07:00:00,1542.4,2.8,0
2017-11-18 08:00:00,1590.5,2.8,0
2017-11-18 09:00:00,1435.4,3.9,0
2017-11-18 10:00:00,1490.8,5.0,0
2017-11-18 11:00:00,1621.2,5.6,0
2017-11-18 12:00:00,1613.7,6.1,0
2017-11-18 13:00:00,1391.7,5.6,0
2017-11-18 14:00:00,1277.9,5.0,0
2017-11-18 15:00:00,1336.5,5.0,0
2017-11-18 16:00:00,1451.4,5.0,0
2017-11-18 17:00:00,1463.8,5.0,0
2017-11-18 18:00:00,1433.7,5.0,0
2017-11-18 19:00:00,1430.1,5.0,0
2017-11-18 20:00:00,1257.6,5.6,0
2017-11-18 21:00:00,1260.8,5.6,0
2017-11-18 22:00:00,1334.8,6.7,0
2017-11-18 23:00:00,1348.0,7.2,0
2017-11-19 00:00:00,1152.0,7.8,0
2017-11-19 01:00:00,1002.6,7.8,0
2017-11-19 02:00:00,980.1,8.3,0
2017-11-19 03:00:00,913.4,8.9,0
2017-11-19 04:00:00,1073.9,10.0,0
2017-11-19 05:00:00,1092.8,5.0,0
2017-11-19 06:00:00,1217.6,3.3,0
2017-11-19 07:00:00,1297.0,1.7,0
2017-11-19 08:00:00,1568.9,1.1,0
2017-11-19 09:00:00,1727.5,1.1,0
2017-11-19 10:00:00,1816.9,1.7,0
2017-11-19 11:00:00,1724.0,1.7,0
2017-11-19 12:00:00,1629.3,2.2,0
2017-11-19 13:00:00,1795.5,1.1,0
2017-11-19 14:00:00,1761.4,1.7,0
2017-11-19 15:00:00,1817.4,2.2,0
2017-11-19 16:00:00,1662.0,2.2,0
2017-11-19 17:00:00,1889.6,1.7,0
2017-11-19 18:00:00,1597.0,0.6,0
2017-11-19 19:00:00,1688.5,0.0,0
2017-11-19 20:00:00,1891.2,0.0,0
2017-11-19 21:00:00,1988.2,-0.6,0
2017-11-19 22:00:00,1953.8,-0.6,0
2017-11-19 23:00:00,1823.3,-1.1,0
2017-11-20 00:00:00,1591.2,-1.7,0
2017-11-20 01:00:00,1573.3,-1.7,0
2017-11-20 02:00:00,1586.3,-2.8,0
2017-11-20 03:00:00,1625.8,-2.2,0
2017-11-20 04:00:00,1583.1,-1.7,0
2017-11-20 05:00:00,1517.2,-1.1,0
2017-11-20 06:00:00,1479.6,-1.1,0
2017-11-20 07:00:00,1699.0,-1.1,0
2017-11-20 08:00:00,2127.3,-1.1,0
2017-11-20 09:00:00,2168.9,-0.6,0
2017-11-20 10:00:00,1999.8,0.0,0
2017-11-20 11:00:00,1652.5,0.0,0
2017-11-20 12:00:00,1600.6,0.6,0
2017-11-20 13:00:00,1813.1,1.1,0
2017-11-20 14:00:00,1829.9,1.1,0
2017-11-20 15:00:00,1681.1,1.7,0
2017-11-20 16:00:00,1459.6,2.2,0
2017-11-20 17:00:00,1389.5,-1.1,0
2017-11-20 18:00:00,1589.2,-2.2,0
2017-11-20 19:00:00,1905.7,1.1,0
2017-11-20 20:00:00,1721.1,2.2,0
2017-11-20 21:00:00,1513.6,2.2,0
2017-11-20 22:00:00,1411.0,1.7,0
2017-11-20 23:00:00,1419.9,2.2,0
2017-11-21 00:00:00,1391.0,2.8,0
2017-11-21 01:00:00,1492.4,3.3,0
2017-11-21 02:00:00,1455.4,2.8,0
2017-11-21 03:00:00,1227.7,2.8,0
2017-11-21 04:00:00,1175.5,1.7,0
2017-11-21 05:00:00,1287.3,1.7,0
2017-11-21 06:00:00,1559.9,1.1,0
2017-11-21 07:00:00,1834.8,1.7,0
2017-11-21 08:00:00,1685.1,2.8,0
2017-11-21 09:00:00,1440.2,5.6,0
2017-11-21 10:00:00,1239.2,7.8,0
2017-11-21 11:00:00,1098.2,11.1,0
2017-11-21 12:00:00,987.9,11.7,0
2017-11-21 13:00:00,895.6,12.2,0
2017-11-21 14:00:00,727.6,14.4,0
2017-11-21 15:00:00,825.5,11.7,0
2017-11-21 16:00:00,948.5,10.6,0
2017-11-21 17:00:00,1058.3,10.0,0
2017-11-21 18:00:00,1105.5,8.9,0
2017-11-21 19:00:00,1135.8,8.3,0
2017-11-21 20:00:00,1191.6,7.8,0
2017-11-21 21:00:00,1145.8,7.8,0
2017-11-21 22:00:00,1050.1,7.8,0
2017-11-21 23:00:00,1086.2,7.2,0
2017-11-22 00:00:00,1012.9,7.2,0
2017-11-22 01:00:00,973.2,7.2,0
2017-11-22 02:00:00,924.9,7.2,0
2017-11-22 03:00:00,906.6,6.7,0
2017-11-22 04:00:00,908.0,6.7,0
2017-11-22 05:00:00,1040.6,5.6,0
2017-11-22 06:00:00,1354.3,2.8,0
2017-11-22 07:00:00,1507.0,0.6,0
2017-11-22 08:00:00,1606.3,0.6,0
2017-11-22 09:00:00,1644.8,0.0,0
2017-11-22 10:00:00,1485.3,0.6,0
2017-11-22 11:00:00,1511.9,1.1,0
2017-11-22 12:00:00,1449.0,1.7,0
2017-11-22 13:00:00,1473.2,0.6,0
2017-11-22 14:00:00,1833.7,-0.6,0
2017-11-22 15:00:00,1965.8,-0.6,0
2017-11-22 16:00:00,2038.9,-0.6,0
2017-11-22 17:00:00,1846.5,-1.1,0
2017-11-22 18:00:00,1737.7,-1.7,0
2017-11-22 19:00:00,1952.6,-2.2,0
2017-11-22 20:00:00,2080.4,-2.2,0
2017-11-22 21:00:00,1988.0,-2.2,0
2017-11-22 22:00:00,1985.6,-2.8,0
2017-11-22 23:00:00,1657.2,-2.8,0
2017-11-23 00:00:00,1673.5,-2.8,0
2017-11-23 01:00:00,1670.1,-2.8,0
2017-11-23 02:00:00,1636.6,-2.8,0
2017-11-23 03:00:00,1788.6,-2.8,0
2017-11-23 04:00:00,1717.6,-2.8,0
2017-11-23 05:00:00,1707.2,-2.8,0
2017-11-23 06:00:00,1805.6,-3.3,0
2017-11-23 07:00:00,1927.8,-3.3,0
2017-11-23 08:00:00,2111.1,-2.8,0
2017-11-23 09:00:00,2138.8,-1.7,0
2017-11-23 10:00:00,1843.5,-1.1,0
2017-11-23 11:00:00,1730.7,0.0,0
2017-11-23 12:00:00,1588.9,0.6,0
2017-11-23 13:00:00,1623.1,1.7,0
2017-11-23 14:00:00,1811.0,0.6,0
2017-11-23 15:00:00,1802.7,0.6,0
2017-11-23 16:00:00,1769.1,0.6,0
2017-11-23 17:00:00,1803.4,0.6,0
2017-11-23 18:00:00,1649.0,0.0,0
2017-11-23 19:00:00,1810.1,0.0,0
2017-11-23 20:00:00,1712.5,0.0,0
2017-11-23 21:00:00,1661.2,0.6,0
2017-11-23 22:00:00,1846.2,1.1,0
2017-11-23 23:00:00,1747.6,0.6,0
2017-11-24 00:00:00,1482.5,0.6,0
2017-11-24 01:00:00,1335.8,0.6,0
2017-11-24 02:00:00,1329.0,1.1,0
2017-11-24 03:00:00,1564.4,1.1,0
2017-11-24 04:00:00,1545.3,1.7,0
2017-11-24 05:00:00,1471.9,1.7,0
2017-11-24 06:00:00,1544.6,1.7,0
2017-11-24 07:00:00,1597.5,1.1,0
2017-11-24 08:00:00,1780.5,1.1,0
2017-11-24 09:00:00,1895.1,2.8,0
2017-11-24 10:00:00,1578.5,4.4,0
2017-11-24 11:00:00,1164.7,6.7,0
2017-11-24 12:00:00,1044.9,8.3,0
2017-11-24 13:00:00,1025.3,10.0,0
2017-11-24 14:00:00,1046.1,10.6,0
2017-11-24 15:00:00,1063.3,11.1,0
2017-11-24 16:00:00,996.2,10.0,0
2017-11-24 17:00:00,1041.5,7.2,0
2017-11-24 18:00:00,1149.0,6.7,0
2017-11-24 19:00:00,1422.1,6.1,0
2017-11-24 20:00:00,1404.5,5.0,0
2017-11-24 21:00:00,1420.4,5.0,0
2017-11-24 22:00:00,1239.5,5.0,0
2017-11-24 23:00:00,1193.4,5.0,0
2017-11-25 00:00:00,1105.7,5.6,0
2017-11-25 01:00:00,1160.5,5.6,0
2017-11-25 02:00:00,1146.8,4.4,0
2017-11-25 03:00:00,1118.1,5.0,0
2017-11-25 04:00:00,1178.1,5.0,0
2017-11-25 05:00:00,1170.5,5.0,0
2017-11-25 06:00:00,1181.7,5.6,0
2017-11-25 07:00:00,1323.3,5.0,0
2017-11-25 08:00:00,1236.4,5.6,0
2017-11-25 09:00:00,1325.9,6.7,0
2017-11-25 10:00:00,1186.7,6.7,0
2017-11-25 11:00:00,1133.3,7.8,0
2017-11-25 12:00:00,1112.5,10.0,0
2017-11-25 13:00:00,893.7,12.2,0
2017-11-25 14:00:00,739.4,11.7,0
2017-11-25 15:00:00,862.3,11.1,0
2017-11-25 16:00:00,1030.8,10.0,0
2017-11-25 17:00:00,1228.5,7.2,0
2017-11-25 18:00:00,1378.7,6.1,0
2017-11-25 19:00:00,1284.0,6.1,0
2017-11-25 20:00:00,1172.9,6.1,0
2017-11-25 21:00:00,1170.1,5.0,0
2017-11-25 22:00:00,1243.9,5.0,0
2017-11-25 23:00:00,1359.3,4.4,0
2017-11-26 00:00:00,1279.8,3.9,0
2017-11-26 01:00:00,1189.9,3.9,0
2017-11-26 02:00:00,1090.9,3.9,0
2017-11-26 03:00:00,1242.8,2.2,0
2017-11-26 04:00:00,1218.2,1.1,0
2017-11-26 05:00:00,1430.5,0.6,0
2017-11-26 06:00:00,1578.2,0.6,0
2017-11-26 07:00:00,1643.0,0.0,0
2017-11-26 08:00:00,1616.8,0.0,0
2017-11-26 09:00:00,1642.3,0.0,0
2017-11-26 10:00:00,1640.3,0.6,0
2017-11-26 11:00:00,1593.9,0.6,0
2017-11-26 12:00:00,1691.6,0.6,0
2017-11-26 13:00:00,1920.2,0.6,0
2017-11-26 14:00:00,1824.4,1.1,0
2017-11-26 15:00:00,1775.3,0.6,0
2017-11-26 16:00:00,1554.2,1.1,0
2017-11-26 17:00:00,1717.8,0.6,0
2017-11-26 18:00:00,1793.5,0.6,0
2017-11-26 19:00:00,1951.2,1.1,0
2017-11-26 20:00:00,1781.8,-0.6,0
2017-11-26 21:00:00,1623.1,0.0,0
2017-11-26 22:00:00,1562.5,0.6,0
2017-11-26 23:00:00,1732.2,1.7,0
2017-11-27 00:00:00,1659.8,2.2,0
2017-11-27 01:00:00,1402.1,2.2,0
2017-11-27 02:00:00,1276.2,1.7,0
2017-11-27 03:00:00,1259.1,2.2,0
2017-11-27 04:00:00,1334.8,3.3,0
2017-11-27 05:00:00,1480.6,3.3,0
2017-11-27 06:00:00,1471.1,2.2,0
2017-11-27 07:00:00,1700.1,2.8,0
2017-11-27 08:00:00,1750.1,2.8,0
2017-11-27 09:00:00,1597.7,2.8,0
2017-11-27 10:00:00,1772.7,2.2,0
2017-11-27 11:00:00,1898.4,2.2,0
2017-11-27 12:00:00,1869.2,2.2,0
2017-11-27 13:00:00,1788.3,2.2,0
2017-11-27 14:00:00,1582.9,1.7,0
2017-11-27 15:00:00,1482.4,1.1,0
2017-11-27 16:00:00,1653.1,0.0,0
2017-11-27 17:00:00,1746.1,-1.1,0
2017-11-27 18:00:00,1897.3,-2.2,0
2017-11-27 19:00:00,1967.1,-2.8,0
2017-11-27 20:00:00,1882.8,-3.3,0
2017-11-27 21:00:00,1876.5,-6.1,0
2017-11-27 22:00:00,1857.6,-6.1,0
2017-11-27 23:00:00,1817.4,-6.1,0
2017-11-28 00:00:00,1808.7,-5.6,0
2017-11-28 01:00:00,1703.7,-5.6,0
2017-11-28 02:00:00,1536.0,-4.4,0
2017-11-28 03:00:00,1517.1,-3.3,0
2017-11-28 04:00:00,1569.2,-2.2,0
2017-11-28 05:00:00,1659.9,-1.7,0
2017-11-28 06:00:00,1848.9,-0.6,0
2017-11-28 07:00:00,1822.7,0.0,0
2017-11-28 08:00:00,2017.4,0.6,0
2017-11-28 09:00:00,1690.1,3.3,0
2017-11-28 10:00:00,1501.9,5.0,0
2017-11-28 11:00:00,1251.4,7.8,0
2017-11-28 12:00:00,1055.7,10.6,0
2017-11-28 13:00:00,1006.0,11.7,0
2017-11-28 14:00:00,810.4,12.2,0
2017-11-28 15:00:00,798.4,12.8,0
2017-11-28 16:00:00,827.1,11.7,0
2017-11-28 17:00:00,1007.3,10.6,0
2017-11-28 18:00:00,995.0,10.0,0
2017-11-28 19:00:00,1362.2,9.4,0
2017-11-28 20:00:00,1232.4,9.4,0
2017-11-28 21:00:00,1088.2,8.9,0
2017-11-28 22:00:00,1042.7,8.3,0
2017-11-28 23:00:00,1085.6,8.3,0
2017-11-29 00:00:00,1015.1,8.9,0
2017-11-29 01:00:00,1052.8,8.9,0
2017-11-29 02:00:00,866.7,10.0,0
2017-11-29 03:00:00,711.7,10.6,0
2017-11-29 04:00:00,745.6,10.6,0
2017-11-29 05:00:00,766.6,10.0,0
2017-11-29 06:00:00,962.4,9.4,0
2017-11-29 07:00:00,1181.2,10.0,0
2017-11-29 08:00:00,1234.3,9.4,0
2017-11-29 09:00:00,1214.4,8.9,0
2017-11-29 10:00:00,1181.5,7.8,0
2017-11-29 11:00:00,1158.5,7.8,0
2017-11-29 12:00:00,1210.8,7.2,0
2017-11-29 13:00:00,1286.1,6.7,0
2017-11-29 14:00:00,1272.5,6.7,0
2017-11-29 15:00:00,1165.7,5.6,0
2017-11-29 16:00:00,1061.9,4.4,0
2017-11-29 17:00:00,1163.9,3.9,0
2017-11-29 18:00:00,1192.0,3.3,0
2017-11-29 19:00:00,1256.3,2.8,0
2017-11-29 20:00:00,1364.3,0.6,0
2017-11-29 21:00:00,1417.0,-0.6,0
2017-11-29 22:00:00,1493.7,-3.9,0
2017-11-29 23:00:00,1348.5,-5.6,0
2017-11-30 00:00:00,1282.9,-5.0,0
2017-11-30 01:00:00,1269.3,-5.0,0
2017-11-30 02:00:00,1276.7,-5.6,0
2017-11-30 03:00:00,1308.6,-5.0,0
2017-11-30 04:00:00,1437.7,-5.0,0
2017-11-30 05:00:00,1402.1,-5.6,0
2017-11-30 06:00:00,1529.5,-2.2,0
2017-11-30 07:00:00,1782.9,-1.7,0
2017-11-30 08:00:00,1821.1,-0.6,0
2017-11-30 09:00:00,1696.9,-0.6,0
2017-11-30 10:00:00,1564.6,2.8,0
2017-11-30 11:00:00,1279.3,4.4,0
2017-11-30 12:00:00,1002.3,6.7,0
2017-11-30 13:00:00,913.0,7.8,0
2017-11-30 14:00:00,1020.4,7.8,0
2017-11-30 15:00:00,1120.3,7.8,0
2017-11-30 16:00:00,1106.0,7.8,0
2017-11-30 17:00:00,1066.6,7.8,0
2017-11-30 18:00:00,1141.7,5.6,0
2017-11-30 19:00:00,1127.4,5.0,0
2017-11-30 20:00:00,1147.1,5.0,0
2017-11-30 21:00:00,1242.5,5.0,0
2017-11-30 22:00:00,1174.6,5.0,0
2017-11-30 23:00:00,1051.0,5.6,0
2017-12-01 00:00:00,877.4,5.0,0
2017-12-01 01:00:00,937.8,5.0,0
2017-12-01 02:00:00,955.9,4.4,0
2017-12-01 03:00:00,1017.1,5.0,0
2017-12-01 04:00:00,973.6,4.4,0
2017-12-01 05:00:00,960.0,4.4,0
2017-12-01 06:00:00,956.2,4.4,0
2017-12-01 07:00:00,1228.6,3.9,0
2017-12-01 08:00:00,1410.2,3.9,0
2017-12-01 09:00:00,1453.9,4.4,0
2017-12-01 10:00:00,1334.3,4.4,0
2017-12-01 11:00:00,1448.1,4.4,0
2017-12-01 12:00:00,1381.8,4.4,0
2017-12-01 13:00:00,1382.3,5.0,0
2017-12-01 14:00:00,1455.8,5.0,0
2017-12-01 15:00:00,1328.7,5.6,0
2017-12-01 16:00:00,1166.1,4.4,0
2017-12-01 17:00:00,1313.3,1.7,0
2017-12-01 18:00:00,1522.3,-0.6,0
2017-12-01 19:00:00,1832.3,-1.7,0
2017-12-01 20:00:00,1763.9,-1.7,0
2017-12-01 21:00:00,1827.6,-1.7,0
2017-12-01 22:00:00,1768.0,-2.2,0
2017-12-01 23:00:00,1623.3,-1.7,0
2017-12-02 00:00:00,1703.3,-3.3,0
2017-12-02 01:00:00,1695.0,-4.4,0
2017-12-02 02:00:00,1640.3,-3.3,0
2017-12-02 03:00:00,1612.0,-3.3,0
2017-12-02 04:00:00,1488.7,-3.9,0
2017-12-02 05:00:00,1585.2,-3.3,0
2017-12-02 06:00:00,1570.6,-2.8,0
2017-12-02 07:00:00,1787.9,-3.3,0
2017-12-02 08:00:00,1719.5,-2.8,0
2017-12-02 09:00:00,1796.2,0.6,0
2017-12-02 10:00:00,1645.8,2.8,0
2017-12-02 11:00:00,1479.2,3.9,0
2017-12-02 12:00:00,1396.5,5.0,0
2017-12-02 13:00:00,1391.3,5.0,0
2017-12-02 14:00:00,1567.6,5.6,0
2017-12-02 15:00:00,1490.7,5.0,0
2017-12-02 16:00:00,1564.1,4.4,0
2017-12-02 17:00:00,1431.4,3.9,0
2017-12-02 18:00:00,1506.2,0.0,0
2017-12-02 19:00:00,1682.1,-2.2,0
2017-12-02 20:00:00,1782.0,-2.8,0
2017-12-02 21:00:00,1845.7,-1.7,0
2017-12-02 22:00:00,1828.1,0.6,0
2017-12-02 23:00:00,1584.6,0.0,0
2017-12-03 00:00:00,1493.5,-0.6,0
2017-12-03 01:00:00,1442.7,-1.1,0
2017-12-03 02:00:00,1461.1,-0.6,0
2017-12-03 03:00:00,1430.9,-1.1,0
2017-12-03 04:00:00,1482.8,-1.1,0
2017-12-03 05:00:00,1426.0,-1.1,0
2017-12-03 06:00:00,1440.0,-1.1,0
2017-12-03 07:00:00,1436.5,-1.7,0
2017-12-03 08:00:00,1564.5,-1.7,0
2017-12-03 09:00:00,1787.9,2.2,0
2017-12-03 10:00:00,1694.0,4.4,0
2017-12-03 11:00:00,1348.5,5.0,0
2017-12-03 12:00:00,1193.7,6.1,0
2017-12-03 13:00:00,1135.3,7.2,0
2017-12-03 14:00:00,1204.3,8.3,0
2017-12-03 15:00:00,1215.8,7.8,0
2017-12-03 16:00:00,1227.9,7.2,0
2017-12-03 17:00:00,1285.7,3.3,0
2017-12-03 18:00:00,1355.8,0.0,0
2017-12-03 19:00:00,1628.9,0.0,0
2017-12-03 20:00:00,1712.5,-0.6,0
2017-12-03 21:00:00,1699.5,-0.6,0
2017-12-03 22:00:00,1753.1,-1.1,0
2017-12-03 23:00:00,1654.5,0.0,0
2017-12-04 00:00:00,1540.2,-2.8,0
2017-12-04 01:00:00,1586.7,-3.3,0
2017-12-04 02:00:00,1587.9,-2.8,0
2017-12-04 03:00:00,1581.8,-3.3,0
2017-12-04 04:00:00,1510.5,-2.8,0
2017-12-04 05:00:00,1586.7,-2.8,0
2017-12-04 06:00:00,1676.0,-2.0,0
2017-12-04 07:00:00,1986.7,-1.1,0
2017-12-04 08:00:00,2115.8,-1.7,0
2017-12-04 09:00:00,2019.8,0.0,0
2017-12-04 10:00:00,1746.3,3.3,0
2017-12-04 11:00:00,1361.3,6.1,0
2017-12-04 12:00:00,1265.7,7.2,0
2017-12-04 13:00:00,1273.5,7.2,0
2017-12-04 14:00:00,1330.1,8.3,0
2017-12-04 15:00:00,1276.9,7.8,0
2017-12-04 16:00:00,1335.3,7.8,0
2017-12-04 17:00:00,1209.2,7.2,0
2017-12-04 18:00:00,1185.3,7.2,0
2017-12-04 19:00:00,1233.3,7.2,0
2017-12-04 20:00:00,1367.3,6.7,0
2017-12-04 21:00:00,1378.2,6.7,0
2017-12-04 22:00:00,1242.4,6.1,0
2017-12-04 23:00:00,1182.0,6.7,0
2017-12-05 00:00:00,1127.6,6.7,0
2017-12-05 01:00:00,1112.0,6.7,0
2017-12-05 02:00:00,1077.0,7.2,0
2017-12-05 03:00:00,944.3,7.2,0
2017-12-05 04:00:00,886.4,7.2,0
2017-12-05 05:00:00,862.2,7.8,0
2017-12-05 06:00:00,1111.4,8.3,0
2017-12-05 07:00:00,1250.8,8.9,0
2017-12-05 08:00:00,1273.3,8.9,0
2017-12-05 09:00:00,1201.7,7.8,0
2017-12-05 10:00:00,1194.7,8.9,0
2017-12-05 11:00:00,1126.4,9.4,0
2017-12-05 12:00:00,1145.3,9.4,0
2017-12-05 13:00:00,1233.1,8.9,0
2017-12-05 14:00:00,1194.5,8.9,0
2017-12-05 15:00:00,1149.7,9.4,0
2017-12-05 16:00:00,1125.8,9.4,0
2017-12-05 17:00:00,985.2,9.4,0
2017-12-05 18:00:00,964.9,10.0,0
2017-12-05 19:00:00,977.0,10.0,0
2017-12-05 20:00:00,1089.9,10.0,0
2017-12-05 21:00:00,1068.1,10.0,0
2017-12-05 22:00:00,979.6,10.0,0
2017-12-05 23:00:00,1031.6,6.7,0
2017-12-06 00:00:00,1034.2,4.4,0
2017-12-06 01:00:00,1233.0,2.2,0
2017-12-06 02:00:00,1417.0,1.7,0
2017-12-06 03:00:00,1382.5,0.6,0
2017-12-06 04:00:00,1251.0,-0.6,0
2017-12-06 05:00:00,1267.0,-0.6,0
2017-12-06 06:00:00,1468.5,-1.1,0
2017-12-06 07:00:00,1918.8,-2.2,0
2017-12-06 08:00:00,2127.7,-2.8,0
2017-12-06 09:00:00,1989.9,-1.1,0
2017-12-06 10:00:00,1645.1,0.6,0
2017-12-06 11:00:00,1571.8,1.1,0
2017-12-06 12:00:00,1623.7,2.2,0
2017-12-06 13:00:00,1629.9,3.3,0
2017-12-06 14:00:00,1563.3,2.2,0
2017-12-06 15:00:00,1561.2,2.2,0
2017-12-06 16:00:00,1525.6,2.2,0
2017-12-06 17:00:00,1712.6,1.7,0
2017-12-06 18:00:00,1642.8,1.7,0
2017-12-06 19:00:00,1640.5,1.7,0
2017-12-06 20:00:00,1612.5,1.1,0
2017-12-06 21:00:00,1707.8,1.1,0
2017-12-06 22:00:00,1668.0,1.1,0
2017-12-06 23:00:00,1703.1,1.1,0
2017-12-07 00:00:00,1395.5,1.1,0
2017-12-07 01:00:00,1252.0,1.7,0
2017-12-07 02:00:00,1243.5,1.7,0
2017-12-07 03:00:00,1402.9,1.1,0
2017-12-07 04:00:00,1398.9,0.0,0
2017-12-07 05:00:00,1487.6,0.0,0
2017-12-07 06:00:00,1494.5,0.0,0
2017-12-07 07:00:00,1590.5,0.0,0
2017-12-07 08:00:00,1938.0,-0.6,0
2017-12-07 09:00:00,1978.8,-0.6,0
2017-12-07 10:00:00,2038.1,-0.6,0
2017-12-07 11:00:00,1885.6,-0.6,0
2017-12-07 12:00:00,1844.0,0.0,0
2017-12-07 13:00:00,1637.2,0.6,0
2017-12-07 14:00:00,1697.2,1.1,0
2017-12-07 15:00:00,1632.3,1.7,0
2017-12-07 16:00:00,1725.5,1.7,0
2017-12-07 17:00:00,1934.5,0.6,0
2017-12-07 18:00:00,1978.3,-1.1,0
2017-12-07 19:00:00,1967.9,-2.2,0
2017-12-07 20:00:00,2006.6,-2.2,0
2017-12-07 21:00:00,1947.2,-2.2,0
2017-12-07 22:00:00,1853.8,-2.8,0
2017-12-07 23:00:00,1753.0,-3.3,0
2017-12-08 00:00:00,1853.7,-3.3,0
2017-12-08 01:00:00,1602.7,-2.8,0
2017-12-08 02:00:00,1565.7,-3.3,0
2017-12-08 03:00:00,1469.5,-3.9,0
2017-12-08 04:00:00,1510.9,-3.3,0
2017-12-08 05:00:00,1719.1,-3.3,0
2017-12-08 06:00:00,1977.7,-3.9,0
2017-12-08 07:00:00,2102.9,-5.0,0
2017-12-08 08:00:00,2211.8,-5.0,0
2017-12-08 09:00:00,2174.1,-3.3,0
2017-12-08 10:00:00,2159.6,-2.8,0
2017-12-08 11:00:00,1979.2,-1.7,0
2017-12-08 12:00:00,1733.8,-0.6,0
2017-12-08 13:00:00,1728.5,-1.1,0
2017-12-08 14:00:00,1931.6,-1.1,0
2017-12-08 15:00:00,1955.7,-1.7,0
2017-12-08 16:00:00,2080.3,-2.2,0
2017-12-08 17:00:00,2169.9,-3.3,0
2017-12-08 18:00:00,2123.6,-3.3,0
2017-12-08 19:00:00,2097.8,-3.9,0
2017-12-08 20:00:00,2091.1,-4.4,0
2017-12-08 21:00:00,2140.8,-5.0,0
2017-12-08 22:00:00,2127.3,-4.4,0
2017-12-08 23:00:00,1878.6,-5.0,0
2017-12-09 00:00:00,1801.2,-5.6,0
2017-12-09 01:00:00,1770.3,-5.0,0
2017-12-09 02:00:00,1879.4,-5.0,0
2017-12-09 03:00:00,1877.7,-5.0,0
2017-12-09 04:00:00,1671.9,-5.0,0
2017-12-09 05:00:00,1557.0,-6.7,0
2017-12-09 06:00:00,1623.9,-5.0,0
2017-12-09 07:00:00,2042.0,-5.6,0
2017-12-09 08:00:00,2187.8,-6.7,0
2017-12-09 09:00:00,2166.0,-4.4,0
2017-12-09 10:00:00,2109.8,-2.8,0
2017-12-09 11:00:00,2052.5,-2.8,0
2017-12-09 12:00:00,2059.6,-1.7,0
2017-12-09 13:00:00,2189.4,-1.1,0
2017-12-09 14:00:00,2106.6,-1.1,0
2017-12-09 15:00:00,2035.7,-1.1,0
2017-12-09 16:00:00,1989.6,-1.7,0
2017-12-09 17:00:00,1892.2,-2.8,0
2017-12-09 18:00:00,1871.9,-3.9,0
2017-12-09 19:00:00,2143.6,-5.0,0
2017-12-09 20:00:00,2266.7,-7.2,0
2017-12-09 21:00:00,2277.5,-8.9,0
2017-12-09 22:00:00,2274.9,-8.3,0
2017-12-09 23:00:00,2065.8,-7.8,0
2017-12-10 00:00:00,1755.8,-6.7,0
2017-12-10 01:00:00,1847.9,-7.2,0
2017-12-10 02:00:00,1737.3,-6.1,0
2017-12-10 03:00:00,1715.7,-4.4,0
2017-12-10 04:00:00,1733.5,-3.9,0
2017-12-10 05:00:00,1712.6,-3.3,0
2017-12-10 06:00:00,1705.8,-3.3,0
2017-12-10 07:00:00,1776.7,-3.3,0
2017-12-10 08:00:00,1862.4,-2.8,0
2017-12-10 09:00:00,2058.7,-2.2,0
2017-12-10 10:00:00,2160.0,-1.7,0
2017-12-10 11:00:00,1951.1,-1.7,0
2017-12-10 12:00:00,1874.8,-1.7,0
2017-12-10 13:00:00,1972.0,-1.7,0
2017-12-10 14:00:00,2098.9,-0.6,0
2017-12-10 15:00:00,2073.1,-1.7,0
2017-12-10 16:00:00,1883.9,-1.7,0
2017-12-10 17:00:00,1772.3,-1.1,0
2017-12-10 18:00:00,1902.8,-1.1,0
2017-12-10 19:00:00,2175.5,-1.1,0
2017-12-10 20:00:00,2193.7,-1.7,0
2017-12-10 21:00:00,2050.3,-1.7,0
2017-12-10 22:00:00,1784.4,-1.7,0
2017-12-10 23:00:00,1683.2,-1.7,0
2017-12-11 00:00:00,1856.9,-2.2,0
2017-12-11 01:00:00,1895.7,-1.7,0
2017-12-11 02:00:00,1738.3,-2.2,0
2017-12-11 03:00:00,1519.2,-2.2,0
2017-12-11 04:00:00,1531.5,-2.2,0
2017-12-11 05:00:00,1685.6,-2.8,0
2017-12-11 06:00:00,1923.8,-3.3,0
2017-12-11 07:00:00,2075.1,-3.3,0
2017-12-11 08:00:00,2176.0,-2.8,0
2017-12-11 09:00:00,2087.7,-2.8,0
2017-12-11 10:00:00,2044.5,-2.2,0
2017-12-11 11:00:00,1963.5,-0.6,0
2017-12-11 12:00:00,2122.6,-2.2,0
2017-12-11 13:00:00,2000.2,-2.2,0
2017-12-11 14:00:00,1930.9,-2.2,0
2017-12-11 15:00:00,2120.0,-2.8,0
2017-12-11 16:00:00,2244.0,-2.8,0
2017-12-11 17:00:00,2275.0,-2.8,0
2017-12-11 18:00:00,2080.3,-2.8,0
2017-12-11 19:00:00,1861.5,-2.8,0
2017-12-11 20:00:00,1818.7,-2.2,0
2017-12-11 21:00:00,1940.0,-1.7,0
2017-12-11 22:00:00,2019.1,-1.1,0
2017-12-11 23:00:00,1974.4,-1.1,0
2017-12-12 00:00:00,1579.7,-1.7,0
2017-12-12 01:00:00,1526.7,-2.2,0
2017-12-12 02:00:00,1531.9,-0.6,0
2017-12-12 03:00:00,1791.6,-0.6,0
2017-12-12 04:00:00,1702.2,-1.1,0
2017-12-12 05:00:00,1650.5,-1.1,0
2017-12-12 06:00:00,1571.2,-0.6,0
2017-12-12 07:00:00,1809.1,0.0,0
2017-12-12 08:00:00,2085.9,-0.6,0
2017-12-12 09:00:00,2071.4,0.0,0
2017-12-12 10:00:00,1906.7,1.1,0
2017-12-12 11:00:00,1685.4,1.1,0
2017-12-12 12:00:00,1709.4,1.1,0
2017-12-12 13:00:00,1928.3,0.0,0
2017-12-12 14:00:00,2184.0,-2.2,0
2017-12-12 15:00:00,2158.6,-2.2,0
2017-12-12 16:00:00,2192.4,-3.3,0
2017-12-12 17:00:00,2278.8,-3.9,0
2017-12-12 18:00:00,2154.4,-5.6,0
2017-12-12 19:00:00,2232.3,-6.7,0
2017-12-12 20:00:00,2434.8,-8.3,0
2017-12-12 21:00:00,2565.1,-8.9,0
2017-12-12 22:00:00,2621.1,-9.4,0
2017-12-12 23:00:00,2306.0,-9.4,0
2017-12-13 00:00:00,2112.1,-10.6,0
2017-12-13 01:00:00,2058.6,-10.6,0
2017-12-13 02:00:00,2335.4,-10.6,0
2017-12-13 03:00:00,2341.6,-10.6,0
2017-12-13 04:00:00,2323.9,-10.6,0
2017-12-13 05:00:00,2183.7,-10.6,0
2017-12-13 06:00:00,2217.9,-10.6,0
2017-12-13 07:00:00,2580.2,-10.6,0
2017-12-13 08:00:00,2593.9,-11.0,1
2017-12-13 09:00:00,2607.7,-10.0,1
2017-12-13 10:00:00,2621.5,-10.0,1
2017-12-13 11:00:00,2635.2,-9.4,0
2017-12-13 12:00:00,2566.5,-7.8,0
2017-12-13 13:00:00,2562.2,-7.2,0
2017-12-13 14:00:00,2547.8,-6.7,0
2017-12-13 15:00:00,2493.3,-7.2,0
2017-12-13 16:00:00,2508.3,-7.8,0
2017-12-13 17:00:00,2499.2,-9.4,0
2017-12-13 18:00:00,2458.1,-9.4,0
2017-12-13 19:00:00,2509.6,-11.1,1
2017-12-13 20:00:00,2561.1,-10.6,1
2017-12-13 21:00:00,2612.7,-10.0,0
2017-12-13 22:00:00,2366.7,-9.4,0
2017-12-13 23:00:00,2261.3,-9.4,0
2017-12-14 00:00:00,2191.6,-9.0,0
2017-12-14 01:00:00,2183.7,-9.4,0
2017-12-14 02:00:00,2299.2,-10.0,0
2017-12-14 03:00:00,2282.0,-9.4,0
2017-12-14 04:00:00,2142.3,-9.4,0
2017-12-14 05:00:00,2046.6,-10.0,0
2017-12-14 06:00:00,2176.4,-10.6,0
2017-12-14 07:00:00,2579.6,-9.4,0
2017-12-14 08:00:00,2589.7,-9.4,1
2017-12-14 09:00:00,2599.9,-8.9,1
2017-12-14 10:00:00,2610.0,-8.9,1
2017-12-14 11:00:00,2620.1,-8.9,1
2017-12-14 12:00:00,2630.2,-9.4,0
2017-12-14 13:00:00,2674.7,-8.9,0
2017-12-14 14:00:00,2688.9,-8.9,1
2017-12-14 15:00:00,2703.1,-8.3,1
2017-12-14 16:00:00,2717.4,-8.9,1
2017-12-14 17:00:00,2731.6,-11.1,1
2017-12-14 18:00:00,2745.8,-13.9,0
2017-12-14 19:00:00,2719.4,-17.2,1
2017-12-14 20:00:00,2692.9,-17.2,1
2017-12-14 21:00:00,2666.4,-11.7,1
2017-12-14 22:00:00,2640.0,-12.2,1
2017-12-14 23:00:00,2613.5,-12.8,0
2017-12-15 00:00:00,2262.2,-15.0,0
2017-12-15 01:00:00,2279.2,-15.6,0
2017-12-15 02:00:00,2533.1,-17.2,0
2017-12-15 03:00:00,2642.9,-16.7,0
2017-12-15 04:00:00,2524.5,-17.2,0
2017-12-15 05:00:00,2489.2,-17.2,0
2017-12-15 06:00:00,2518.8,-17.8,0
2017-12-15 07:00:00,2741.4,-15.6,0
2017-12-15 08:00:00,2680.9,-14.4,1
2017-12-15 09:00:00,2620.4,-10.6,1
2017-12-15 10:00:00,2559.9,-9.4,1
2017-12-15 11:00:00,2499.4,-7.8,0
2017-12-15 12:00:00,2247.3,-5.0,0
2017-12-15 13:00:00,2310.0,-5.0,0
2017-12-15 14:00:00,2411.9,-5.6,0
2017-12-15 15:00:00,2593.6,-5.6,0
2017-12-15 16:00:00,2533.8,-6.1,0
2017-12-15 17:00:00,2408.5,-6.1,0
2017-12-15 18:00:00,2245.9,-6.1,0
2017-12-15 19:00:00,2273.3,-6.7,0
2017-12-15 20:00:00,2438.9,-6.1,0
2017-12-15 21:00:00,2508.8,-6.1,0
2017-12-15 22:00:00,2449.2,-6.7,0
2017-12-15 23:00:00,2213.6,-5.6,0
2017-12-16 00:00:00,2066.4,-5.6,0
2017-12-16 01:00:00,1980.2,-5.6,0
2017-12-16 02:00:00,1887.4,-5.6,0
2017-12-16 03:00:00,1951.8,-5.6,0
2017-12-16 04:00:00,2045.9,-5.0,0
2017-12-16 05:00:00,2055.3,-5.0,0
2017-12-16 06:00:00,2101.6,-5.0,0
2017-12-16 07:00:00,2177.7,-5.0,0
2017-12-16 08:00:00,2152.4,-5.6,0
2017-12-16 09:00:00,2160.7,-5.0,0
2017-12-16 10:00:00,2077.4,-3.9,0
2017-12-16 11:00:00,2185.8,-2.2,0
2017-12-16 12:00:00,2351.5,-3.9,0
2017-12-16 13:00:00,2291.9,-3.9,0
2017-12-16 14:00:00,2248.4,-3.9,0
2017-12-16 15:00:00,2121.6,-4.4,0
2017-12-16 16:00:00,2171.9,-4.4,0
2017-12-16 17:00:00,2404.8,-5.0,0
2017-12-16 18:00:00,2514.3,-5.6,0
2017-12-16 19:00:00,2391.3,-5.6,0
2017-12-16 20:00:00,2215.0,-5.6,0
2017-12-16 21:00:00,2137.7,-5.6,0
2017-12-16 22:00:00,2174.1,-5.6,0
2017-12-16 23:00:00,2348.4,-5.6,0
2017-12-17 00:00:00,2190.5,-6.1,0
2017-12-17 01:00:00,1872.8,-6.1,0
2017-12-17 02:00:00,1833.2,-6.1,0
2017-12-17 03:00:00,1875.0,-6.3,0
2017-12-17 04:00:00,2142.0,-6.5,0
2017-12-17 05:00:00,2126.4,-6.6,0
2017-12-17 06:00:00,2191.3,-6.8,0
2017-12-17 07:00:00,2254.4,-7.0,0
2017-12-17 08:00:00,2132.0,-7.0,0
2017-12-17 09:00:00,2128.2,-6.0,0
2017-12-17 10:00:00,2201.8,-4.0,0
2017-12-17 11:00:00,2295.1,-4.0,0
2017-12-17 12:00:00,2339.2,-4.0,0
2017-12-17 13:00:00,2276.0,-3.0,0
2017-12-17 14:00:00,2224.9,-3.0,0
2017-12-17 15:00:00,2037.6,-4.0,0
2017-12-17 16:00:00,2007.3,-4.0,0
2017-12-17 17:00:00,2306.2,-5.0,0
2017-12-17 18:00:00,2301.2,-5.0,0
2017-12-17 19:00:00,2346.5,-5.0,0
2017-12-17 20:00:00,2072.8,-4.0,0
2017-12-17 21:00:00,1954.8,-4.0,0
2017-12-17 22:00:00,2063.5,-4.0,0
2017-12-17 23:00:00,2146.7,-3.4,0
2017-12-18 00:00:00,2016.0,-2.9,0
2017-12-18 01:00:00,1695.0,-2.3,0
2017-12-18 02:00:00,1513.0,-1.8,0
2017-12-18 03:00:00,1679.3,-1.2,0
2017-12-18 04:00:00,1939.5,-0.7,0
2017-12-18 05:00:00,1907.2,-0.1,0
2017-12-18 06:00:00,1849.2,0.4,0
2017-12-18 07:00:00,1780.9,1.0,0
2017-12-18 08:00:00,1865.8,1.0,0
2017-12-18 09:00:00,1994.5,1.0,0
2017-12-18 10:00:00,2008.6,2.0,0
2017-12-18 11:00:00,1770.3,3.0,0
2017-12-18 12:00:00,1536.2,3.0,0
2017-12-18 13:00:00,1495.6,3.0,0
2017-12-18 14:00:00,1569.0,3.0,0
2017-12-18 15:00:00,1689.3,4.0,0
2017-12-18 16:00:00,1619.6,4.0,0
2017-12-18 17:00:00,1420.0,4.0,0
2017-12-18 18:00:00,1355.6,4.0,0
2017-12-18 19:00:00,1368.1,4.0,0
2017-12-18 20:00:00,1537.2,4.0,0
2017-12-18 21:00:00,1531.3,4.0,0
2017-12-18 22:00:00,1587.9,3.0,0
2017-12-18 23:00:00,1435.5,3.1,0
2017-12-19 00:00:00,1234.8,3.2,0
2017-12-19 01:00:00,1153.8,3.3,0
2017-12-19 02:00:00,1167.1,3.4,0
2017-12-19 03:00:00,1368.0,3.6,0
2017-12-19 04:00:00,1498.5,3.7,0
2017-12-19 05:00:00,1203.9,3.8,0
2017-12-19 06:00:00,1279.7,3.9,0
2017-12-19 07:00:00,1620.2,4.0,0
2017-12-19 08:00:00,1593.9,5.0,1
2017-12-19 09:00:00,1567.6,6.0,1
2017-12-19 10:00:00,1541.3,7.0,0
2017-12-19 11:00:00,1015.0,8.0,0
2017-12-19 12:00:00,953.7,9.0,0
2017-12-19 13:00:00,961.1,10.0,0
2017-12-19 14:00:00,1089.3,11.0,0
2017-12-19 15:00:00,1103.5,9.0,0
2017-12-19 16:00:00,1126.4,9.0,0
2017-12-19 17:00:00,1075.7,9.0,0
2017-12-19 18:00:00,1140.0,8.0,0
2017-12-19 19:00:00,1176.5,6.0,0
2017-12-19 20:00:00,1263.4,6.0,0
2017-12-19 21:00:00,1418.5,4.0,0
2017-12-19 22:00:00,1371.3,4.0,0
2017-12-19 23:00:00,1296.3,3.6,0
2017-12-20 00:00:00,1200.4,3.1,0
2017-12-20 01:00:00,1236.7,2.7,0
2017-12-20 02:00:00,1366.8,2.2,0
2017-12-20 03:00:00,1476.9,1.8,0
2017-12-20 04:00:00,1571.1,1.3,0
2017-12-20 05:00:00,1527.3,0.9,0
2017-12-20 06:00:00,1545.9,0.4,0
2017-12-20 07:00:00,1660.4,0.0,0
2017-12-20 08:00:00,1688.8,0.0,0
2017-12-20 09:00:00,1780.1,0.0,0
2017-12-20 10:00:00,1990.6,1.0,0
2017-12-20 11:00:00,1814.4,0.0,0
2017-12-20 12:00:00,1689.7,0.0,0
2017-12-20 13:00:00,1790.7,0.0,0
2017-12-20 14:00:00,2039.1,-1.0,0
2017-12-20 15:00:00,1952.1,-1.0,0
2017-12-20 16:00:00,1910.2,-2.0,0
2017-12-20 17:00:00,1668.9,-2.0,0
2017-12-20 18:00:00,1852.9,-2.0,0
2017-12-20 19:00:00,1787.8,-2.0,0
2017-12-20 20:00:00,1936.9,-2.0,0
2017-12-20 21:00:00,1925.9,-2.0,0
2017-12-20 22:00:00,1912.9,-2.0,0
2017-12-20 23:00:00,1735.1,-2.3,0
2017-12-21 00:00:00,1603.6,-2.7,0
2017-12-21 01:00:00,1439.9,-3.0,0
2017-12-21 02:00:00,1730.4,-3.3,0
2017-12-21 03:00:00,1919.7,-3.7,0
2017-12-21 04:00:00,1918.3,-4.0,0
2017-12-21 05:00:00,1794.9,-4.3,0
2017-12-21 06:00:00,1848.1,-4.7,0
2017-12-21 07:00:00,1959.6,-5.0,0
2017-12-21 08:00:00,2256.6,-5.0,0
2017-12-21 09:00:00,2324.5,-5.0,0
2017-12-21 10:00:00,2175.5,-4.0,0
2017-12-21 11:00:00,1872.2,-3.0,0
2017-12-21 12:00:00,1645.8,-3.0,0
2017-12-21 13:00:00,1713.2,-3.0,0
2017-12-21 14:00:00,1852.9,-2.0,0
2017-12-21 15:00:00,1920.7,-2.0,0
2017-12-21 16:00:00,1941.7,-3.0,0
2017-12-21 17:00:00,1832.4,-3.0,0
2017-12-21 18:00:00,1763.7,-3.0,0
2017-12-21 19:00:00,1809.9,-3.0,0
2017-12-21 20:00:00,1974.7,-4.0,0
2017-12-21 21:00:00,2034.7,-4.0,0
2017-12-21 22:00:00,2029.0,-3.0,0
2017-12-21 23:00:00,1801.3,-2.9,0
2017-12-22 00:00:00,1593.8,-2.8,0
2017-12-22 01:00:00,1624.4,-2.7,0
2017-12-22 02:00:00,1886.5,-2.6,0
2017-12-22 03:00:00,1940.4,-2.4,0
2017-12-22 04:00:00,1802.9,-2.3,0
2017-12-22 05:00:00,1649.1,-2.2,0
2017-12-22 06:00:00,1681.7,-2.1,0
2017-12-22 07:00:00,1919.1,-2.0,0
2017-12-22 08:00:00,2171.4,-2.0,0
2017-12-22 09:00:00,1987.8,-1.0,0
2017-12-22 10:00:00,1743.2,-1.0,0
2017-12-22 11:00:00,1579.4,0.0,0
2017-12-22 12:00:00,1696.0,0.0,0
2017-12-22 13:00:00,1770.0,0.0,0
2017-12-22 14:00:00,1863.9,1.0,0
2017-12-22 15:00:00,1753.8,1.0,0
2017-12-22 16:00:00,1548.6,2.0,0
2017-12-22 17:00:00,1542.8,2.0,0
2017-12-22 18:00:00,1587.5,2.0,0
2017-12-22 19:00:00,1693.9,2.0,0
2017-12-22 20:00:00,1779.9,3.0,0
2017-12-22 21:00:00,1654.3,3.0,0
2017-12-22 22:00:00,1427.7,3.0,0
2017-12-22 23:00:00,1399.0,3.1,0
2017-12-23 00:00:00,1331.6,3.2,0
2017-12-23 01:00:00,1159.0,3.3,0
2017-12-23 02:00:00,1137.1,3.4,0
2017-12-23 03:00:00,1051.6,3.6,0
2017-12-23 04:00:00,1089.2,3.7,0
2017-12-23 05:00:00,1214.1,3.8,0
2017-12-23 06:00:00,1296.8,3.9,0
2017-12-23 07:00:00,1345.0,4.0,0
2017-12-23 08:00:00,1235.8,4.0,0
2017-12-23 09:00:00,1208.7,5.0,0
2017-12-23 10:00:00,1227.4,6.0,0
2017-12-23 11:00:00,1274.2,6.0,0
2017-12-23 12:00:00,1352.2,6.0,0
2017-12-23 13:00:00,1605.6,1.0,0
2017-12-23 14:00:00,1536.6,-1.0,0
2017-12-23 15:00:00,1725.8,-1.0,0
2017-12-23 16:00:00,1835.7,-1.0,0
2017-12-23 17:00:00,1758.2,-1.0,0
2017-12-23 18:00:00,1788.3,-2.0,0
2017-12-23 19:00:00,1736.8,-2.0,0
2017-12-23 20:00:00,1641.0,-2.0,0
2017-12-23 21:00:00,1710.9,-2.0,0
2017-12-23 22:00:00,1565.2,-1.0,0
2017-12-23 23:00:00,1787.3,-1.1,0
2017-12-24 00:00:00,1658.2,-1.2,0
2017-12-24 01:00:00,1352.7,-1.3,0
2017-12-24 02:00:00,1348.7,-1.4,0
2017-12-24 03:00:00,1368.3,-1.6,0
2017-12-24 04:00:00,1574.6,-1.7,0
2017-12-24 05:00:00,1706.6,-1.8,0
2017-12-24 06:00:00,1685.4,-1.9,0
2017-12-24 07:00:00,1640.4,-2.0,0
2017-12-24 08:00:00,1545.0,-3.0,0
2017-12-24 09:00:00,1521.7,-2.0,0
2017-12-24 10:00:00,1832.3,-2.0,0
2017-12-24 11:00:00,1739.9,-1.0,0
2017-12-24 12:00:00,1483.1,1.0,0
2017-12-24 13:00:00,1307.1,1.0,0
2017-12-24 14:00:00,1324.5,-1.0,0
2017-12-24 15:00:00,1396.5,-1.0,0
2017-12-24 16:00:00,1752.5,-1.0,0
2017-12-24 17:00:00,1713.0,-1.0,0
2017-12-24 18:00:00,1674.6,-1.0,0
2017-12-24 19:00:00,1509.6,-2.0,0
2017-12-24 20:00:00,1503.9,-1.0,0
2017-12-24 21:00:00,1582.2,-1.0,0
2017-12-24 22:00:00,1734.9,-1.0,0
2017-12-24 23:00:00,1800.8,-1.0,0
2017-12-25 00:00:00,1572.6,-1.0,0
2017-12-25 01:00:00,1359.3,-1.0,0
2017-12-25 02:00:00,1341.0,-1.0,0
2017-12-25 03:00:00,1486.2,-1.0,0
2017-12-25 04:00:00,1640.2,-1.0,0
2017-12-25 05:00:00,1605.3,-1.0,0
2017-12-25 06:00:00,1500.0,-1.0,0
2017-12-25 07:00:00,1506.8,-1.0,0
2017-12-25 08:00:00,1774.9,-2.0,0
2017-12-25 09:00:00,2077.5,-3.0,0
2017-12-25 10:00:00,2119.9,-3.0,0
2017-12-25 11:00:00,2036.2,-3.0,0
2017-12-25 12:00:00,1675.6,-4.0,0
2017-12-25 13:00:00,1652.3,-3.0,0
2017-12-25 14:00:00,1834.9,-4.0,0
2017-12-25 15:00:00,2037.0,-4.0,0
2017-12-25 16:00:00,2160.2,-5.0,0
2017-12-25 17:00:00,2028.2,-5.0,0
2017-12-25 18:00:00,1979.0,-6.0,0
2017-12-25 19:00:00,2041.5,-7.0,0
2017-12-25 20:00:00,2100.6,-7.0,0
2017-12-25 21:00:00,2318.9,-7.0,0
2017-12-25 22:00:00,2270.5,-7.0,0
2017-12-25 23:00:00,2281.8,-7.6,0
2017-12-26 00:00:00,1998.5,-8.1,0
2017-12-26 01:00:00,1911.5,-8.7,0
2017-12-26 02:00:00,1934.3,-9.2,0
2017-12-26 03:00:00,2087.8,-9.8,0
2017-12-26 04:00:00,2324.0,-10.3,0
2017-12-26 05:00:00,2320.7,-10.9,0
2017-12-26 06:00:00,2228.8,-11.4,0
2017-12-26 07:00:00,2239.4,-12.0,0
2017-12-26 08:00:00,2447.0,-12.0,0
2017-12-26 09:00:00,2645.8,-12.0,0
2017-12-26 10:00:00,2477.8,-10.0,1
2017-12-26 11:00:00,2309.8,-9.0,0
2017-12-26 12:00:00,2094.9,-9.0,0
2017-12-26 13:00:00,1989.7,-9.0,0
2017-12-26 14:00:00,2225.8,-9.0,0
2017-12-26 15:00:00,2412.2,-8.0,0
2017-12-26 16:00:00,2448.3,-10.0,0
2017-12-26 17:00:00,2514.0,-11.0,0
2017-12-26 18:00:00,2421.9,-11.0,0
2017-12-26 19:00:00,2388.3,-11.0,0
2017-12-26 20:00:00,2446.7,-12.0,0
2017-12-26 21:00:00,2577.8,-12.0,0
2017-12-26 22:00:00,2681.5,-12.0,0
2017-12-26 23:00:00,2617.8,-12.2,0
2017-12-27 00:00:00,2355.9,-12.4,0
2017-12-27 01:00:00,2156.4,-12.7,0
2017-12-27 02:00:00,2191.2,-12.9,0
2017-12-27 03:00:00,2619.7,-13.1,0
2017-12-27 04:00:00,2648.6,-13.3,0
2017-12-27 05:00:00,2597.0,-13.6,0
2017-12-27 06:00:00,2373.6,-13.8,0
2017-12-27 07:00:00,2536.8,-14.0,0
2017-12-27 08:00:00,2600.7,-16.0,1
2017-12-27 09:00:00,2664.6,-13.0,1
2017-12-27 10:00:00,2728.4,-12.0,1
2017-12-27 11:00:00,2792.3,-11.0,0
2017-12-27 12:00:00,2535.9,-11.0,0
2017-12-27 13:00:00,2555.9,-10.0,0
2017-12-27 14:00:00,2477.5,-9.0,0
2017-12-27 15:00:00,2765.0,-10.0,0
2017-12-27 16:00:00,2894.4,-10.0,0
2017-12-27 17:00:00,2883.3,-12.0,0
2017-12-27 18:00:00,2954.9,-12.0,0
2017-12-27 19:00:00,3012.3,-13.0,0
2017-12-27 20:00:00,3013.6,-13.0,0
2017-12-27 21:00:00,3041.0,-13.0,0
2017-12-27 22:00:00,2978.2,-12.0,0
2017-12-27 23:00:00,2983.6,-12.6,0
2017-12-28 00:00:00,2891.1,-13.1,0
2017-12-28 01:00:00,2763.7,-13.7,0
2017-12-28 02:00:00,2718.9,-14.2,0
2017-12-28 03:00:00,2747.4,-14.8,0
2017-12-28 04:00:00,2979.4,-15.3,0
2017-12-28 05:00:00,3026.6,-15.9,1
2017-12-28 06:00:00,3073.7,-16.4,1
2017-12-28 07:00:00,3120.8,-17.0,0
2017-12-28 08:00:00,3151.0,-17.0,0
2017-12-28 09:00:00,3140.6,-16.0,1
2017-12-28 10:00:00,3130.2,-15.0,1
2017-12-28 11:00:00,3119.8,-15.0,1
2017-12-28 12:00:00,3109.5,-14.0,1
2017-12-28 13:00:00,3099.1,-14.0,1
2017-12-28 14:00:00,3088.7,-14.0,1
2017-12-28 15:00:00,1920.7,-14.0,1
2017-12-28 16:00:00,1941.7,-13.9,1
2017-12-28 17:00:00,3057.5,-13.9,0
2017-12-28 18:00:00,2789.4,-14.4,0
2017-12-28 19:00:00,2772.3,-14.4,0
2017-12-28 20:00:00,2768.5,-14.4,1
2017-12-28 21:00:00,2764.8,-15.0,1
2017-12-28 22:00:00,2761.1,-14.4,1
2017-12-28 23:00:00,2757.4,-14.4,0
2017-12-29 00:00:00,2717.5,-13.3,0
2017-12-29 01:00:00,2624.7,-13.3,0
2017-12-29 02:00:00,2639.6,-13.3,1
2017-12-29 03:00:00,2654.6,-13.9,1
2017-12-29 04:00:00,2669.5,-13.9,1
2017-12-29 05:00:00,2684.4,-13.9,1
2017-12-29 06:00:00,2699.3,-13.9,0
2017-12-29 07:00:00,2910.3,-13.9,0
2017-12-29 08:00:00,2812.6,-13.3,1
2017-12-29 09:00:00,2714.9,-13.3,1
2017-12-29 10:00:00,2617.2,-12.0,1
2017-12-29 11:00:00,2519.4,-11.7,1
2017-12-29 12:00:00,2421.7,-10.0,0
2017-12-29 13:00:00,2373.0,-11.1,0
2017-12-29 14:00:00,2493.5,-11.1,0
2017-12-29 15:00:00,2533.7,-11.1,1
2017-12-29 16:00:00,2573.9,-10.6,1
2017-12-29 17:00:00,2614.1,-13.9,0
2017-12-29 18:00:00,2676.5,-17.8,0
2017-12-29 19:00:00,2728.8,-18.9,0
2017-12-29 20:00:00,2690.2,-19.4,1
2017-12-29 21:00:00,2651.7,-17.2,1
2017-12-29 22:00:00,2613.2,-16.1,1
2017-12-29 23:00:00,2574.6,-16.7,0
2017-12-30 00:00:00,2400.8,-15.6,0
2017-12-30 01:00:00,2512.6,-14.4,0
2017-12-30 02:00:00,2516.4,-13.3,1
2017-12-30 03:00:00,2520.2,-12.2,1
2017-12-30 04:00:00,2524.0,-11.7,0
2017-12-30 05:00:00,2352.7,-11.7,0
2017-12-30 06:00:00,2471.1,-11.7,0
2017-12-30 07:00:00,2522.0,-11.7,1
2017-12-30 08:00:00,2572.8,-11.7,1
2017-12-30 09:00:00,2623.7,-10.6,0
2017-12-30 10:00:00,2396.4,-9.4,0
2017-12-30 11:00:00,2339.9,-8.3,0
2017-12-30 12:00:00,2314.7,-7.8,0
2017-12-30 13:00:00,2409.6,-7.2,0
2017-12-30 14:00:00,2469.3,-8.3,0
2017-12-30 15:00:00,2464.6,-8.3,0
2017-12-30 16:00:00,2463.6,-8.3,0
2017-12-30 17:00:00,2441.1,-11.7,0
2017-12-30 18:00:00,2557.0,-12.2,0
2017-12-30 19:00:00,2600.7,-11.7,0
2017-12-30 20:00:00,2621.6,-10.6,1
2017-12-30 21:00:00,2642.5,-10.0,1
2017-12-30 22:00:00,2663.3,-10.0,0
2017-12-30 23:00:00,2413.8,-12.2,0
2017-12-31 00:00:00,2323.5,-12.8,0
2017-12-31 01:00:00,2423.4,-14.4,0
2017-12-31 02:00:00,2686.5,-16.1,0
2017-12-31 03:00:00,2661.9,-16.7,1
2017-12-31 04:00:00,2637.3,-17.8,1
2017-12-31 05:00:00,2612.7,-16.7,0
2017-12-31 06:00:00,2590.0,-16.7,0
2017-12-31 07:00:00,2731.1,-15.6,0
2017-12-31 08:00:00,2762.8,-15.6,1
2017-12-31 09:00:00,2794.5,-16.1,1
2017-12-31 10:00:00,2826.2,-15.6,1
2017-12-31 11:00:00,2857.9,-15.6,0
2017-12-31 12:00:00,2675.2,-16.0,0
2017-12-31 13:00:00,2669.2,-15.0,1
2017-12-31 14:00:00,2663.1,-15.0,1
2017-12-31 15:00:00,2657.1,-15.0,1
2017-12-31 16:00:00,2651.1,-15.0,0
2017-12-31 17:00:00,2611.8,-15.6,0
2017-12-31 18:00:00,2652.4,-16.1,1
2017-12-31 19:00:00,2693.1,-16.4,1
2017-12-31 20:00:00,2733.7,-16.7,1
2017-12-31 21:00:00,2774.3,-16.1,1
2017-12-31 22:00:00,2814.9,-15.6,0
2017-12-31 23:00:00,2640.1,-15.0,0
